code,cost,date_time,etc,gubun,h_code,incl_drugs,incl_goods,kind,kind_big,kind_mid,kind_small,max_cost,min_cost,name,pid
FZ690,60000,,,SFZ69001,N,N,N,신경계기능검사,행위,검사료,,,,주의력 검사(청각),1
FZ690,60000,,,SFZ690,N,N,N,신경계기능검사,행위,검사료,,,,주의력검사(시각),2
MZ004,50000,,,FMZ004,N,N,N,이학요법료,행위,이학요법료(물리치료료),,,,이명 재훈련 치료 / Tinnitus Retraining Therapy,3
OZ303,1000000,,,HZOZ00303,N,N,N,처치 및 수술료,행위,처치 및 수술료 등,,,,시아노아크릴레이트를 이용한 복재정맥 폐색술(유도료 포함) [편측],4
HD033,112475,,미용성형 목적 시 비급여대상(감면제외항목)(부가가치세별도),ROHD033(A~F),N,N,N,방사선치료료,행위,영상진단 및 방사선치료료,,,,치료 보조기구 -고정기구,5
HD032,243694,,미용성형 목적 시 비급여대상(감면제외항목)(부가가치세별도),ROHD032,N,N,N,방사선치료료,행위,영상진단 및 방사선치료료,,,,치료 보조기구 -보상체,6
HD031,69982,,미용성형 목적 시 비급여대상(감면제외항목)(부가가치세별도),ROHD03101,N,N,N,방사선치료료,행위,영상진단 및 방사선치료료,,,,치료 보조기구 -다엽콜리메이트,7
HD031,69982,,미용성형 목적 시 비급여대상(감면제외항목)(부가가치세별도),ROHD031,N,N,,방사선치료료,행위,영상진단 및 방사선치료료,,,,치료 보조기구 -차폐물,8
HD104,74987,,미용성형 목적 시 비급여대상(감면제외항목)(부가가치세별도),ROHD104,N,N,N,방사선치료료,행위,영상진단 및 방사선치료료,,,,전산화단층촬영 방사선치료계획(제2회부터) [1회당],9
HD103,124971,,미용성형 목적 시 비급여대상(감면제외항목)(부가가치세별도),ROHD103,N,N,N,방사선치료료,행위,영상진단 및 방사선치료료,,,,전산화단층촬영 방사선치료계획(제1회),10
HD102,24992,,미용성형 목적 시 비급여대상(감면제외항목)(부가가치세별도),ROHD102,N,N,N,방사선치료료,행위,영상진단 및 방사선치료료,,,,기본 체외조사 치료계획(제2회부터) [1회당],11
HD101,41239,,미용성형 목적 시 비급여대상(감면제외항목)(부가가치세별도),ROHD101,N,N,N,방사선치료료,행위,영상진단 및 방사선치료료,,,,기본 체외조사 치료계획(제1회),12
HD454,94545,,미용성형 목적 시 비급여대상(감면제외항목)(부가가치세별도),ROHD454,N,N,N,방사선치료료,행위,영상진단 및 방사선치료료,,,,기본 체외조사 5.0Gy이상[1회당],13
HD453,76824,,미용성형 목적 시 비급여대상(감면제외항목)(부가가치세별도),ROHD453,N,N,N,방사선치료료,행위,영상진단 및 방사선치료료,,,,기본 체외조사 2.5Gy 이상~5.0Gy미만[1회당],14
HD451,59092,,미용성형 목적 시 비급여대상(감면제외항목)(부가가치세별도),ROHD451,N,N,N,방사선치료료,행위,영상진단 및 방사선치료료,,,,기본 체외조사 2.5Gy미만[1회당],15
HZGS00200,3600000,,,HZGS00200,N,N,Y,처치 및 수술료,행위,치과 처치 및 수술료,,,,복강경 보조하 경항문 접근 직장 및 에스장 절제술,16
EZ829,90000,,,SZ11600,N,,,기능검사료(소화기 기능검사),행위,검사료,,,,간섬유화검사(Liver Fibroscan),17
FZ672,55000,,,SZ09701,N,,,기능 검사료(호흡기 기능검사),행위,검사료,,,,호기 산화질소 측정,18
56430,56430,,,LWD3730,N,,,내분비검사,행위,검사료,,,,항뮬러관호르몬[정밀면역검사],19
CZ5840000,63885,,,PWCZ815,N,N,N,병리검사료-사람유전자분리병리검사,행위,검사료,,,,사람유전자 분자병리검사-비유전성 유전자검사-메틸화특이중합효소연쇄반응,20
CZ202,17274,,,LWCZ202,N,,,내분비검사,행위,검사료,,,,성호르몬결합글로불린,21
EB401,15360,,급여 인정기준 외 실시한 경우 비급여,SEB401,N,,,기본초음파-단순초음파,행위,검사료,초음파 검사료,,,기본초음파-단순초음파(Ⅰ),22
EB402,30730,,급여 인정기준 외 실시한 경우 비급여,SEB402,N,,,기본초음파-단순초음파,행위,검사료,초음파 검사료,,,기본초음파-단순초음파(Ⅱ),23
EZ992,800000,,,SEZ992,N,,,초음파 검사료,행위,초음파 검사료,,,,내시경 초음파를 이용한 세침 흡인 세포 검사,24
EB458,219740,,,SEB458,N,,,초음파 검사료,행위,검사료,초음파 검사료,,,복부-소아 복부 초음파(만8세 미만),25
EZ9870000,800000,,,HZGT00700,N,N,N,초음파 검사료,행위,초음파 검사료,,,,진공보조 유방 생검시 유도 초음파,26
EB564020,409130,,,SEB564020,N,,,유도초음파-유도초음파,행위,검사료,초음파 검사료,,,유도초음파-(조영)유도초음파(Ⅳ),27
EB561,52450,,급여 인정기준 외 실시한 경우 비급여,SEB561,N,,,유도초음파-유도초음파,행위,검사료,초음파 검사료,,,유도초음파-유도초음파(Ⅰ),28
EB562,104900,,급여 인정기준 외 실시한 경우 비급여,SEB562,N,,,유도초음파-유도초음파,행위,검사료,초음파 검사료,,,유도초음파-유도초음파(Ⅱ),29
EB563,125890,,급여 인정기준 외 실시한 경우 비급여,SEB563,N,,,유도초음파-유도초음파,행위,검사료,초음파 검사료,,,유도초음파-유도초음파(Ⅲ),30
EB564,314710,,급여 인정기준 외 실시한 경우 비급여,SEB564,N,,,유도초음파-유도초음파,행위,검사료,초음파 검사료,,,유도초음파-유도초음파(Ⅳ),31
FY883,30000,,,SZ10900,N,,,기능 검사료(호흡기기능검사),행위,검사료,,,,정량적감각기능검사,32
EB447010,118960,,급여 인정기준 외 실시한 경우 비급여,SEB44701,N,N,N,진단초음파-복부,행위,검사료,초음파 검사료,,,진단초음파-(도플러)복부-항문초음파만 시행한 경우,33
EB414,90960,,급여 인정기준 외 실시한 경우 비급여,SEB414,N,N,N,진단초음파-두경부,행위,검사료,초음파 검사료,,,진단초음파-경부-갑상선·부갑상선,34
EB414001,45490,,급여 인정기준 외 실시한 경우 비급여,SEB41403,N,N,N,진단초음파/두경부-경부 초음파,행위,검사료,초음파 검사료,,,진단초음파-(제한적)경부-갑상선·부갑상선,35
EB415,90960,,급여 인정기준 외 실시한 경우 비급여,SEB415,N,N,N,진단초음파-두경부,행위,검사료,초음파 검사료,,,진단초음파-경부-갑상선·부갑상선 제외한 경부,36
EB415001,45490,,건강보험 기준외 비급여,SEB41503,N,N,N,진단초음파-두경부초음파,행위,검사료,초음파 검사료,,,진단초음파-경부-(제한적)갑상선·부갑상선 제외한 경부,37
EB466010,97660,,급여 인정기준 외 실시한 경우 비급여,SEB46601,N,N,N,"진단초음파-근골격,연부",행위,검사료,초음파 검사료,,,진단초음파-관절-(도플러)견관절(편측)Shoulder,38
EB465010,97660,,급여 인정기준 외 실시한 경우 비급여,SEB46501,N,N,N,"진단초음파-근골격,연부",행위,검사료,초음파 검사료,,,진단초음파-관절-(도플러)고관절(편측)Hip,39
EB469010,151500,,급여 인정기준 외 실시한 경우 비급여,SEB46901,N,N,N,"진단초음파-근골격,연부",행위,검사료,초음파 검사료,,,진단초음파-관절-(도플러)류마티스성질환3부위이상관절종합,40
EB462010,70790,,급여 인정기준 외 실시한 경우 비급여,SEB46201,N,N,N,"진단초음파-근골격,연부",행위,검사료,초음파 검사료,,,진단초음파-관절-(도플러)발가락(편측)Toe,41
EB468010,97660,,급여 인정기준 외 실시한 경우 비급여,SEB46801,N,N,N,"진단초음파-근골격,연부",행위,검사료,초음파 검사료,,,진단초음파-관절-(도플러)발목관절(편측)Ankle,42
EB461010,70790,,급여 인정기준 외 실시한 경우 비급여,SEB46101,N,N,N,"진단초음파-근골격,연부",행위,검사료,초음파 검사료,,,진단초음파-관절-(도플러)손가락(편측),43
EB467010,97660,,급여 인정기준 외 실시한 경우 비급여,SEB46701,N,N,N,"진단초음파-근골격,연부",행위,검사료,초음파 검사료,,,진단초음파-관절-(도플러)손목관절(편측)Wrist,44
EB464010,77990,,급여 인정기준 외 실시한 경우 비급여,SEB46401,N,N,N,"진단초음파-근골격,연부",행위,검사료,초음파 검사료,,,진단초음파-관절-(도플러)슬관절(편측)Knee,45
EB463010,77990,,급여 인정기준 외 실시한 경우 비급여,SEB46301,N,N,N,"진단초음파-근골격,연부",행위,검사료,초음파 검사료,,,진단초음파-관절-(도플러)주관절(편측)Elbow,46
EB466,88780,,급여 인정기준 외 실시한 경우 비급여,SEB466,N,N,N,"진단초음파-근골격,연부",행위,검사료,초음파 검사료,,,진단초음파-관절-견관절(편측)Shoulder,47
EB465,88780,,급여 인정기준 외 실시한 경우 비급여,SEB465,N,N,N,"진단초음파-근골격,연부",행위,검사료,초음파 검사료,,,진단초음파-관절-고관절(편측)Hip,48
EB469,137730,,급여 인정기준 외 실시한 경우 비급여,SEB469,N,N,N,"진단초음파-근골격,연부",행위,검사료,초음파 검사료,,,진단초음파-관절-류마티스성질환3부위이상관절종합,49
EB462,64350,,급여 인정기준 외 실시한 경우 비급여,SEB462,N,N,N,"진단초음파-근골격,연부",행위,검사료,초음파 검사료,,,진단초음파-관절-발가락(편측)Toe,50
EB468,88780,,급여 인정기준 외 실시한 경우 비급여,SEB468,N,N,N,"진단초음파-근골격,연부",행위,검사료,초음파 검사료,,,진단초음파-관절-발목관절(편측)Ankle,51
EB461,64350,,급여 인정기준 외 실시한 경우 비급여,SEB461,N,N,N,"진단초음파-근골격,연부",행위,검사료,초음파 검사료,,,진단초음파-관절-손가락(편측),52
EB467,88780,,급여 인정기준 외 실시한 경우 비급여,SEB467,N,N,N,"진단초음파-근골격,연부",행위,검사료,초음파 검사료,,,진단초음파-관절-손목관절(편측)Wrist,53
EB464,70040,,급여 인정기준 외 실시한 경우 비급여,SEB464,N,N,N,"진단초음파-근골격,연부",행위,검사료,초음파 검사료,,,진단초음파-관절-슬관절(편측)Knee,54
EB463,70900,,급여 인정기준 외 실시한 경우 비급여,SEB463,N,N,N,"진단초음파-근골격,연부",행위,검사료,초음파 검사료,,,진단초음파-관절-주관절(편측)Elbow,55
EB453010,98440,,급여 인정기준 외 실시한 경우 비급여,SEB45301,N,N,N,진단초음파-복부,행위,검사료,초음파 검사료,,,진단초음파-남성생식기-(도플러)음경 Penis,56
EB454010,98440,,급여 인정기준 외 실시한 경우 비급여,SEB45401,N,N,N,진단초음파-복부,행위,검사료,초음파 검사료,,,진단초음파-남성생식기-(도플러)음낭 Scrotum,57
EB452010,69660,,급여 인정기준 외 실시한 경우 비급여,SEB45201,N,N,N,진단초음파-복부,행위,검사료,초음파 검사료,,,진단초음파-남성생식기-(도플러)전립선·정낭(경복부로 실시),58
EB451010,125290,,급여 인정기준 외 실시한 경우 비급여,SEB45101,N,N,N,진단초음파-복부,행위,검사료,초음파 검사료,,,진단초음파-남성생식기-(도플러)전립선·정낭(경직장으로 실시),59
EB453,89490,,급여 인정기준 외 실시한 경우 비급여,SEB453,N,N,N,진단초음파-복부,행위,검사료,초음파 검사료,,,진단초음파-남성생식기-음경 Penis,60
EB454,89490,,급여 인정기준 외 실시한 경우 비급여,SEB454,N,N,N,진단초음파-복부,행위,검사료,초음파 검사료,,,진단초음파-남성생식기-음낭 Scrotum,61
EB452,63340,,급여 인정기준 외 실시한 경우 비급여,SEB452,N,N,N,진단초음파-복부,행위,검사료,초음파 검사료,,,진단초음파-남성생식기-전립선·정낭(경복부로 실시),62
EB451,113900,,급여 인정기준 외 실시한 경우 비급여,SEB451,N,N,N,진단초음파-복부,행위,검사료,초음파 검사료,,,진단초음파-남성생식기-전립선·정낭(경직장으로 실시),63
EB441010,132790,,급여 인정기준 외 실시한 경우 비급여,SEB44101,N,N,N,진단초음파-복부,행위,검사료,초음파 검사료,,,진단초음파-복부-(도플러)(일반)간·담낭·담도·비장·췌장,64
EB442010,197200,,급여 인정기준 외 실시한 경우 비급여,SEB44201,N,N,N,진단초음파-복부,행위,검사료,초음파 검사료,,,진단초음파-복부-(도플러)(정밀)간·담낭·담도·비장·췌장,65
EB445010,83750,,급여 인정기준 외 실시한 경우 비급여,SEB44501,N,N,N,진단초음파-복부,행위,검사료,초음파 검사료,,,진단초음파-복부-(도플러)서혜부 Inguinal region,66
EB444010,121300,,급여 인정기준 외 실시한 경우 비급여,SEB44401,N,N,N,진단초음파-복부,행위,검사료,초음파 검사료,,,진단초음파-복부-(도플러)소장·대장 Small Bowel·Colon,67
EB446010,142750,,급여 인정기준 외 실시한 경우 비급여,SEB44601,N,N,N,진단초음파-복부,행위,검사료,초음파 검사료,,,진단초음파-복부-(도플러)직장·항문 Rectum·Anus,68
EB443010,121200,,급여 인정기준 외 실시한 경우 비급여,SEB44301,N,N,N,진단초음파-복부,행위,검사료,초음파 검사료,,,진단초음파-복부-(도플러)충수 Appendix,69
EB441,120730,,급여 인정기준 외 실시한 경우 비급여,SEB441,N,N,N,진단초음파-복부,행위,검사료,초음파 검사료,,,진단초음파-복부-(일반)간·담낭·담도·비장·췌장,70
EB442,179280,,급여 인정기준 외 실시한 경우 비급여,SEB442,N,N,N,진단초음파-복부,행위,검사료,초음파 검사료,,,진단초음파-복부-(정밀)간·담낭·담도·비장·췌장,71
EB441020,155030,,급여 인정기준 외 실시한 경우 비급여,SEB44102,N,N,N,진단초음파-복부,행위,검사료,초음파 검사료,,,진단초음파-복부-(조영)(일반)간·담낭·담도·비장·췌장,72
EB442020,233050,,급여 인정기준 외 실시한 경우 비급여,SEB44202,N,N,N,진단초음파-복부,행위,검사료,초음파 검사료,,,진단초음파-복부-(조영)(정밀)간·담낭·담도·비장·췌장,73
EB445,76140,,급여 인정기준 외 실시한 경우 비급여,SEB445,N,N,N,진단초음파-복부,행위,검사료,초음파 검사료,,,진단초음파-복부-서혜부 Inguinal region,74
EB444,110280,,급여 인정기준 외 실시한 경우 비급여,SEB444,N,N,N,진단초음파-복부,행위,검사료,초음파 검사료,,,진단초음파-복부-소장·대장 Small Bowel·Colon,75
EB446,129780,,급여 인정기준 외 실시한 경우 비급여,SEB446,N,N,N,진단초음파-복부,행위,검사료,초음파 검사료,,,진단초음파-복부-직장·항문 Rectum·Anus,76
EB443,110190,,급여 인정기준 외 실시한 경우 비급여,SEB443,N,N,N,진단초음파-복부,행위,검사료,초음파 검사료,,,진단초음파-복부-충수 Appendix,77
EB447,108140,,급여 인정기준 외 실시한 경우 비급여,SEB447,N,N,N,진단초음파-복부,행위,검사료,초음파 검사료,,,진단초음파-복부-항문초음파만 시행한 경우,78
EB416,60090,,급여 인정기준 외 실시한 경우 비급여,SEB416,N,N,N,진단초음파-흉부,행위,검사료,초음파 검사료,,,진단초음파-비·부비동 초음파,79
EB449010,96540,,급여 인정기준 외 실시한 경우 비급여,SEB44901,N,N,N,진단초음파-복부,행위,검사료,초음파 검사료,,,진단초음파-비뇨기계-(도플러)신장·부신,80
EB448010,106830,,급여 인정기준 외 실시한 경우 비급여,SEB44801,N,N,N,진단초음파-복부,행위,검사료,초음파 검사료,,,진단초음파-비뇨기계-(도플러)신장·부신·방광,81
EB450010,87090,,급여 인정기준 외 실시한 경우 비급여,SEB45001,N,N,N,진단초음파-복부,행위,검사료,초음파 검사료,,,진단초음파-비뇨기계-방광 Bladder(도플러),82
EB450,79160,,급여 인정기준 외 실시한 경우 비급여,SEB450,N,N,N,진단초음파-복부,행위,검사료,초음파 검사료,,,진단초음파-비뇨기계-방광 Bladder,83
EB449,87760,,급여 인정기준 외 실시한 경우 비급여,SEB449,N,N,N,진단초음파-복부,행위,검사료,초음파 검사료,,,진단초음파-비뇨기계-신장·부신,84
EB448,97110,,급여 인정기준 외 실시한 경우 비급여,SEB448,N,N,N,진단초음파-복부,행위,검사료,초음파 검사료,,,진단초음파-비뇨기계-신장·부신·방광,85
EB501,195430,,급여 인정기준 외 실시한 경우 비급여,SEB501,N,N,N,진단초음파-신경,행위,검사료,초음파 검사료,,,진단초음파-신경-(만1세미만소아 경천문 뇌)중추신경계,86
EB502,195430,,급여 인정기준 외 실시한 경우 비급여,SEB502,N,N,N,진단초음파-신경,행위,검사료,초음파 검사료,,,진단초음파-신경-(만1세미만소아 척수)중추신경계,87
EB504,152050,,급여 인정기준 외 실시한 경우 비급여,SEB504,N,N,N,진단초음파-신경,행위,검사료,초음파 검사료,,,진단초음파-신경-(사지신경 종합검사)말초신경 초음파,88
EB503,58290,,급여 인정기준 외 실시한 경우 비급여,SEB503,N,N,N,진단초음파-신경,행위,검사료,초음파 검사료,,,진단초음파-신경-말초신경 초음파(편측),89
EB431,110740,,급여 인정기준 외 실시한 경우 비급여,SEB431,N,N,N,진단초음파-심장,행위,검사료,초음파 검사료,,,진단초음파-심장-(단순)경흉부심초음파,90
EB430,104880,,급여 인정기준 외 실시한 경우 비급여,SEB430,N,N,N,진단초음파-심장,행위,검사료,초음파 검사료,,,진단초음파-심장-(선천성심질환에검사별도산정)경흉부심초음파,91
EB434,515510,,급여 인정기준 외 실시한 경우 비급여,SEB434,N,N,N,진단초음파-심장,행위,검사료,초음파 검사료,,,진단초음파-심장-(약물)부하심초음파,92
EB435,490150,,급여 인정기준 외 실시한 경우 비급여,SEB435,N,N,N,진단초음파-심장,행위,검사료,초음파 검사료,,,진단초음파-심장-(운동)부하심초음파,93
EB432,174790,,급여 인정기준 외 실시한 경우 비급여,SEB432,N,N,N,진단초음파-심장,행위,검사료,초음파 검사료,,,진단초음파-심장-(일반)경흉부심초음파,94
EB433,254860,,급여 인정기준 외 실시한 경우 비급여,SEB433,N,N,N,진단초음파-심장,행위,검사료,초음파 검사료,,,진단초음파-심장-(전문)경흉부심초음파,95
EB436,382980,,급여 인정기준 외 실시한 경우 비급여,SEB436,N,N,N,진단초음파-심장,행위,검사료,초음파 검사료,,,진단초음파-심장-태아정밀 심초음파,96
EB411,90630,,급여 인정기준 외 실시한 경우 비급여,SEB411,N,N,N,진단초음파-두경부,행위,검사료,초음파 검사료,,,진단초음파-안-안구,97
EB412,90630,,급여 인정기준 외 실시한 경우 비급여,SEB412,N,N,N,진단초음파-두경부,행위,검사료,초음파 검사료,,,진단초음파-안-안와,98
EB455010,112660,,급여 인정기준 외 실시한 경우 비급여,SEB45501,N,N,N,진단초음파-복부,행위,검사료,초음파 검사료,,,진단초음파-여성생식기-(도플러)일반,99
EB457010,165080,,급여 인정기준 외 실시한 경우 비급여,SEB45701,N,N,N,진단초음파-복부,행위,검사료,초음파 검사료,,,진단초음파-여성생식기-(도플러)정밀,100
EB455,102410,,급여 인정기준 외 실시한 경우 비급여,SEB455,N,N,N,진단초음파-복부,행위,검사료,초음파 검사료,,,진단초음파-여성생식기-일반,101
EB456,131010,,급여 인정기준 외 실시한 경우 비급여,SEB456,N,N,N,진단초음파-복부,행위,검사료,초음파 검사료,,,진단초음파-여성생식기-자궁내생리식염수를 주입하여 검사한 경우,102
EB457,150080,,급여 인정기준 외 실시한 경우 비급여,SEB457,N,N,N,진단초음파-복부,행위,검사료,초음파 검사료,,,진단초음파-여성생식기-정밀,103
EB470010,70790,,급여 인정기준 외 실시한 경우 비급여,SEB47001,N,N,N,"진단초음파-근골격,연부",행위,검사료,초음파 검사료,,,진단초음파-연부조직-(도플러)일반,104
EB471010,90930,,급여 인정기준 외 실시한 경우 비급여,SEB47101,N,N,N,"진단초음파-근골격,연부",행위,검사료,초음파 검사료,,,진단초음파-연부조직-(도플러)정밀,105
EB470,64350,,급여 인정기준 외 실시한 경우 비급여,SEB470,N,N,N,"진단초음파-근골격,연부",행위,검사료,초음파 검사료,,,진단초음파-연부조직-일반,106
EB471,82660,,급여 인정기준 외 실시한 경우 비급여,SEB471,N,N,N,"진단초음파-근골격,연부",행위,검사료,초음파 검사료,,,진단초음파-연부조직-정밀,107
EB516,147580,,급여 인정기준 외 실시한 경우 비급여,SEB516,N,N,N,진단초음파-임산부,행위,검사료,초음파 검사료,,,"진단초음파-임산부-(고위험임신)제2,3삼분기",108
EB514,183530,,급여 인정기준 외 실시한 경우 비급여,SEB514,N,N,N,진단초음파-임산부,행위,검사료,초음파 검사료,,,진단초음파-임산부-(기형아정밀계측)제1삼분기,109
EB518,285010,,급여 인정기준 외 실시한 경우 비급여,SEB518,N,N,N,진단초음파-임산부,행위,검사료,초음파 검사료,,,"진단초음파-임산부-(기형아정밀계측)제2,3삼분기",110
EB511010,88210,,급여 인정기준 외 실시한 경우 비급여,SEB51103,N,N,N,진단초음파-임산부,행위,검사료,초음파 검사료,,,진단초음파-임산부-(도플러)(일반)제1삼분기,111
EB511,80200,,급여 인정기준 외 실시한 경우 비급여,SEB511,N,N,N,진단초음파-임산부,행위,검사료,초음파 검사료,,,진단초음파-임산부-(일반)제1삼분기,112
EB515,113530,,급여 인정기준 외 실시한 경우 비급여,SEB515,N,N,N,진단초음파-임산부,행위,검사료,초음파 검사료,,,"진단초음파-임산부-(일반)제2,3삼분기",113
EB512,54430,,급여 인정기준 외 실시한 경우 비급여,SEB512,N,N,N,진단초음파-임산부,행위,검사료,초음파 검사료,,,진단초음파-임산부-(임신여부만 확인)제1삼분기,114
EB513,143110,,급여 인정기준 외 실시한 경우 비급여,SEB513,N,N,N,진단초음파-임산부,행위,검사료,초음파 검사료,,,진단초음파-임산부-(정밀)제1삼분기,115
EB517,243290,,급여 인정기준 외 실시한 경우 비급여,SEB517,N,N,N,진단초음파-임산부,행위,검사료,초음파 검사료,,,"진단초음파-임산부-(정밀)제2,3삼분기",116
EB482,109080,,급여 인정기준 외 실시한 경우 비급여,SEB482,N,N,N,진단초음파-혈관,행위,검사료,초음파 검사료,,,진단초음파-혈관-(경동맥)두개외 혈관 도플러,117
EB483,57250,,급여 인정기준 외 실시한 경우 비급여,SEB483,N,N,N,진단초음파-혈관,행위,검사료,초음파 검사료,,,진단초음파-혈관-(기타 동맥)두개외 혈관 도플러,118
EB486,45240,,급여 인정기준 외 실시한 경우 비급여,SEB486,N,N,N,진단초음파-혈관,행위,검사료,초음파 검사료,,,진단초음파-혈관-(동정맥루의 혈류 및 협착 측정)사지혈관 도플러,119
EB484,87880,,급여 인정기준 외 실시한 경우 비급여,SEB484,N,N,N,진단초음파-혈관,행위,검사료,초음파 검사료,,,진단초음파-혈관-(상지-동맥)사지혈관 도플러,120
EB485,87880,,급여 인정기준 외 실시한 경우 비급여,SEB485,N,N,N,진단초음파-혈관,행위,검사료,초음파 검사료,,,진단초음파-혈관-(상지-정맥)사지혈관 도플러,121
EB489,156290,,급여 인정기준 외 실시한 경우 비급여,SEB489,N,N,N,진단초음파-혈관,행위,검사료,초음파 검사료,,,진단초음파-혈관-(하지 정맥류 검사를 실시)사지혈관 도플러,122
EB487,139160,,급여 인정기준 외 실시한 경우 비급여,SEB487,N,N,N,진단초음파-혈관,행위,검사료,초음파 검사료,,,진단초음파-혈관-(하지-동맥)사지혈관 도플러,123
EB488,139160,,급여 인정기준 외 실시한 경우 비급여,SEB488,N,N,N,진단초음파-혈관,행위,검사료,초음파 검사료,,,진단초음파-혈관-(하지-정맥)사지혈관 도플러,124
EB481,127780,,급여 인정기준 외 실시한 경우 비급여,SEB481,N,N,N,진단초음파-혈관,행위,검사료,초음파 검사료,,,진단초음파-혈관-뇌혈류,125
EB490,84760,,급여 인정기준 외 실시한 경우 비급여,SEB490,N,N,N,진단초음파-혈관,행위,검사료,초음파 검사료,,,진단초음파-혈관-대동맥 도플러,126
EB422010,93280,,급여 인정기준 외 실시한 경우 비급여,SEB42201,N,N,N,진단초음파-흉부,행위,검사료,초음파 검사료,,,진단초음파-흉부-(도플러)유방·액와부 제외한 흉부 초음파,127
EB421010,134860,,급여 인정기준 외 실시한 경우 비급여,SEB42101,N,N,N,진단초음파-흉부,행위,검사료,초음파 검사료,,,진단초음파-흉부-(도플러)유방·액와부 초음파,128
EB422,84790,,급여 인정기준 외 실시한 경우 비급여,SEB422,N,N,N,진단초음파-흉부,행위,검사료,초음파 검사료,,,진단초음파-흉부-유방·액와부 제외한 흉부 초음파,129
EB421,122600,,급여 인정기준 외 실시한 경우 비급여,SEB421,N,N,N,진단초음파-흉부,행위,검사료,초음파 검사료,,,진단초음파-흉부-유방·액와부 초음파,130
,90000,,,SZ08200,N,,,초음파 검사료,행위,초음파 검사료,,,,초음파영상-검사 유도목적 초음파하양수천자술,131
,30000,,,SZ09301,N,,,초음파 검사료,행위,초음파 검사료,,,,"초음파영상-검사 유도목적/근골격계초음파,간단",132
,120000,,,SZ09302,N,,,초음파 검사료,행위,초음파 검사료,,,,"초음파영상-검사 유도목적/근골격계초음파,복잡",133
EZ991,400000,,,SZ09401,N,N,N,초음파 검사료,행위,검사료,초음파 검사료,,,특수초음파-기관지내시경초음파/기관지내시경초음파검사,134
EZ991,650000,,재료대별도산정,SZ09402,N,N,N,초음파 검사료,행위,검사료,초음파 검사료,,,특수초음파-기관지내시경초음파/기관지내시경초음파를 이용한 세침흡인술,135
,200000,,,SZ06201,N,,,초음파 검사료,행위,초음파 검사료,,,,특수초음파-내시경초음파/초음파 내시경검사,136
,250000,,,SZ06202,N,,,초음파 검사료,행위,초음파 검사료,,,,특수초음파-내시경초음파/초음파 내시경검사 [Miniprobe 이용],137
,80000,,,SZ06302,N,,,초음파 검사료,행위,초음파 검사료,,,,특수초음파-내시경초음파/초음파 내시경검사 직장 [중부],138
,40000,,,SZ06304,N,,,초음파 검사료,행위,초음파 검사료,,,,특수초음파-내시경초음파/초음파 내시경검사(항문),139
EB610,104880,,급여 인정기준 외 실시한 경우 비급여,SEB610,N,N,N,특수초음파-심장,행위,검사료,초음파 검사료,,,특수초음파-심장-(선천성심질환에검사 별도산정)경식도 심초음파,140
EB611,487710,,급여 인정기준 외 실시한 경우 비급여,SEB611,N,N,N,특수초음파-심장,행위,검사료,초음파 검사료,,,특수초음파-심장-경식도 심초음파,141
EB612,536490,,급여 인정기준 외 실시한 경우 비급여,SEB612,N,N,N,특수초음파-심장,행위,검사료,초음파 검사료,,,특수초음파-심장-심장내 초음파,142
EZ994,200000,,,RHZ00100,N,,,초음파 검사료,행위,초음파 검사료,,,,특수초음파-혈관내초음파,143
,470564,,,LWZ0014,N,,,검사료,행위,검사료,,,,CHROMOSOM(AF)양수검사,144
EZ775,50000,,,HZOS00300,N,,,"기능 검사료(외피, 근골 기능 검사)",행위,검사료,,,,관절계를 이용한 무릎관절인대검사,145
E7801,50000,,,SE7801,N,,,기능검사료(시기능검사),행위,검사료,,,,눈의 계측검사[편측]-레이저 간섭계 이용,146
E7800,50000,,,SE7800,N,,,기능검사료(시기능검사),행위,검사료,,,,눈의 계측검사[편측]-초음파 이용 by Ultrasonography,147
FZ702,523660,,,SZ10806,N,Y,Y,검사료,행위,검사료,,,,다중수면잠복기검사,148
EZ868,30000,,,SZ07201,N,,,기능검사료(순환기 기능검사),행위,검사료,,,,동맥경화도검사(맥파전달속도측정)-초음파 동맥경화협착폐색검사 [1부위],149
EZ868,50000,,,SZ0098,N,,,기능검사료(순환기 기능검사),행위,검사료,,,,동맥경화도검사(맥파전달속도측정)-초음파 동맥경화협착폐색검사 [2부위],150
FZ731,50000,,,FZ00300,N,,,기능 검사료(평형 및 청각 기능검사),행위,검사료,,,,동적체평형검사,151
FZ688,50000,,,SZ10802,N,,,기능 검사료(신경계기능검사),행위,검사료,,,,발음 및 발성검사,152
FZ733,100000,,,SZ01503,N,N,N,기능 검사료(평형 및 청각 기능검사),행위,검사료,,,,비디오전기안진검사-비디오 전기 안진 안구 운동검사 [정밀],153
FZ733,50000,,,SZ01601,N,,,기능 검사료(평형 및 청각 기능검사),행위,검사료,,,,비디오전기안진검사-비디오 전기 안진 자발안진검사(Spontaneous Nystagmus),154
FZ733,50000,,,SZ01602,N,N,N,기능 검사료(평형 및 청각 기능검사),행위,검사료,,,,비디오전기안진검사-비디오 전기 안진검사 급속안구운동(단속운동검사:Saccade test),155
FZ733,31010,,,SZ01701,N,,,기능 검사료(평형 및 청각 기능검사),행위,검사료,,,,"비디오전기안진검사-비디오 전기 안진검사, 두진(두위안진검사 :Positional test)",156
FZ733,50000,,,SZ01604,N,,,기능 검사료(평형 및 청각 기능검사),행위,검사료,,,,"비디오전기안진검사-비디오 전기 안진검사, 시표추적 (시추적검:Smooth pursuit test)",157
FZ733,31010,,,SZ01702,N,,,기능 검사료(평형 및 청각 기능검사),행위,검사료,,,,"비디오전기안진검사-비디오 전기 안진검사, 주시 (주시안진검사:Gaze nystagmus)",158
FZ733,51800,,,SZ01704,N,,,기능 검사료(평형 및 청각 기능검사),행위,검사료,,,,"비디오전기안진검사-비디오 전기 안진검사, 체위변환(체위변환 , 두위변환검사: Dix-Hallpike test , Positioning test)",159
FZ733,31010,,,SZ01707,N,,,기능 검사료(평형 및 청각 기능검사),행위,검사료,,,,비디오전기안진검사-비디오 전기 온도안진검사 (냉온교대 Caloric test),160
FZ733,27000,,,SZ01708,N,,,기능 검사료(평형 및 청각 기능검사),행위,검사료,,,,비디오전기안진검사-비디오 전기 온도안진검사 (단일:Caloric test),161
FZ733,103500,,,SZ01705,N,,,기능 검사료(평형 및 청각 기능검사),행위,검사료,,,,"비디오전기안진검사/비디오 전기 안진검사, 체위변환 및 이석 정복술(체(두)위변환 및 이석치환술 :Otolith-repositioning procedure)",162
FZ732,50000,,,SZ01710,N,,,기능 검사료(평형 및 청각 기능검사),행위,검사료,,,,비디오전기안진검사시운동성안진및운동후(시운동성안진 및 후안진 검사Optokinetic nystagmus and Optokinetic after-Nystgmus),163
FZ732,50000,,,SZ01710,N,,,기능검사료,행위,검사료,,,,비디오전기안진검사시운동성안진및운동후(시운동성안진 및 후안진 검사Optokinetic nystagmus and Optokinetic after-Nystgmus),164
F6290,671400,,,SF6290,N,Y,Y,기능검사,행위,검사료,,,,수면다원검사,165
EZ796,50000,,급여 인정기준 외 실시한 경우 비급여,SEZ796,N,,,기능검사료(시기능검사),행위,검사료,,,,안구광학단층촬영OCT [편측],166
3Z2610000(심평원코드),860564,,,SZ03200+LWZ0014+SZ08200,N,,,양수염색체검사,행위,검사료,,,,양수염색체검사료,167
FZ689,45000,,,SZ11500,N,,,기능 검사료(신경계기능검사),행위,검사료,,,,언어전반진단검사,168
CZ394,25000,,,LZ00900,N,,,검체검사료,행위,검사료,,,,인플루엔자 A·B 바이러스항원검사 [현장검사],169
CZ977,1000000,,재료대별도산정,SCZ00200,N,,N,내시경 천자 및 생검료,행위,검사료,,,,입체적 유방절제생검술,170
EZ886,25000,,,SZ04700,N,,,,행위,검사료,,,,자궁경부확대촬영검사,171
SZ11201,30000,,,SZ11201,N,,,기능 검사료(신경계기능검사),행위,검사료,,,,자율신경계이상검사(발살바법),172
SZ11200,30000,,,SZ11200,N,,,기능 검사료(신경계기능검사),행위,검사료,,,,자율신경계이상검사(심박변이도검사),173
FY7130000,35000,,,SZ11302,N,N,N,기능검사료(신경계기능검사)-증상 및 행동평가척도-우울척도[신경증우울평가],행위,검사료,,,,신경증 우울평가,174
FY7390000,30000,,,SZ11303,N,N,N,기능검사료(신경계기능검사)-증상및 행동평가척도-기타[한국판성격평가척도(KPAI)],행위,검사료,,,,한국판 성격평가척도,175
EZ776,50000,,,SZ05103,N,,,"기능 검사료(외피, 근골 기능 검사)",행위,검사료,,,,적외선체열진단 [경추 및 상지],176
EZ776,50000,,,SZ05103,N,,,"기능 검사료(외피, 근골 기능 검사)",행위,검사료,,,,적외선체열진단 [경추 및 상지],177
EZ776,50000,,,SZ05109,N,,,"기능 검사료(외피, 근골 기능 검사)",행위,검사료,,,,적외선체열진단 [기타],178
EZ776,50000,,,SZ05101,N,,,"기능 검사료(외피, 근골 기능 검사)",행위,검사료,,,,적외선체열진단 [두부 및 부비동],179
EZ776,50000,,,SZ05104,N,,,"기능 검사료(외피, 근골 기능 검사)",행위,검사료,,,,적외선체열진단 [요천추 및 하지],180
EZ776,100000,,,SZ05110,N,,,"기능 검사료(외피, 근골 기능 검사)",행위,검사료,,,,적외선체열진단 [전신],181
EZ776,50000,,,SZ05108,N,,,"기능 검사료(외피, 근골 기능 검사)",행위,검사료,,,,적외선체열진단 [족부],182
EZ776,50000,,,SZ05105,N,,,"기능 검사료(외피, 근골 기능 검사)",행위,검사료,,,,적외선체열진단 [흉추],183
SZ11202,100000,,,SZ11202,N,,,기능 검사료(신경계기능검사),행위,검사료,,,,정량적 발한 축삭 반사검사,184
EA001,58340,,,SEA001,N,,,"내시경, 천자 및 생검료",행위,검사료,,,,진정내시경 환자관리료Ⅰ,185
EA002,84660,,,SEA002,N,,,"내시경, 천자 및 생검료",행위,검사료,,,,진정내시경 환자관리료Ⅱ,186
EA003,129750,,,SEA003,N,,,"내시경, 천자 및 생검료",행위,검사료,,,,진정내시경 환자관리료Ⅲ,187
EA004,179440,,,SEA004,N,,,"내시경, 천자 및 생검료",행위,검사료,,,,진정내시경 환자관리료Ⅳ,188
EZ919,10000,,,JM0088T,N,,,,행위,검사료,,,,"타액검사[분비율, 점조도, PH, 완충기능검사]",189
CZ425,17276,,Anti GD1b Ab IgG,LWZ0005,N,,,검사료,행위,검사료,,,,항GD1b항체 [IgG],190
CZ425,17276,,Anti GD1b Ab IgM,LWZ0006,N,,,검사료,행위,검사료,,,,항GD1b항체 [IgM],191
CZ261,17275,,Anti GM1 Ab IgG,LWZ0002,N,,,검사료,행위,검사료,,,,항GM1항체 [IgG],192
CZ262,17276,,Anti GM1 Ab IgM,LWZ0003,N,,,검사료,행위,검사료,,,,항GM1항체 [IgM],193
FZ732,90000,,,SZ01709,N,,,기능 검사료(평형 및 청각 기능검사),행위,검사료,,,,"회전검사 [회전의자검사(정현파회전 및 등속회전검사,Rotatory Chair Test)]",194
FZ671,20000,,,SZ09700,N,,,기능검사료,행위,검사료,,,,후각기능검사(인지및역치),195
ABZ010001,,,"병실차액(100,000원) + 병원 등급별 기본입원료/　호스피스,자보(기존)병실차액만 산정/",A2Z00102+A2Z0010201~13,N,,,상급병실료,행위,기본진료료,상급병실차액,342350,195810,1인실 입원료,196
,295810,,"(기존) 병실차액(200,000원) + 각 병원 등급별 기본입원료/호스피스 자보는 (기존)병실차액만 산정","A2Z00101,A2Z0010101-13",N,,,상급병실료,행위,기본진료료,상급병실차액,442350,,특별병실 입원료,197
AZ001,20000,,,HZGT00102,N,,,교육상담료,행위,기본진료료,,,,교육 및 상담료[당뇨병 교육],198
NZ009,,,"Ⅰ:25분이내 , Ⅱ50분 이내","GZ00900,GZ0090001",N,,N,정신요법료,행위,정신요법료,,50000,30000,기타 행동치료-신경발달중재치료Ⅰ-Ⅱ,199
NZ010,,,"Ⅰ:25분이내 , Ⅱ50분 이내","GZ01000,GZ010001",N,N,N,정신요법료,행위,정신요법료,,50000,30000,기타 행동치료-심리적 재활중재치료Ⅰ Ⅱ,200
NZ011,,,"Ⅰ:25분이내 , Ⅱ50분 이내","GZ01100,GZ0110001",N,,,정신요법료,행위,정신요법료,,10000,50000,"기타 행동치료-정신 분석적 정신치료Ⅰ,Ⅱ",201
HF105+HB021,390070,,급여 인정기준 외 실시한 경우 비급여/PACS영상저장및전송비용 포함,RMHF105,N,,,MRI-특수검사,행위,영상진단 및 방사선 치료료,자기공명영상진단료(MRI),,,Dynamic,202
HI227+HJ227+HB021,513680,,조영제 별도산정/급여 인정기준 외 실시한 경우 비급여/PACS영상저장및전송비용 포함,RMHI22702,N,N,N,복부-복부,행위,영상진단 및 방사선 치료료,자기공명영상진단료(MRI),,,MRI Abdomen 조영제사용 [테슬라1.5-3.0미만+품질관리적합],203
HI227+HJ227+HB021,544160,,조영제 별도산정/급여 인정기준 외 실시한 경우 비급여/PACS영상저장및전송비용 포함,RMHI2270,N,N,N,복부-복부,행위,영상진단 및 방사선 치료료,자기공명영상진단료(MRI),,,MRI Abdomen 조영제사용 [테슬라3.0이상+품질관리적합],204
HI127+HJ127+HB021,387700,,급여 인정기준 외 실시한 경우 비급여/PACS영상저장및전송비용 포함,RMHI12702,N,N,N,복부-복부,행위,영상진단 및 방사선 치료료,자기공명영상진단료(MRI),,,MRI Abdomen　[테슬라1.5-3.0미만+품질관리적합],205
HI127+HJ127+HB021,410620,,급여 인정기준 외 실시한 경우 비급여/PACS영상저장및전송비용 포함,RMHI12703,N,N,N,복부-복부,행위,영상진단 및 방사선 치료료,자기공명영상진단료(MRI),,,MRI Abdomen　[테슬라3.0이상+품질관리적합],206
HI238+HJ238+HB021,515250,,조영제 별도산정/급여 인정기준 외 실시한 경우 비급여/PACS영상저장및전송비용 포함,RMHI23802,N,N,N,혈관-복부혈관,행위,영상진단 및 방사선 치료료,자기공명영상진단료(MRI),,,MRI Abdominal Angio 조영제사용[테슬라1.5-3.0미만+품질관리적합],207
HI238+HJ238+HB021,545800,,조영제 별도산정/급여 인정기준 외 실시한 경우 비급여/PACS영상저장및전송비용 포함,RMHI23803,N,N,N,혈관-복부혈관,행위,영상진단 및 방사선 치료료,자기공명영상진단료(MRI),,,MRI Abdominal Angio 조영제사용[테슬라3.0이상+품질관리적합],208
HI138+HJ138+HB021,388750,,급여 인정기준 외 실시한 경우 비급여/PACS영상저장및전송비용 포함,RMHI13802,N,N,N,혈관-복부혈관,행위,영상진단 및 방사선 치료료,자기공명영상진단료(MRI),,,MRI Abdominal Angio　[테슬라1.5-3.0미만+품질관리적합],209
HI138+HJ138+HB021,411750,,급여 인정기준 외 실시한 경우 비급여/PACS영상저장및전송비용 포함,RMHI13803,N,N,N,혈관-복부혈관,행위,영상진단 및 방사선 치료료,자기공명영상진단료(MRI),,,MRI Abdominal Angio　[테슬라3.0이상+품질관리적합],210
HI126+HJ126+HB021,387700,,급여 인정기준 외 실시한 경우 비급여/PACS영상저장및전송비용 포함,RMHI12602,N,N,N,흉부-유방,행위,영상진단 및 방사선 치료료,자기공명영상진단료(MRI),,,MRI Breast [테슬라1.5-3.0미만+품질관리적합],211
HI226+HJ226+HB021,513720,,조영제 별도산정/급여 인정기준 외 실시한 경우 비급여/PACS영상저장및전송비용 포함,RMHI22602,N,N,N,흉부-유방,행위,영상진단 및 방사선 치료료,자기공명영상진단료(MRI),,,MRI Breast 조영제사용 [테슬라1.5-3.0미만+품질관리적합],212
HI126+HJ126+HB021,410620,,급여 인정기준 외 실시한 경우 비급여/PACS영상저장및전송비용 포함,RMHI12603,N,N,N,흉부-유방,행위,영상진단 및 방사선 치료료,자기공명영상진단료(MRI),,,MRI Breast　[테슬라3.0이상+품질관리적합],213
HI226+HJ226+HB021,544190,,조영제 별도산정/급여 인정기준 외 실시한 경우 비급여/PACS영상저장및전송비용 포함,RMHI22603,N,N,N,흉부-유방,행위,영상진단 및 방사선 치료료,자기공명영상진단료(MRI),,,MRI Breast　조영제사용 [테슬라3.0이상+품질관리적합],214
HI125+HJ125+HB021,387700,,급여 인정기준 외 실시한 경우 비급여/PACS영상저장및전송비용 포함,RMHI12502,N,N,N,흉부-흉부,행위,영상진단 및 방사선 치료료,자기공명영상진단료(MRI),,,MRI Chest [테슬라1.5-3.0미만+품질관리적합],215
HI225+HJ225+HB021,513720,,조영제 별도산정/급여 인정기준 외 실시한 경우 비급여/PACS영상저장및전송비용 포함,RMHI22502,N,N,N,흉부-흉부,행위,영상진단 및 방사선 치료료,자기공명영상진단료(MRI),,,MRI Chest 조영제사용 [테슬라1.5-3.0미만+품질관리적합],216
HI225+HJ225+HB021,544190,,조영제 별도산정/급여 인정기준 외 실시한 경우 비급여/PACS영상저장및전송비용 포함,RMHI22503,N,N,N,흉부-흉부,행위,영상진단 및 방사선 치료료,자기공명영상진단료(MRI),,,MRI Chest 조영제사용 [테슬라3.0이상+품질관리적합],217
HI125+HJ125+HB021,410620,,급여 인정기준 외 실시한 경우 비급여/PACS영상저장및전송비용 포함,RMHI12503,N,N,N,흉부-흉부,행위,영상진단 및 방사선 치료료,자기공명영상진단료(MRI),,,MRI Chest　[테슬라3.0이상+품질관리적합],218
HI233+HJ233+HB021,513680,,급여 인정기준 외 실시한 경우 비급여/PACS영상저장및전송비용 포함,RMHI23302,N,Y,Y,복부-담췌관,행위,영상진단 및 방사선 치료료,자기공명영상진단료(MRI),,,MRI Cholangiogram 조영제사용[테슬라1.5-3.0미만+품질관리적합] +도타렘조영제 포함,219
HI233+HJ233+HB021,544160,,급여 인정기준 외 실시한 경우 비급여/PACS영상저장및전송비용 포함,RMHI23303,N,Y,Y,복부-담췌관,행위,영상진단 및 방사선 치료료,자기공명영상진단료(MRI),,,MRI Cholangiogram 조영제사용[테슬라3.0이상+품질관리적합]+도타렘조영제 포함,220
HI133+HJ133+HB021,387700,,급여 인정기준 외 실시한 경우 비급여/PACS영상저장및전송비용 포함,RMHI13302,N,N,N,복부-담췌관,행위,영상진단 및 방사선 치료료,자기공명영상진단료(MRI),,,MRI Cholangiogram　[테슬라1.5-3.0미만+품질관리적합],221
HI133+HJ133+HB021,410620,,급여 인정기준 외 실시한 경우 비급여/PACS영상저장및전송비용 포함,RMHI13303,N,N,N,복부-담췌관,행위,영상진단 및 방사선 치료료,자기공명영상진단료(MRI),,,MRI Cholangiogram　[테슬라3.0이상+품질관리적합],222
HI230+HJ230+HB021,513680,,조영제 별도산정/급여 인정기준 외 실시한 경우 비급여/PACS영상저장및전송비용 포함,RMHI23002,N,N,N,복부-신장 및 부신,행위,영상진단 및 방사선 치료료,자기공명영상진단료(MRI),,,MRI Kidney and Adrenal 조영제사용 [테슬라1.5-3.0미만+품질관리적합],223
HI230+HJ230+HB021,544160,,조영제 별도산정/급여 인정기준 외 실시한 경우 비급여/PACS영상저장및전송비용 포함,RMHI23003,N,N,N,복부-신장 및 부신,행위,영상진단 및 방사선 치료료,자기공명영상진단료(MRI),,,MRI Kidney and Adrenal 조영제사용 [테슬라3.0이상+품질관리적합],224
HI130+HJ130+HB021,387700,,급여 인정기준 외 실시한 경우 비급여/PACS영상저장및전송비용 포함,RMHI13002,N,N,N,복부-신장 및 부신,행위,영상진단 및 방사선 치료료,자기공명영상진단료(MRI),,,MRI Kidney and Adrenal　[테슬라1.5-3.0미만+품질관리적합],225
HI130+HJ130+HB021,410620,,급여 인정기준 외 실시한 경우 비급여/PACS영상저장및전송비용 포함,RMHI13003,N,N,N,복부-신장 및 부신,행위,영상진단 및 방사선 치료료,자기공명영상진단료(MRI),,,MRI Kidney and Adrenal　[테슬라3.0이상+품질관리적합],226
HI132+HJ132+HB021,387700,,급여 인정기준 외 실시한 경우 비급여/PACS영상저장및전송비용 포함,RMHI13202,N,N,N,복부-간,행위,영상진단 및 방사선 치료료,자기공명영상진단료(MRI),,,MRI Liver　[테슬라1.5-3.0미만+품질관리적합],227
HI132+HJ132+HB021,410620,,급여 인정기준 외 실시한 경우 비급여/PACS영상저장및전송비용 포함,RMHI13203,N,N,N,복부-간,행위,영상진단 및 방사선 치료료,자기공명영상진단료(MRI),,,MRI Liver　[테슬라3.0이상+품질관리적합],228
HI229+HJ229+HB021,513680,,급여 인정기준 외 실시한 경우 비급여/PACS영상저장및전송비용 포함,RMHI22902,N,Y,Y,복부-췌장,행위,영상진단 및 방사선 치료료,자기공명영상진단료(MRI),,,MRI Pancreas 조영제사용 [테슬라1.5-3.0미만+품질관리적합]+도타렘조영제 포함,229
HI229+HJ229+HB021,544160,,급여 인정기준 외 실시한 경우 비급여/PACS영상저장및전송비용 포함,RMHI22903,N,Y,Y,복부-췌장,행위,영상진단 및 방사선 치료료,자기공명영상진단료(MRI),,,MRI Pancreas 조영제사용 [테슬라3.0이상+품질관리적합]+도타렘조영제 포함,230
HI129+HJ129+HB021,387700,,급여 인정기준 외 실시한 경우 비급여/PACS영상저장및전송비용 포함,RMHI12902,N,N,N,복부-췌장,행위,영상진단 및 방사선 치료료,자기공명영상진단료(MRI),,,MRI Pancreas　[테슬라1.5-3.0미만+품질관리적합],231
HI129+HJ129+HB021,410620,,급여 인정기준 외 실시한 경우 비급여/PACS영상저장및전송비용 포함,RMHI12903,N,N,N,복부-췌장,행위,영상진단 및 방사선 치료료,자기공명영상진단료(MRI),,,MRI Pancreas　[테슬라3.0이상+품질관리적합],232
HI228+HJ228+HB021,513680,,조영제 별도산정/급여 인정기준 외 실시한 경우 비급여/PACS영상저장및전송비용 포함,RMHI22802,N,N,N,복부-골반,행위,영상진단 및 방사선 치료료,자기공명영상진단료(MRI),,,MRI Pelvis 조영제사용 [테슬라1.5-3.0미만+품질관리적합],233
HI228+HJ228+HB021,544160,,조영제 별도산정/급여 인정기준 외 실시한 경우 비급여/PACS영상저장및전송비용 포함,RMHI22803,N,N,N,복부-골반,행위,영상진단 및 방사선 치료료,자기공명영상진단료(MRI),,,MRI Pelvis 조영제사용 [테슬라3.0이상+품질관리적합],234
HI128+HJ128+HB021,387700,,급여 인정기준 외 실시한 경우 비급여/PACS영상저장및전송비용 포함,RMHI12802,N,N,N,복부-골반,행위,영상진단 및 방사선 치료료,자기공명영상진단료(MRI),,,MRI Pelvis　[테슬라1.5-3.0미만+품질관리적합],235
HI128+HJ128+HB021,410620,,급여 인정기준 외 실시한 경우 비급여/PACS영상저장및전송비용 포함,RMHI12803,N,N,N,복부-골반,행위,영상진단 및 방사선 치료료,자기공명영상진단료(MRI),,,MRI Pelvis　[테슬라3.0이상+품질관리적합],236
HI231+HJ231+HB021,544160,,조영제 별도산정/급여 인정기준 외 실시한 경우 비급여/PACS영상저장및전송비용 포함,RMHI23103,N,N,N,복부-음낭 및 음경,행위,영상진단 및 방사선 치료료,자기공명영상진단료(MRI),,,MRI Penile and Scrotum 조영제사용 [테슬라3.0이상+품질관리적합],237
HI231+HJ231+HB021,513680,,조영제 별도산정/급여 인정기준 외 실시한 경우 비급여/PACS영상저장및전송비용 포함,RMHI23102,N,N,N,복부-음낭 및 음경,행위,영상진단 및 방사선 치료료,자기공명영상진단료(MRI),,,MRI Penile and Scrotum 조영제사용[테슬라1.5-3.0미만+품질관리적합],238
HI131+HJ131+HB021,387700,,급여 인정기준 외 실시한 경우 비급여/PACS영상저장및전송비용 포함,RMHI13102,N,N,N,복부-음낭 및 음경,행위,영상진단 및 방사선 치료료,자기공명영상진단료(MRI),,,MRI Penile and Scrotum　[테슬라1.5-3.0미만+품질관리적합],239
HI131+HJ131+HB021,410620,,급여 인정기준 외 실시한 경우 비급여/PACS영상저장및전송비용 포함,RMHI13103,N,N,N,복부-음낭 및 음경,행위,영상진단 및 방사선 치료료,자기공명영상진단료(MRI),,,MRI Penile and Scrotum　[테슬라3.0이상+품질관리적합],240
HI234+HJ234+HB021,513680,,조영제 별도산정/급여 인정기준 외 실시한 경우 비급여/PACS영상저장및전송비용 포함,RMHI23402,N,N,N,복부-전립선,행위,영상진단 및 방사선 치료료,자기공명영상진단료(MRI),,,MRI Prostate 조영제사용[테슬라1.5-3.0미만+품질관리적합],241
HI234+HJ234+HB021,544160,,조영제 별도산정/급여 인정기준 외 실시한 경우 비급여/PACS영상저장및전송비용 포함,RMHI23403,N,N,N,복부-전립선,행위,영상진단 및 방사선 치료료,자기공명영상진단료(MRI),,,MRI Prostate 조영제사용[테슬라3.0이상+품질관리적합],242
HI134+HJ134+HB021,387700,,급여 인정기준 외 실시한 경우 비급여/PACS영상저장및전송비용 포함,RMHI13402,N,N,N,복부-전립선,행위,영상진단 및 방사선 치료료,자기공명영상진단료(MRI),,,MRI Prostate　[테슬라1.5-3.0미만+품질관리적합],243
HI134+HJ134+HB021,410620,,급여 인정기준 외 실시한 경우 비급여/PACS영상저장및전송비용 포함,RMHI13403,N,N,N,복부-전립선,행위,영상진단 및 방사선 치료료,자기공명영상진단료(MRI),,,MRI Prostate　[테슬라3.0이상+품질관리적합],244
HI237+HJ237+HB021,515250,,조영제 별도산정/급여 인정기준 외 실시한 경우 비급여/PACS영상저장및전송비용 포함,RMHI23702,N,N,N,혈관-흉부혈관,행위,영상진단 및 방사선 치료료,자기공명영상진단료(MRI),,,MRI Thoracic Angio 조영제사용 [테슬라1.5-3.0미만+품질관리적합],245
HI237+HJ237+HB021,545800,,조영제 별도산정/급여 인정기준 외 실시한 경우 비급여/PACS영상저장및전송비용 포함,RMHI23703,N,N,N,혈관-흉부혈관,행위,영상진단 및 방사선 치료료,자기공명영상진단료(MRI),,,MRI Thoracic Angio 조영제사용 [테슬라3.0이상+품질관리적합],246
HI137+HJ137+HB021,388750,,급여 인정기준 외 실시한 경우 비급여/PACS영상저장및전송비용 포함,RMHI13702,N,N,N,혈관-흉부혈관,행위,영상진단 및 방사선 치료료,자기공명영상진단료(MRI),,,MRI Thoracic Angio　[테슬라1.5-3.0미만+품질관리적합],247
HI137+HJ137+HB021,411750,,급여 인정기준 외 실시한 경우 비급여/PACS영상저장및전송비용 포함,RMHI13703,N,N,N,혈관-흉부혈관,행위,영상진단 및 방사선 치료료,자기공명영상진단료(MRI),,,MRI Thoracic Angio　[테슬라3.0이상+품질관리적합],248
HI208+HJ208+HB021,513740,,조영제 별도산정/급여 인정기준 외 실시한 경우 비급여/PACS영상저장및전송비용 포함,RMHI20802,N,N,N,두경부-경부,행위,영상진단 및 방사선 치료료,자기공명영상진단료(MRI),,,MRI 경부 Neck /촬영+판독/조영제 사용[테슬라1.5-3.0미만+품질관리적합],249
HI208+HJ208+HB021,544210,,조영제 별도산정/급여 인정기준 외 실시한 경우 비급여/PACS영상저장및전송비용 포함,RMHI20803,N,N,N,두경부-경부,행위,영상진단 및 방사선 치료료,자기공명영상진단료(MRI),,,MRI 경부 Neck /촬영+판독/조영제 사용[테슬라3.0이상+품질관리적합],250
HI108+HJ108+HB021,387700,,조영제 별도산정/급여 인정기준 외 실시한 경우 비급여/PACS영상저장및전송비용 포함,RMHI10802,N,N,N,두경부-경부,행위,영상진단 및 방사선 치료료,자기공명영상진단료(MRI),,,MRI 경부 Neck 촬영+판독 [테슬라1.5-3.0미만+품질관리적합],251
HI108+HJ108+HB021,410620,,조영제 별도산정/급여 인정기준 외 실시한 경우 비급여/PACS영상저장및전송비용 포함,RMHI10803,N,N,N,두경부-경부,행위,영상진단 및 방사선 치료료,자기공명영상진단료(MRI),,,MRI 경부 Neck 촬영+판독료[테슬라3.0이상+품질관리적합],252
HI136+HJ136+HB021,388750,,급여 인정기준 외 실시한 경우 비급여/PACS영상저장및전송비용 포함,RMHI13602,N,N,N,혈관-경부혈관,행위,영상진단 및 방사선 치료료,자기공명영상진단료(MRI),,,MRI 경부혈관-일반 촬영+판독[테슬라1.5-3.0미만+품질관리적합],253
HI136+HJ136+HB021,411750,,급여 인정기준 외 실시한 경우 비급여/PACS영상저장및전송비용 포함,RMHI13603,N,N,N,혈관-경부혈관,행위,영상진단 및 방사선 치료료,자기공명영상진단료(MRI),,,MRI 경부혈관-일반 촬영+판독[테슬라3.0이상+품질관리적합],254
HI236+HJ236+HB021,515250,,조영제 별도산정/급여 인정기준 외 실시한 경우 비급여/PACS영상저장및전송비용 포함,RMHI23602,N,N,N,혈관-경부혈관,행위,영상진단 및 방사선 치료료,자기공명영상진단료(MRI),,,MRI 경부혈관-조영제 주입 전/후 촬영+판독[테슬라1.5-3.0미만+품질관리적합],255
HI236+HJ236+HB021,545800,,조영제 별도 산정/급여 인정기준 외 실시한 경우 비급여/PACS영상저장및전송비용 포함,RMHI23603,N,N,N,혈관-경부혈관,행위,영상진단 및 방사선 치료료,자기공명영상진단료(MRI),,,MRI 경부혈관-조영제 주입 전/후 촬영+판독[테슬라3.0이상+품질관리적합],256
HI101+HJ101+HB021,357120,,급여 인정기준 외 실시한 경우 비급여/PACS영상저장및전송비용 포함,RMHI10102,N,N,N,뇌,행위,영상진단 및 방사선 치료료,자기공명영상진단료(MRI),,,MRI 뇌-일반 촬영+판독[테슬라1.5-3.0미만+품질관리적합],257
HI101+HJ101+HB021,378220,,급여 인정기준 외 실시한 경우 비급여/PACS영상저장및전송비용 포함,RMHI10103,N,N,N,뇌,행위,영상진단 및 방사선 치료료,자기공명영상진단료(MRI),,,MRI 뇌-일반촬영+판독[테슬라3.0이상+품질관리적합],258
HI201+HJ201+HB021,473240,,조영제 별도산정/급여 인정기준 외 실시한 경우 비급여/PACS영상저장및전송비용 포함,RMHI20102,N,N,N,뇌,행위,영상진단 및 방사선 치료료,자기공명영상진단료(MRI),,,MRI 뇌-조영제 주입 전/후 촬영+판독[테슬라1.5-3.0미만+품질관리적합],259
HI201+HJ201+HB021,501290,,조영제 별도산정/급여 인정기준 외 실시한 경우 비급여/PACS영상저장및전송비용 포함,RMHI20103,N,N,N,뇌,행위,영상진단 및 방사선 치료료,자기공명영상진단료(MRI),,,MRI 뇌-조영제 주입 전/후 촬영+판독[테슬라3.0이상+품질관리적합,260
HI135+HJ135+HB021,411750,,급여 인정기준 외 실시한 경우 비급여/PACS영상저장및전송비용 포함,RMHI13503,N,N,N,혈관-뇌혈관,행위,영상진단 및 방사선 치료료,자기공명영상진단료(MRI),,,MRI 뇌혈관-일반 촬영+판독[테슬라3.0이상+품질관리적합],261
HI135+HJ135+HB021,388750,,급여 인정기준 외 실시한 경우 비급여/PACS영상저장및전송비용 포함,RMHI13502,N,N,N,혈관-뇌혈관,행위,영상진단 및 방사선 치료료,자기공명영상진단료(MRI),,,MRI 뇌혈관-일반+촬영+판독[테슬라1.5-3.0미만+품질관리적합],262
HI235+HJ235+HB021,515250,,조영제 별도산정/급여 인정기준 외 실시한 경우 비급여/PACS영상저장및전송비용 포함,RMHI23502,N,N,N,혈관-뇌혈관,행위,영상진단 및 방사선 치료료,자기공명영상진단료(MRI),,,MRI 뇌혈관-조영제 주입 전/후 촬영+판독[테슬라1.5-3.0미만+품질관리적합],263
HI235+HJ235+HB021,545800,,조영제 별도산정/급여 인정기준 외 실시한 경우 비급여/PACS영상저장및전송비용 포함,RMHI23503,N,N,N,혈관-뇌혈관,행위,영상진단 및 방사선 치료료,자기공명영상진단료(MRI),,,MRI 뇌혈관-조영제 주입 전/후 촬영+판독[테슬라3.0이상+품질관리적합],264
HI204+HJ204+HB021,513740,,조영제 별도산정/급여 인정기준 외 실시한 경우 비급여/PACS영상저장및전송비용 포함,RMHI20402,N,N,N,두경부-부비동,행위,영상진단 및 방사선 치료료,자기공명영상진단료(MRI),,,MRI 부비동 PNS /촬영+판독/조영제 사용 [테슬라1.5-3.0미만+품질관리적합],265
HI204+HJ204+HB021,544210,,조영제 별도산정/급여 인정기준 외 실시한 경우 비급여/PACS영상저장및전송비용 포함,RMHI20403,N,N,N,두경부-부비동,행위,영상진단 및 방사선 치료료,자기공명영상진단료(MRI),,,MRI 부비동 PNS /촬영+판독/조영제 사용 [테슬라3.0이상+품질관리적합],266
HI104+HJ104+HB021,387700,,조영제 별도산정/급여 인정기준 외 실시한 경우 비급여/PACS영상저장및전송비용 포함,RMHI10402,N,N,N,두경부-부비동,행위,영상진단 및 방사선 치료료,자기공명영상진단료(MRI),,,MRI 부비동 PNS 촬영+판독[테슬라1.5-3.0미만+품질관리적합,267
HI104+HJ104+HB021,410620,,조영제 별도산정/급여 인정기준 외 실시한 경우 비급여/PACS영상저장및전송비용 포함,RMHI10403,N,N,N,두경부-부비동,행위,영상진단 및 방사선 치료료,자기공명영상진단료(MRI),,,MRI 부비동 PNS 촬영+판독[테슬라3.0이상+품질관리적합],268
HI240+HJ240+HB021,515250,,조영제 별도산정/급여 인정기준 외 실시한 경우 비급여/PACS영상저장및전송비용 포함,RMHI24002,N,N,N,혈관-심혈관,행위,영상진단 및 방사선 치료료,자기공명영상진단료(MRI),,,MRI 심혈관Cardiovascular MRA 조영제사용 [테슬라1.5-3.0미만+품질관리적합],269
HI240+HJ240+HB021,545800,,조영제 별도산정/급여 인정기준 외 실시한 경우 비급여/PACS영상저장및전송비용 포함,RMHI24003,N,N,N,혈관-심혈관,행위,영상진단 및 방사선 치료료,자기공명영상진단료(MRI),,,MRI 심혈관Cardiovascular MRA 조영제사용 [테슬라3.0이상+품질관리적합],270
HI140+HJ140+HB021,388750,,급여 인정기준 외 실시한 경우 비급여/PACS영상저장및전송비용 포함,RMHI14002,N,N,N,혈관-심혈관,행위,영상진단 및 방사선 치료료,자기공명영상진단료(MRI),,,MRI 심혈관Cardiovascular MRA　[테슬라1.5-3.0미만+품질관리적합],271
HI140+HJ140+HB021,411750,,급여 인정기준 외 실시한 경우 비급여/PACS영상저장및전송비용 포함,RMHI14003,N,N,N,혈관-심혈관,행위,영상진단 및 방사선 치료료,자기공명영상진단료(MRI),,,MRI 심혈관Cardiovascular MRA　[테슬라3.0이상+품질관리적합],272
HI203+HJ203+HB021,544210,,조영제 별도산정/급여 인정기준 외 실시한 경우 비급여/PACS영상저장및전송비용 포함,RMHI20303,N,N,N,두경부-안면,행위,영상진단 및 방사선 치료료,자기공명영상진단료(MRI),,,MRI 안면 Face /촬영+판독/조영제 사용 [테슬라3.0이상+품질관리적합],273
HI203+HJ203+HB021,513740,,조영제 별도산정/급여 인정기준 외 실시한 경우 비급여/PACS영상저장및전송비용 포함,RMHI20302,N,N,N,두경부-안면,행위,영상진단 및 방사선 치료료,자기공명영상진단료(MRI),,,MRI 안면 Face /촬영+판독/조영제 사용[테슬라1.5-3.0미만+품질관리적합],274
HI103+HJ103+HB021,387700,,조영제 별도산정/급여 인정기준 외 실시한 경우 비급여/PACS영상저장및전송비용 포함,RMHI10302,N,N,N,두경부-안면,행위,영상진단 및 방사선 치료료,자기공명영상진단료(MRI),,,MRI 안면 Face 촬영+판독[테슬라1.5-3.0미만+품질관리적합],275
HI103+HIJ03+HB021,410620,,조영제 별도산정/급여 인정기준 외 실시한 경우 비급여/PACS영상저장및전송비용 포함,RMHI10303,N,N,N,두경부-안면,행위,영상진단 및 방사선 치료료,자기공명영상진단료(MRI),,,MRI 안면 Face 촬영+판독[테슬라3.0이상+품질관리적합],276
HI205+HJ205+HB021,513740,,조영제 별도산정/급여 인정기준 외 실시한 경우 비급여/PACS영상저장및전송비용 포함,RMHI20502,N,N,N,두경부-안와,행위,영상진단 및 방사선 치료료,자기공명영상진단료(MRI),,,MRI 안와 Orbit /촬영+판독/조영제 사용　[테슬라1.5-3.0미만+품질관리적합],277
HI205+HJ205+HB021,544210,,조영제 별도산정/급여 인정기준 외 실시한 경우 비급여/PACS영상저장및전송비용 포함,RMHI20503,N,N,N,두경부-안와,행위,영상진단 및 방사선 치료료,자기공명영상진단료(MRI),,,MRI 안와 Orbit /촬영+판독/조영제 사용　[테슬라3.0이상+품질관리적합],278
HI105+HJ105+HB021,387700,,조영제 별도산정/급여 인정기준 외 실시한 경우 비급여/PACS영상저장및전송비용 포함,RMHI10502,N,N,N,두경부-안와,행위,영상진단 및 방사선 치료료,자기공명영상진단료(MRI),,,MRI 안와 Orbit　촬영+판독 [테슬라1.5-3.0미만+품질관리적합],279
HI105+HJ105+HB021,410620,,조영제 별도산정/급여 인정기준 외 실시한 경우 비급여/PACS영상저장및전송비용 포함,RMHI10503,N,N,N,두경부-안와,행위,영상진단 및 방사선 치료료,자기공명영상진단료(MRI),,,MRI 안와 Orbit　촬영+판독 [테슬라3.0이상+품질관리적합],280
HI206+HJ206+HB021,544210,,조영제 별도산정/급여 인정기준 외 실시한 경우 비급여/PACS영상저장및전송비용 포함,RMHI20603,N,N,N,두경부-측두골,행위,영상진단 및 방사선 치료료,자기공명영상진단료(MRI),,,MRI 측두골 Temporal Bone /촬영+판독/조영제 사용 [테슬라3.0이상+품질관리적합],281
HI206+HJ206+HB021,513740,,조영제 별도산정/급여 인정기준 외 실시한 경우 비급여/PACS영상저장및전송비용 포함,RMHI20602,N,N,N,두경부-측두골,행위,영상진단 및 방사선 치료료,자기공명영상진단료(MRI),,,MRI 측두골 Temporal Bone /촬영+판독/조영제 사용[테슬라1.5-3.0미만+품질관리적합],282
HI106+HJ106+HB021,410620,,조영제 별도산정/급여 인정기준 외 실시한 경우 비급여/PACS영상저장및전송비용 포함,RMHI10603,N,N,N,두경부-측두골,행위,영상진단 및 방사선 치료료,자기공명영상진단료(MRI),,,MRI 측두골 Temporal Bone 촬영+판독 [테슬라3.0이상+품질관리적합],283
HI106+HIJ06+HB021,387700,,조영제 별도산정/급여 인정기준 외 실시한 경우 비급여/PACS영상저장및전송비용 포함,RMHI10602,N,N,N,두경부-측두골,행위,영상진단 및 방사선 치료료,자기공명영상진단료(MRI),,,MRI 측두골 Temporal Bone　촬영+판독 [테슬라1.5-3.0미만+품질관리적합],284
HI207+HJ207+HB021,544210,,조영제 별도산정/급여 인정기준 외 실시한 경우 비급여/PACS영상저장및전송비용 포함,RMHI20703,N,N,N,두경부-측두하악관절,행위,영상진단 및 방사선 치료료,자기공명영상진단료(MRI),,,MRI 측두하악관절 TM-Joint /촬영료+판독/조영제 사용[테슬라3.0이상+품질관리적합],285
HI107+HJ107+HB021,387700,,조영제 별도산정/급여 인정기준 외 실시한 경우 비급여/PACS영상저장및전송비용 포함,RMHI20702,N,N,N,두경부-측두하악관절,행위,영상진단 및 방사선 치료료,자기공명영상진단료(MRI),,,MRI 측두하악관절 TM-Joint　촬영+판독 [테슬라1.5-3.0미만+품질관리적합],286
HI107+HJ107+HB021,544210,,조영제 별도산정/급여 인정기준 외 실시한 경우 비급여/PACS영상저장및전송비용 포함,RMHI10703,N,N,N,두경부-측두하악관절,행위,영상진단 및 방사선 치료료,자기공명영상진단료(MRI),,,MRI 측두하악관절 TM-Joint　촬영+판독[테슬라3.0이상+품질관리적합],287
HI232+HJ232+HB021,513680,,조영제 별도산정/급여 인정기준 외 실시한 경우 비급여/PACS영상저장및전송비용 포함,RMHI23202,N,N,N,복부-간,행위,영상진단 및 방사선 치료료,자기공명영상진단료(MRI),,,MRI　Liver 조영제사용 [테슬라1.5-3.0미만+품질관리적합],288
HI232+HJ232+HB021,544160,,조영제 별도산정/급여 인정기준 외 실시한 경우 비급여/PACS영상저장및전송비용 포함,RMHI23203,N,N,N,복부-간,행위,영상진단 및 방사선 치료료,자기공명영상진단료(MRI),,,MRI　Liver 조영제사용 [테슬라3.0이상+품질관리적합],289
HI109+HJ109+HB021,367170,,"급여 인정기준 외 실시한 경우, PACS 전송비용포함",RMHI10902,N,N,N,척추,행위,영상진단 및 방사선 치료료,자기공명영상진단료(MRI),,,MRI 경추 [테슬라 1.5이상-3.0미만+품질관리적합],290
HI109+HJ109+HB021,388870,,"급여 인정기준 외 실시한 경우, PACS 전송비용포함",RMHI10903,N,N,N,척추,행위,영상진단 및 방사선 치료료,자기공명영상진단료(MRI),,,MRI 경추 [테슬라 3.0이상+품질관리적합],291
HI209+HJ209+HB021,486350,,조영제 별도산정/급여 인정기준 외 실시한 경우 비급여/PACS영상저장및전송비용 포함,RMHI20902,N,N,N,척추,행위,영상진단 및 방사선 치료료,자기공명영상진단료(MRI),,,MRI 경추/조영제사용 [테슬라 1.5이상-3.0미만+품질관리적합],292
HI209+HJ209+HB021,515190,,조영제 별도산정/급여 인정기준 외 실시한 경우 비급여/PACS영상저장및전송비용 포함,RMHI20903,N,N,N,척추,행위,영상진단 및 방사선 치료료,자기공명영상진단료(MRI),,,MRI 경추/조영제사용 [테슬라 3.0이상+품질관리적합],293
HI409+HJ409+HB021,198220,,"급여 인정기준 외 실시한 경우, PACS 전송비용포함",RMHI40902,N,N,N,척추,행위,영상진단 및 방사선 치료료,자기공명영상진단료(MRI),,,MRI 경추/제한적 [테슬라 1.5이상-3.0미만+품질관리적합],294
HI409+HJ409+HB021,209820,,"급여 인정기준 외 실시한 경우, PACS 전송비용포함",RMHI40903,N,N,N,척추,행위,영상진단 및 방사선 치료료,자기공명영상진단료(MRI),,,MRI 경추/제한적 [테슬라 3.0이상+품질관리적합],295
HI110+HJ110+HB021,388870,,"급여 인정기준 외 실시한 경우, PACS 전송비용포함",RMHI11003,N,N,N,척추,행위,영상진단 및 방사선 치료료,자기공명영상진단료(MRI),,,MRI 흉추 [테슬라 3.0이상+품질관리적합],296
HI110+HJ110+HB021,367170,,"급여 인정기준 외 실시한 경우, PACS 전송비용포함",RMHI11002,N,N,N,척추,행위,영상진단 및 방사선 치료료,자기공명영상진단료(MRI),,,MRI 흉추 [테슬라 1.5이상-3.0미만+품질관리적합],297
HI210+HJ210+HB021,486350,,조영제 별도산정/급여 인정기준 외 실시한 경우 비급여/PACS영상저장및전송비용 포함,RMHI21002,N,N,N,척추,행위,영상진단 및 방사선 치료료,자기공명영상진단료(MRI),,,MRI 흉추/조영제사용 [테슬라 1.5이상-3.0미만+품질관리적합],298
HI210+HJ210+HB021,515190,,조영제 별도산정/급여 인정기준 외 실시한 경우 비급여/PACS영상저장및전송비용 포함,RMHI21003,N,N,N,척추,행위,영상진단 및 방사선 치료료,자기공명영상진단료(MRI),,,MRI 흉추/조영제사용 [테슬라 3.0이상+품질관리적합],299
HI410+HJ410+HB021,198220,,"급여 인정기준 외 실시한 경우, PACS 전송비용포함",RMHI41002,N,N,N,척추,행위,영상진단 및 방사선 치료료,자기공명영상진단료(MRI),,,MRI 흉추/제한적 [테슬라 1.5이상-3.0미만+품질관리적합],300
HI410+HJ410+HB021,209820,,"급여 인정기준 외 실시한 경우, PACS 전송비용포함",RMHI41003,N,N,N,척추,행위,영상진단 및 방사선 치료료,자기공명영상진단료(MRI),,,MRI 흉추/제한적 [테슬라 3.0이상+품질관리적합],301
HI111+HJ111+HB021,367170,,"급여 인정기준 외 실시한 경우, PACS 전송비용포함",RMHI11102,N,N,N,척추,행위,영상진단 및 방사선 치료료,자기공명영상진단료(MRI),,,MRI 요천추 [테슬라 1.5이상-3.0미만+품질관리적합],302
HI111+HJ111+HB021,388870,,"급여 인정기준 외 실시한 경우, PACS 전송비용포함",RMHI11103,N,N,N,척추,행위,영상진단 및 방사선 치료료,자기공명영상진단료(MRI),,,MRI 요천추 [테슬라 3.0이상+품질관리적합],303
HI211+HJ211+HB021,486350,,조영제 별도산정/급여 인정기준 외 실시한 경우 비급여/PACS영상저장및전송비용 포함,RMHI21102,N,N,N,척추,행위,영상진단 및 방사선 치료료,자기공명영상진단료(MRI),,,MRI 요천추/조영제사용 [테슬라 1.5이상-3.0미만+품질관리적합],304
HI211+HJ211+HB021,515190,,조영제 별도산정/급여 인정기준 외 실시한 경우 비급여/PACS영상저장및전송비용 포함,RMHI21103,N,N,N,척추,행위,영상진단 및 방사선 치료료,자기공명영상진단료(MRI),,,MRI 요천추/조영제사용 [테슬라 3.0이상+품질관리적합],305
HI411+HJ411+HB021,198220,,"급여 인정기준 외 실시한 경우, PACS 전송비용포함",RMHI41102,N,N,N,척추,행위,영상진단 및 방사선 치료료,자기공명영상진단료(MRI),,,MRI 요천추/제한적 [테슬라 1.5이상-3.0미만+품질관리적합],306
HI411+HJ411+HB021,209820,,"급여 인정기준 외 실시한 경우, PACS 전송비용포함",RMHI41103,N,N,N,척추,행위,영상진단 및 방사선 치료료,자기공명영상진단료(MRI),,,MRI 요천추/제한적 [테슬라 3.0이상+품질관리적합],307
HI210+HJ210+HI111 등,667720,,"급여 인정기준 외 실시한 경우, PACS 전송비용포함",RMHI21004,N,N,N,척추,행위,영상진단 및 방사선 치료료,자기공명영상진단료(MRI),,,MRI 흉추+요천추 동시/조영제사용 [테슬라 1.5이상-3.0미만+품질관리적합],308
HI210+HJ210+HI111등,707410,,"급여 인정기준 외 실시한 경우, PACS 전송비용포함",RMHI21005,N,N,N,척추,행위,영상진단 및 방사선 치료료,자기공명영상진단료(MRI),,,MRI 흉추+요천추 동시/조영제사용 [테슬라 3.0이상+품질관리적합],309
HH001,62010,,"급여 인정기준 외 실시한 경우, PACS 전송비용포함",RMHH001,N,N,N,척추,행위,영상진단 및 방사선 치료료,자기공명영상진단료(MRI),,,맥동파순서열 추가촬영 1개(척추 MRI),310
HH002,124010,,"급여 인정기준 외 실시한 경우, PACS 전송비용포함",RMHH002,N,N,N,척추,행위,영상진단 및 방사선 치료료,자기공명영상진단료(MRI),,,맥동파순서열 추가촬영 2개(척추 MRI),311
HH003,155010,,"급여 인정기준 외 실시한 경우, PACS 전송비용포함",RMHH003,N,N,N,척추,행위,영상진단 및 방사선 치료료,자기공명영상진단료(MRI),,,맥동파순서열 추가촬영 3개(척추MRI),312
HI112+HJ112+HB021,388870,,"급여 인정기준 외 실시한 경우, PACS 전송비용포함",RMHI11203,N,N,N,척추,행위,영상진단 및 방사선 치료료,자기공명영상진단료(MRI),,,MRI 척추강/일반 [테슬라 3.0이상+품질관리적합],313
HI112+HJ112+HB021,367170,,"급여 인정기준 외 실시한 경우, PACS 전송비용포함",RMHI11202,N,N,N,척추,행위,영상진단 및 방사선 치료료,자기공명영상진단료(MRI),,,MRI 척추강/일반 [테슬라 1.5이상-3.0미만+품질관리적합],314
HI207+HJ207+HB021,513740,,조영제 별도산정/급여 인정기준 외 실시한 경우 비급여/PACS영상저장및전송비용 포함,RMHI20702,N,N,N,두경부-측두하악관절,행위,영상진단 및 방사선 치료료,자기공명영상진단료(MRI),,,MRI측두하악관절 TM-Joint /촬영+판독/조영제사용[테슬라1.5-3.0미만+품질관리적합],315
HE115,470000,,급여 인정기준 외 실시한 경우 비급여,RMHE11501R/RMHE11501L,N,,,근골격계-견관절,행위,자기공명영상진단료(MRI),,,,견관절-일반,316
HE215,470000,,조영제 별도산정/급여 인정기준 외 실시한 경우 비급여,RMHE21501L/RMHE21501R,N,N,N,근골격계-견관절,행위,영상진단 및 방사선 치료료,자기공명영상진단료(MRI),,,견관절-조영제 주입 전/후 촬영판독,317
HE118,470000,,급여 인정기준 외 실시한 경우 비급여,RMHE11801B/RMHE11801L-R,N,,,근골격계-고관절,행위,자기공명영상진단료(MRI),,,,고관절-일반,318
HE218,470000,,조영제 별도산정/급여 인정기준 외 실시한 경우 비급여,RMHE21801B-RMHE218L-R,N,N,,근골격계-고관절,행위,자기공명영상진단료(MRI),,,,고관절-조영제 주입 전/후 촬영판독,319
HF102+HB021,338660,,급여 인정기준 외 실시한 경우 비급여/PACS영상저장및전송비용 포함,RMHF102,N,N,N,MRI-특수검사,행위,영상진단 및 방사선 치료료,자기공명영상진단료(MRI),,,관류 [3차원자기공명영상 포함],320
HF202+HB021,192960,,급여 인정기준 외 실시한 경우 비급여/PACS영상저장및전송비용 포함,RMHF202,N,N,N,MRI-특수검사,행위,영상진단 및 방사선 치료료,자기공명영상진단료(MRI),,,관류 [3차원자기공명영상 포함]-기본검사 동시,321
HE122,470000,,급여 인정기준 외 실시한 경우 비급여,RMHE12201-RMHE12204,N,,,근골격계-관절 외 상지,행위,자기공명영상진단료(MRI),,,,관절외 상지-일반,322
HE222,470000,,조영제 별도산정/급여 인정기준 외 실시한 경우 비급여,RMHE22201-RMHE22204,N,N,,근골격계-관절 외 상지,행위,자기공명영상진단료(MRI),,,,관절외 상지-조영제 주입 전/후 촬영판독,323
HE123,470000,,급여 인정기준 외 실시한 경우 비급여,RMHE12301-RMHE12304,N,,,근골격계-관절 외 하지,행위,자기공명영상진단료(MRI),,,,관절외 하지-일반,324
HE223,470000,,조영제 별도산정/급여 인정기준 외 실시한 경우 비급여,RMHE22301-RMHE22304,N,N,,근골격계-관절 외 하지,행위,자기공명영상진단료(MRI),,,,관절외 하지-조영제 주입 전/후 촬영판독,325
HF107+HB021,567290,,급여 인정기준 외 실시한 경우 비급여/PACS영상저장및전송비용 포함,RMHF107,N,,,MRI-특수검사,행위,영상진단 및 방사선 치료료,자기공명영상진단료(MRI),,,기능적 [3차원자기공명영상 포함],326
HE120,470000,,급여 인정기준 외 실시한 경우 비급여,RMHE12001L/RMHE12001R,N,,,근골격계-슬관절,행위,자기공명영상진단료(MRI),,,,무릎관절-일반,327
HE220,470000,,조영제 별도산정/급여 인정기준 외 실시한 경우 비급여,RMHE22001L/RMHE22001R,N,N,,근골격계-슬관절,행위,자기공명영상진단료(MRI),,,,무릎관절-조영제 주입 전/후 촬영판독,328
HE121,470000,,급여 인정기준 외 실시한 경우 비급여,RMHE12101,N,,,근골격계-발목관절,행위,자기공명영상진단료(MRI),,,,발목관절-일반,329
HE221,470000,,조영제 별도산정/급여 인정기준 외 실시한 경우 비급여,RMHE22101,N,N,,근골격계-발목관절,행위,자기공명영상진단료(MRI),,,,발목관절-조영제 주입 전/후 촬영판독,330
HF103+HB021,223510,,급여 인정기준 외 실시한 경우 비급여/PACS영상저장및전송비용 포함,RMHF103,N,N,N,MRI-특수검사,행위,영상진단 및 방사선 치료료,자기공명영상진단료(MRI),,,분광영상,331
HF203+HB021,133830,,급여 인정기준 외 실시한 경우 비급여/PACS영상저장및전송비용 포함,RMHF203,N,N,N,MRI-특수검사,행위,영상진단 및 방사선 치료료,자기공명영상진단료(MRI),,,분광영상-기본검사 동시,332
HE139,400000,,급여 인정기준 외 실시한 경우 비급여,RMHE13901,N,,,혈관-사지혈관,행위,자기공명영상진단료(MRI),,,,사지혈관-일반,333
HE115,470000,,조영제 별도산정/급여 인정기준 외 실시한 경우 비급여,RMHE11501L/RMHE11501R,N,N,,MRI-특수검사,행위,영상진단 및 방사선 치료료,자기공명영상진단료(MRI),,,MRI Lt.Shoulder,334
HE117,470000,,급여 인정기준 외 실시한 경우 비급여,RMHE11701,N,,,근골격계-수관절,행위,영상진단 및 방사선 치료료,자기공명영상진단료(MRI),,,MRI Wrist,335
HE217,470000,,조영제 별도산정/급여 인정기준 외 실시한 경우 비급여,RMHE21701,N,N,,근골격계-수관절,행위,영상진단 및 방사선 치료료,자기공명영상진단료(MRI),,,MRI Wrist 조영제사용,336
HF104+HB021,495340,,급여 인정기준 외 실시한 경우 비급여/PACS영상저장및전송비용 포함,RMHF104,N,,,MRI-특수검사,행위,영상진단 및 방사선 치료료,자기공명영상진단료(MRI),,,MRI Cine,337
HE116,470000,,급여 인정기준 외 실시한 경우 비급여,RMHE11601,N,,,근골격계-주관절,행위,영상진단 및 방사선 치료료,자기공명영상진단료(MRI),,,MRI Elbow,338
HE216,470000,,조영제 별도산정/급여 인정기준 외 실시한 경우 비급여,RMHE21601,N,N,,근골격계-주관절,행위,영상진단 및 방사선 치료료,자기공명영상진단료(MRI),,,MRI Elbow |조영제사용,339
HE119,470000,,급여 인정기준 외 실시한 경우 비급여,RMHE11901,N,,,근골격계-천장골관절,행위,영상진단 및 방사선 치료료,자기공명영상진단료(MRI),,,MRI Sacrum,340
HE219,470000,,조영제 별도산정/급여 인정기준 외 실시한 경우 비급여,RMHE21901,N,N,,근골격계-천장골관절,행위,영상진단 및 방사선 치료료,자기공명영상진단료(MRI),,,MRI Sacrum |조영제사용,341
HF101+HB021,222570,,급여 인정기준 외 실시한 경우 비급여/PACS영상저장및전송비용 포함,RMHF10101,N,,,MRI-특수검사,행위,영상진단 및 방사선 치료료,자기공명영상진단료(MRI),,,MRI Brain Diffusion　[단독촬영],342
MX122,60000,,,FZ00400,N,,,이학요법,행위,이학요법료(물리치료료),,,,도수치료 [1일당],343
MZ012,100000,,,FZ02200,N,N,N,이학요법료,행위,이학요법료(물리치료료),,,,비침습적 무통증 신호요법,344
MZ007,18000,,,FZ02100,N,,,,행위,이학요법료(물리치료료),,,,신장분사치료(1일당),345
MZ006,10000,,,SZ03403,N,,,언어치료,행위,이학요법료(물리치료료),,,,언어장애치료(인지장애동반),346
MZ006,35000,,,SZ03401,N,,,언어치료,행위,이학요법료(물리치료료),,,,언어장애치료/기본30분까지,347
MZ006,10000,,,SZ03402,N,,,언어치료,행위,이학요법료(물리치료료),,,,언어장애치료/초과10분당,348
MZ009,35000,,,FZ01600,N,,N,이학요법료,행위,이학요법료(물리치료료),,,,전산화 인지재활치료[주의·기억],349
MY142,50000,,,FZ01301,N,,,이학요법,행위,이학요법료(물리치료료),,,,증식치료(사지관절부위),350
MY143,50000,,,FZ01302,N,,,이학요법,행위,이학요법료(물리치료료),,,,증식치료(척추부위),351
NZ001,15000,,,GZ00700,N,,,,행위,정신요법료,,,,광치료,352
NZ005,150000,,,GZ00600,N,,,,행위,정신요법료,,,,안구운동 민감소실 및 재처리요법,353
QZ962,60000,,,HZGT01100,N,,,처치 및 수술료(기타),행위,처치 및 수술료 등,,,,경두개 자기자극술(반복적),354
SZ634,700000,,,HZNS00500,N,,,처치 및 수술료(신경),행위,처치 및 수술료 등,,,,경피적 경막외강 신경성형술,355
SZ641,700000,,,HZNS00700,N,,,처치 및 수술료(신경),행위,처치 및 수술료 등,,,,경피적 풍선확장 경막외강 신경성형,356
U0239-U0241,80000,,,"JU0239,JU0240,JU0241",N,,,치과 처치· 수술료,행위,처치 및 수술료 등,,,,"광중합형 복합레진 충전 (1치당 1면, 2면, 3면이상)",357
SZ631,500000,,"진료과 : 신경외과, 정형외과, 마취통증의학과",HZNS00800,N,,N,처치 및 수술료(신경),행위,처치 및 수술료 등,,,,내시경적 경막외강 신경근성형술,358
,300000,,,SZ03200,N,,,,행위,처치 및 수술료 등,,,,양수및융모막검사를위한 검사채취(검사료별도),359
SZ084,70000,,,HZRM00200,N,,,처치 및 수술료(근골),행위,처치 및 수술료 등,,,,체외충격파치료[근골격계질환],360
SZ083,700000,,,HZOS00100,N,,N,처치 및 수술료(근골),행위,처치 및 수술료 등,,,,추간판내고주파열응고술 [Nucleoplasty],361
SZ034,,,Topical Photodynamic Therapy for Skin Cancer E,HZDE02701-05,N,,,피부 및 연부조직,행위,처치 및 수술료 등,,150000,10000,피부 국소 광역동 치료,362
"OY201,OY202",800000,,"양측-1,300,000원",HZGS00100A/HZGS00100B(양측),N,,N,처치 및 수술료(순환기),행위,처치 및 수술료 등,,1300000,800000,하지정맥류 고주파정맥내막폐쇄술,363
OZ304,1000000,,,HZCS00400,N,,N,처치 및 수술료(순환기),행위,처치 및 수술료 등,,,,하지정맥류레이저정맥폐쇄술,364
,500000,,,JM0052T,N,,,,행위,치과 처치 및 수술료,,,,Cornus Denture(내관 & 외관),365
,50000,,,JM0049T,N,,,,행위,치과 처치 및 수술료,,,,Laser 미백치료(1치당),366
,10000,,,JM0048T,N,,,,행위,치과 처치 및 수술료,,,,Laser 충치예방치료(1치당),367
,100000,,,JM0053T,N,,,,행위,치과 처치 및 수술료,,,,Milling 비,368
,50000,,Resin facing repair (1치당),JM0026T,N,,,,행위,치과 처치 및 수술료,,,,Resin facing 수리 (1치당),369
UW3021047,80000,,,JM0047T,N,,,치석제거,행위,치과 처치 및 수술료,,,,Scaling 치석제거[전악],370
490100000,15000,,"약침액명(오공약참액, 소염약침액, 척유약침액)",ZZ00200,N,Y,N,약침술,행위,한방 시술 및 처치료,,,,약침술,371
591040000,30000,,,ZZ00100,N,N,N,자율훈련법,행위,한방 시술 및 처치료,,,,자율훈련법,372
,,,bone graft,JM0043T/JM0044T,N,,,치과 처치 및 수술료,행위,치과 처치 및 수술료,,1000000,200000,골 이식술,373
,500000,,,JM0082T,N,,,,행위,치과 처치 및 수술료,,,,골증대술,374
,80000,,Light curing G.I filling,JM0003T,N,,,,행위,치과 처치 및 수술료,,,,광중합 G.I 충전,375
UZ0050001,80000,,,JM0003T,N,N,N,광중합형 복합레진충전-마모,행위,치과 처치 및 수술료,,,,Light curing G.I filling(광중합 G.I 충전),376
UZ0050002,80000,,,JM0003T,N,N,N,광중합형 복합레진충전-파절 등,행위,치과 처치 및 수술료,,,,Light curing G.I filling(광중합 G.I 충전),377
,60000,,"Orthodontics, Morthly fee",JM0046T,N,,,,행위,치과 처치 및 수술료,,,,교정 월정비,378
,30000,,Occlusal splint 관리,JM0024T,N,,,,행위,치과 처치 및 수술료,,,,교합안정장치 관리,379
,300000,,"Occlusal splint (1악당), simple",JM0023T,N,,,,행위,치과 처치 및 수술료,,,,"교합안정장치(1악당), 단순",380
,30000,,"Oral exam, consult.",JM0027T,N,,,,행위,치과 처치 및 수술료,,,,구강 검사및 상담,381
,30000,,,JM0050T,N,,,,행위,치과 처치 및 수술료,,,,구취측정검사,382
,60000,,Sp cr,JM0051T,N,,,,행위,치과 처치 및 수술료,,,,기성금관,383
,70000,,Screw post,JM0006T,N,,,,행위,치과 처치 및 수술료,,,,나선형 합정,384
,60000,,Laser Solder,JM0056T,N,,,,행위,치과 처치 및 수술료,,,,레이져 솔더,385
,30000,,Resin temporary crown,JM0014T,N,,,,행위,치과 처치 및 수술료,,,,레진 가공 의치 (1치당),386
,30000,,Study impression/1악당,JM0022T,N,,,,행위,치과 처치 및 수술료,,,,모형 분석용 인상/1악당,387
,100000,,,JM0086T,N,,,,행위,치과 처치 및 수술료,,,,보격장치(가철식),388
,50000,,,JM0085T,N,,,,행위,치과 처치 및 수술료,,,,보격장치(고정식),389
,10000,,,JM0083T,N,,,,행위,치과 처치 및 수술료,,,,보철 치료(CHECK UP)중,390
,100000,,Fluorid therapy (1악당),JM0025T,N,,,,행위,치과 처치 및 수술료,,,,불소 도포 (1악당),391
,,,"Surgical stent,(임플란트)",JM0062T/JM0063T,N,,,치과 처치 및 수술료,행위,치과 처치 및 수술료,,100000,50000,서지컬 스텐트(수술용 스텐트),392
,250000,,Esthetic resin filling,JM0002T,N,,,,행위,치과 처치 및 수술료,,,,심미 레진 충전,393
,,,MANDIBULAR RECONSTRUCTION,JM0073T-JM0077T,N,,,치과 처치 및 수술료,행위,치과 처치 및 수술료,,5000000,1000000,악안면골재건정복술,394
,,,FIXED ORTHODONTIC TX A,JM0078T/JM0079T/JM0080T/JM0081T,N,,,치과 처치 및 수술료,행위,치과 처치 및 수술료,,4000000,1000000,악안면기형안골교정술,395
,200000,,Face mask impression,JM0015T,N,,,,행위,치과 처치 및 수술료,,,,안면 체형,396
,150000,,S.S crown,JM0021T,N,,,,행위,치과 처치 및 수술료,,,,유구치 가공 치관,397
,,,Direct denture reline,JM0010T/JM0011T,N,,,치과 처치 및 수술료,행위,치과 처치 및 수술료,,500000,100000,의치 직접 이장술,398
,,,Denture repair,JM0008T/JM0009T,N,,,치과 처치 및 수술료,행위,치과 처치 및 수술료,,100000,50000,의치수리,399
,50000,,Flipper (simple),JM0013T,N,,,,행위,치과 처치 및 수술료,,,,"임시 의치, 단순",400
,,,Implant second surgery,JM0058T/JM0059T/JM0060T,N,,,치과 처치 및 수술료,행위,치과 처치 및 수술료,,500000,100000,임플란트 2차 수술,401
,100000,,Peri implantitis treatment,JM0057T,N,,,,행위,치과 처치 및 수술료,,,,임플란트 주위염 치료,402
,100000,,,JM0064T,N,,,,행위,치과 처치 및 수술료,,,,임플란트목적 레이저치료,403
,300000,,,JM0065T,N,,,,행위,치과 처치 및 수술료,,,,임플란트목적/상악동거상술(편측),404
,,,,JM0054T/JM0055T,N,,,치과 처치 및 수술료,행위,치과 처치 및 수술료,,1500000,1000000,"임플란트목적/상악동거상술,측방접근",405
,1500000,,,JM0067T,N,,,,행위,치과 처치 및 수술료,,,,임플란트목적/하치조측방전위술(양측),406
,1000000,,,JM0066T,N,,,,행위,치과 처치 및 수술료,,,,임플란트목적/하치조측방전위술(편측),407
,20000,,T.B.I,JM0018T,N,,,치과 처치 및 수술료,행위,치과 처치 및 수술료,,,,"잇솔질 교습, 회당",408
,100000,,SURGICAL UNCOVERING(1치당)치관노출술,JM0084T,N,,,,행위,치과 처치 및 수술료,,,,치관노출술(1치당)SURGICAL UNCOVERING,409
,30000,,Pit & fissure sealant,JM0045T,N,,,,행위,치과 처치 및 수술료,,,,치면 열구 전색,410
,,,Dx of implant,JM0028T/JM0029T,N,,,치과 처치 및 수술료,행위,치과 처치 및 수술료,,100000,50000,치아 매식 진단료,411
,,,Teeth bleaching,JM0019T/JM0020T,N,,,치과 처치 및 수술료,행위,치과 처치 및 수술료,,50000,30000,치아 표백술,412
,,,"implant repair, simple",JM0039T/JM0040T,N,,,치과 처치 및 수술료,행위,치과 처치 및 수술료,,200000,50000,치아매식 수리,413
,100000,,"Implant, UCLA screw change fee",JM0038T,N,,,,행위,치과 처치 및 수술료,,,,"치아매식, 유씨엘에이 스크류 교환",414
,,,"Implant, temporary resin Cr.",JM0041T/JM0042T,N,,,치과 처치 및 수술료,행위,치과 처치 및 수술료,,200000,50000,"치아매식, 임시 레진치",415
,300000,,"Implant, magnetic change fee",JM0035T,N,,,,행위,치과 처치 및 수술료,,,,"치아매식, 자석체 교환",416
,300000,,"Implant, abutment change fee",JM0036T,N,,,,행위,치과 처치 및 수술료,,,,"치아매식, 지대체 교환",417
,50000,,"Implant, coping screw change fee",JM0037T,N,,,,행위,치과 처치 및 수술료,,,,"치아매식, 코핑 스크류 교환",418
,50000,,Over denture O-ring & ERA 교환,JM0033T,N,,,,행위,치과 처치 및 수술료,,,,치아지지 가철성 의치 오-링&이알에이 교환,419
,200000,,Over denture magnetic 교환,JM0034T,N,,,,행위,치과 처치 및 수술료,,,,치아지지 가철성 의치 자석체 교환,420
,50000,,Over denture clip 교환,JM0032T,N,,,,행위,치과 처치 및 수술료,,,,치아지지 가철성 의치 클립 교환,421
,50000,,Perio test(인공치아 개당),JM0061T,N,,,,행위,치과 처치 및 수술료,,,,치주 테스트(인공치아 개당),422
,,,plaque control,JM0016T/JM0017T,N,,,치과 처치 및 수술료,행위,치과 처치 및 수술료,,30000,10000,치태조절 및 예방술식,423
,50000,,Direct denture soft reline,JM0012T,N,,,,행위,치과 처치 및 수술료,,,,탄성 의치상 이장술,424
,,,P.F.M repair,JM0004T/JM0005T,N,,,치과 처치 및 수술료,행위,치과 처치 및 수술료,,200000,100000,포세린관 수리,425
,100000,,P.R.P.,JM0031T,N,,,,행위,치과 처치 및 수술료,,,,피.알.피,426
,280000,,,JP0111G,N,,,,행위,치과의 보철료,,,,"ERA,1ea",427
,350000,,,JP0049G,N,,,,행위,치과의 보철료,,,,F.D. Temporary,428
,1200000,,,JP0046G,N,,,,행위,치과의 보철료,,,,"F.D., resin plate,G (완전틀니-레진)",429
,400000,,,JP0113G,N,,,,행위,치과의 보철료,,,,Locator,430
,350000,,,JP0112G,N,,,,행위,치과의 보철료,,,,"Magnetic,1ea",431
,100000,,,JK0015M,N,,,,행위,치과의 보철료,,,,Pressure Injection Resin System,432
,160000,,,JP0114G,N,,,,행위,치과의 보철료,,,,Spark elosin,433
,1400000,,"R.P.D., electronic non-Prec.,G",JP0032G,N,,,,행위,치과의 보철료,,,,"가철성 국소의치, 고주파 비귀금속",434
,1200000,,"R.P.D.,non-Prec.,G",JP0031G,N,,,,행위,치과의 보철료,,,,"가철성 국소의치, 비귀금속",435
,150000,,"R.D, Attachment Change, Mat",JK0001M,N,,,,행위,치과의 보철료,,,,"가철성 의치 어테치먼트 교환, 재료대",436
,150000,,"R.D, Magnetic change, Mat",JK0002M,N,,,,행위,치과의 보철료,,,,"가철성 의치, 자석 교환, 재료대",437
,250000,,"Atrficial gold crown for RD,G",JP0005G,N,,,,행위,치과의 보철료,,,,가철성 의치용 금속 교합면 인공치 (S-gold),438
,30000,,"Endura resin, post. Teeth, Mat",JK0013M,N,,,,행위,치과의 보철료,,,,"경질 레진 구치, 재료대",439
,20000,,"Endura resin, ant. Teeth, Mat",JK0012M,N,,,,행위,치과의 보철료,,,,"경질 레진 전치, 재료대",440
,600000,,"Occlusal splint, complex,G",JP0043G,N,,,,행위,치과의 보철료,,,,"교합안정장치, 복잡",441
,370000,,"Crown, Maryland, Prec.,G",JP0015G,N,,,,행위,치과의 보철료,,,,"금주조관, 메리랜드, 귀금속",442
,,,Novel Guide(FinishedSurgicalTemplate임플란트,JK0016M/JK0017M,N,,,치과의 보철료,행위,치과의 보철료,,1500000,1000000,노벨가이드(서지컬템플레이트),443
,,,"Crown, PFG",JP0009G/JP0008G,N,,,크라운,행위,치과의 보철료,,520000,450000,"도재소부전장관, 귀금속",444
,520000,,,JP0011G,N,,,크라운,행위,치과의 보철료,,,,"도재소부전장관, 무깃, 귀금속",445
,380000,,,JP0010G,N,,,크라운,행위,치과의 보철료,,,,"도재소부전장관, 무깃, 비귀금속",446
,,,"Crown, PFM,G",JP0007G/JP0006G,N,,,크라운,행위,치과의 보철료,,370000,350000,"도재소부전장관, 비귀금속",447
,500000,,"Locator,G",JP0063G,N,,,,행위,치과의 보철료,,,,"로케이터,G",448
,460000,,"Implant, MDI,G",JP0086G,N,,,,행위,치과의 보철료,,,,"매식술, MDI",449
,,,"Implant, milled bar,G",JP0102G/JP0103G/JP0104G/JP0105G,N,,,치과보철료,행위,치과의 보철료,,2700000,1500000,"매식술, 밀드바,Gold,Fixtur",450
,,,"Implant, milled bar,Titanium,Fixture ,G",JP0106G/JP0107G/JP0108G/JP0109G,N,,,치과보철료,행위,치과의 보철료,,1800000,1200000,"매식술, 밀드바,Titanium,Fixture",451
,450000,,"Implant, O-ring, E.R.A.,G",JP0085G,N,,,,행위,치과의 보철료,,,,"매식술, 오-링, E.R.A.,",452
,230000,,"Implant, Tem. MDI,G",JP0087G,N,,,,행위,치과의 보철료,,,,"매식술, 임시 MDI",453
,500000,,"Implant, Magnetic,G",JP0084G,N,,,,행위,치과의 보철료,,,,"매식술, 자성체",454
,,,"Implant, hader bar,G",JP0099G/JP0100G/JP0101G/JP0080G,N,,,치과보철료,행위,치과의 보철료,,1800000,1150000,"매식술, 헤더바",455
,2500000,,"Implant, Hybrid denture,,G",JP0078G,N,,,,행위,치과의 보철료,,,,"매식술, 혼합형틀니",456
,,,"Implant, Hybrid denture,Titanium,Fixture ,G",JP0096G/JP0097G/JP0098G,N,,,치과보철료,행위,치과의 보철료,,2100000,1500000,"매식술, 혼합형틀니 ,Titanium,Fixture",457
,1000000,,"Implant,국산,G",JP0088G,N,,,치과임플란트(1치당),행위,치과의 보철료,,,,"매식술,국산,G",458
,570000,,"Implant crown, A-gold,G",JP0110G,N,,,치과임플란트(1치당),행위,치과의 보철료,,,,매식치 A-gold 도재관,459
,800000,,"Implant crown, PFG,G",JP0074G,N,,,치과임플란트(1치당),행위,치과의 보철료,,,,매식치 귀금속 도재관,460
,600000,,"Implant crown, PFM,G",JP0075G,N,,,치과임플란트(1치당),행위,치과의 보철료,,,,매식치 비귀금속 도재관,461
,660000,,"Implant crown, Pt-gold,G",JP0072G,N,,,치과임플란트(1치당),행위,치과의 보철료,,,,"매식치금관, 백금가공",462
,620000,,"Implant crown, Super-gold,G",JP0073G,N,,,치과임플란트(1치당),행위,치과의 보철료,,,,"매식치금관, 슈퍼골드",463
,,,"Attachment,G",JP0053G/JP0054G/JP0055G,N,,,치과보철료,행위,치과의 보철료,,440000,300000,부착장치,464
,150000,,"Semirigid joint,G",JP0061G,N,,,,행위,치과의 보철료,,,,세미리지드 연결체,465
,,,"R.P.D., Attachment,G",JP0036G/JP0037G,N,,,치과보철료,행위,치과의 보철료,,1600000,1400000,어태치먼트 국소 의치,466
,20000,,"Overdenture O-ring change, Mat",JK0011M,N,,,,행위,치과의 보철료,,,,"오버덴쳐 오-링 교환, 재료대",467
,10000,,"Overdenture clip change, Mat",JK0010M,N,,,,행위,치과의 보철료,,,,"오버덴쳐 클립 교환, 재료대",468
,,,"Rebase, indirect,G",JP0040G/JP0041G,N,,,치과보철료,행위,치과의 보철료,,300000,190000,"의치 이장술, 간접법",469
,50000,,"Implant, UCLA screw change, Mat",JK0007M,N,,,,행위,치과의 보철료,,,,"인공치매식, 유씨엘에이 스크류 교환, 재료대",470
,200000,,"Implant, Magnetic change, Mat",JK0003M,N,,,,행위,치과의 보철료,,,,"인공치매식, 자석 교환, 재료대",471
,,,"Implant, abutment change, Mat",JK0004M/JK0005M,N,,,치과보철료,행위,치과의 보철료,,400000,200000,"인공치매식, 지대치 교환,재료대",472
,30000,,"Implant, coping screw change, Mat",JK0006M,N,,,,행위,치과의 보철료,,,,"인공치매식, 코핑 스크류 교환, 재료대",473
,,,"Implant, Cr. Remake fee, Mat",JK0008M/JK0009M,N,,,치과보철료,행위,치과의 보철료,,200000,100000,"인공치매식, 크라운 재제작비,재료대",474
,,,"Inlay, Prec. Gold ,G",JP0016G/JP0017G,N,,,치과보철료,행위,치과의 보철료,,350000,300000,"인레이, 귀금속",475
,,,"Inlay, Por. or resin,G",JP0018G/JP0019G,N,,,치과보철료,행위,치과의 보철료,,280000,270000,"인레이, 포세라인 or 레진",476
,430000,,"R.P.D., Temporary,G",JP0033G,N,,,,행위,치과의 보철료,,,,임시 가철성 국소의치,477
,150000,,"Flipper, complex,G",JP0042G,N,,,,행위,치과의 보철료,,,,"임시치, 복잡",478
,,,"Implant overdenture,G",JP0076G/JP0077G,N,,,치과보철료,행위,치과의 보철료,,1800000,1500000,임플란트 지지의치,479
,340000,,"Attachment, Magnetic,G",JP0052G,N,,,,행위,치과의 보철료,,,,자석장치,480
,400000,,"Crown, Laminate veneer,G",JP0013G,N,,,,행위,치과의 보철료,,,,"전부도재관, 순면버니어",481
,470000,,"Crown, all ceramic,G",JP0012G,N,,,크라운,행위,치과의 보철료,,,,"전부도재관, 전세라믹",482
,250000,,"Crown, Metal,G",JP0004G,N,,,크라운,행위,치과의 보철료,,,,"주조관, N-C 합금",483
,290000,,"Crown, Maryland, non-Prec.,G",JP0014G,N,,,,행위,치과의 보철료,,,,"주조관, 메리랜드, 비귀금속",484
,350000,,"Crown, Palladium,G",JP0003G,N,,,크라운,행위,치과의 보철료,,,,"주조금관, Pd 합금",485
,420000,,"Crown, Super - Gold,G",JP0121G,N,,,크라운,행위,치과의 보철료,,,,"주조금관, 금합금",486
,460000,,"Crown, Gold - Pt,G",JP0120G,N,,,크라운,행위,치과의 보철료,,,,"주조금관, 백금합금",487
,400000,,"Interrim or immediate obturator,G",JP0051G,N,,,,행위,치과의 보철료,,,,즉시 or 임시폐쇄장치,488
,600000,,"F.D., Immediate, mesh,G",JP0047G,N,,,,행위,치과의 보철료,,,,"즉시총의치,망사",489
,500000,,"F.D., Immediate, resin plate,G",JP0048G,N,,,,행위,치과의 보철료,,,,"즉치총의치,레진상",490
,1600000,,"F.D., Prec., base metal,G",JP0044G,N,,,,행위,치과의 보철료,,,,"총의치, 귀금속편",491
,1400000,,"F.D., Mesh or base metal,G (완전틀니-티타늄)",JP0045G,N,,,,행위,치과의 보철료,,,,"총의치, 비귀금속편, 망사 (완전틀니-티타늄)",492
,1500000,,"Definitive obturator, metal base,G",JP0050G,N,,,,행위,치과의 보철료,,,,최종폐쇄장치,493
,1350000,,"Implant, simple,G",JP0070G,N,,,치과임플란트(1치당),행위,치과의 보철료,,,,"치아 매식술, 단순",494
,1450000,,"Implant, complex,G",JP0071G,N,,,치과임플란트(1치당),행위,치과의 보철료,,,,"치아 매식술, 복잡, ASTRA",495
,1500000,,"Implant, complex,G",JP0092G,N,,,,행위,치과의 보철료,,,,"치아 매식술, 복잡, NOBEL",496
,,,"R.P.D., Overdenture,G",JP0034G/JP0035G,N,,,치과의 보철료,행위,치과의 보철료,,1800000,1600000,치아지지가철성의치,497
,550000,,"CAD-CAM Ceramic crown,G",JP0116G,N,,,크라운,행위,치과의 보철료,,,,캐드캠 세라믹 크라운,498
,,,"CAD-CAM Ceramic crown,임플란트용,G",JP0117G/JP0118G,N,,,치과임플란트(1치당),행위,치과의 보철료,,800000,700000,"캐드캠 세라믹 크라운,임플란트용",499
,100000,,Konus Telescopic Milling fee,JK0014M,N,,,,행위,치과의 보철료,,,,코너스 텔레스코픽 크라운 밀링 기공비,500
,500000,,"Konus Teles. crown, inner&outer,Palladium,G",JP0058G,N,,,,행위,치과의 보철료,,,,"코누스 텔레스코픽 내,외관 PD합금",501
,650000,,"Konus Teles. crown, inner&outer,PFG,G",JP0060G,N,,,,행위,치과의 보철료,,,,"코누스 텔레스코픽 내,외관 귀금속",502
,600000,,"Konus Teles. crown, inner&outer,Super G.,G",JP0057G,N,,,,행위,치과의 보철료,,,,"코누스 텔레스코픽 내,외관 금합금",503
,700000,,"Konus Teles. crown, inner&outer,PT.G.,G",JP0056G,N,,,,행위,치과의 보철료,,,,"코누스 텔레스코픽 내,외관 백금합금",504
,550000,,"Konus Teles. crown, inner&outer,PFM,G",JP0059G,N,,,,행위,치과의 보철료,,,,"코누스 텔레스코픽 내,외관 비귀금속",505
,,,"R.P.D., Telescopic,G",JP0038G/JP0039G,N,,,치과의 보철료,행위,치과의 보철료,,1100000,880000,테레스코픽 국소 의치,506
,700000,,"R.P.D., Half, non-Prec. Elect.,G",JP0028G,N,,,,행위,치과의 보철료,,,,"편측가철성국소의치, 고주파비귀금속",507
,600000,,"R.P.D., Half, non-Prec.,G",JP0029G,N,,,,행위,치과의 보철료,,,,"편측가철성국소의치, 비귀금속",508
,,,"Post&Core, gold,G",JP0020G/JP0021G,N,,,치과의 보철료,행위,치과의 보철료,,260000,230000,"포스트관, 귀금속",509
,220000,,"Post&Core, glassfiber,G",JP0023G,N,,,,행위,치과의 보철료,,,,"포스트관, 그래스화이버",510
,180000,,"Post&Core, Para,G",JP0022G,N,,,,행위,치과의 보철료,,,,"포스트관, 파라 포스트",511
BE4304DL,1900000,,,,N,,,기타 관절치환용 재료 (골결손대체용),치료재료,,,,,TRABECULAR METAL TIBIAL CONE AUGMENT(Trabecular Metal Tibial Cone Augment),512
BB3001BP,51700,,,,N,,,내시경적 식도 또는 위 정맥류 치료용/(비흡수성)색전물질,치료재료,,,,,HISTOACRYL(Histoacryl) 1050060 0.5ML,513
BF0201SH,1597688,,,,N,,,추간판내 고주파 열치료술,치료재료,,,,,YES DISC CATHETER(YES DISC Catheter) (전규격),514
BL3004EA,7500,,,,N,,,OSTOMY용 ACCESS0RY,치료재료,,,,,3M NO STING BARRIER FILM(3M No sting Barrier film),515
BM5101LX,560,,,,N,,,드레싱 고정류(카테터 고정용/드레싱 목적 사용 시 비급여 제외),치료재료,,,,,"FIXIROLL ROLL(Fixing roll, 3M SOFT CLOTH WITH LINER) (전규격)",516
629600010,370000,,,5330100002,N,,,,약제,,,,,F-18 FP-CIT,517
,83814,,초음파 및 도플러 등 진단시약으로 검사시 산정,5419900057,N,,,,약제,,,,,"SonoVue inj(소노뷰,Echo)",518
,83814,,초음파 및 도플러 등 진단시약으로 검사시 산정,5090100046,N,,,,약제,,,,,SonoVue inj(소노뷰주),519
643604611,16296,,,MPERAMIFLU,N,,,,약제,,,,,페라미플루주15ml,520
648501751,12038,,원내코드,MSTANDRO,N,,,,,약제,,,,스텐드로주,521
648501751,,,원외코드,MSTANDOUT,N,,,,약제,,,,,스텐드로주,522
,625,,,DMELATONIN,N,,,,,약제,,,,서카톤피알서방정2mg,523
,11,,,DVASE,N,,,,약제,,,,,백색바세린,524
644704910,3218,,,DREMITCH,N,,,,약제,,,,,레밋치구강붕해정2.5μg_(0.0025mg/1정),525
652606600,,,원외,DQSY3,N,,,,,약제,,,,큐시미아캡슐 3.75/23mg,526
652606610,,,원외,DQSY7,N,,,,,약제,,,,큐시미아캡슐 7.5/46mg,527
652606590,,,원외,DQSY11,N,,,,,약제,,,,큐시미아캡슐 11.25/69mg,528
652606580,,,원외,DQSY15,N,,,,,약제,,,,큐시미아캡슐 15/92mg,529
642004211,,,원외,DTESTO-NG,N,,,,약제,,,,,나테스토 나잘겔,530
645104591,22135,,,MVB12,N,,,,약제,,,,,헤모닉스주,531
684900021,17718,,,MTROMBO3,N,,,,,약제,,,,파이브로베인주 3%,532
684900041,17554,,,MTROMBO1,N,,,,,약제,,,,파이브로베인주 1%,533
685800110,213,,,DERBERT,N,,,,약제,,,,,에르버트정,534
640007291,9025,,,MAAPNS,N,,,,약제,,,,,아세트펜프리믹스주 100mL,535
653501570,19366,,,DNINTEDA10,N,,,,약제,,,,,오페브연질캡슐100mg,536
653501580,,,원외전용,DNINTEDA15,N,,,,약제,,,,,오페브연질캡슐150mg (한국베링거인겔하임),537
655700331,40949,,,DSOOLANCR,N,,,,약제,,,,,수란트라크림1%,538
644206290,476,,,DCREON25,N,,,,약제,,,,,크레온캡슐25000,539
644206300,527,,,DCREON40,N,,,,,약제,,,,크레온캡슐 40000,540
644301920,2012,,,MCTX1,N,,,,약제,,,,,싸이크람주사 1g,541
644912300,10090,,,MCPS,N,,,,약제,,,,,중외심정지액1호,542
653801170,30,,,DDULCO,N,,,,약제,,,,,Bisacodyl 5mg,543
655501751,14711,,,MBRID2,N,,,,약제,,,,,브리디온주,544
655700140,155937,,,DMETVIX,N,,,,약제,,,,,메트빅스크림,545
,20,,,DCALAM,N,,,,약제,,,,,성광칼라민로오션,546
,260,,,DMEXIT,N,,,,약제,,,,,멕실렌캅셀100mg,547
,9,,,DZNSO4,N,,,,약제,,,,,ZNSO4(국전),548
,5500,,,DBABYP,N,,,,약제,,,,,Baby pow (100g),549
655501931,180000,,,MGDS9,N,,,예방접종료,,약제,,,,가다실 9 프리필드시린지(자궁경부암 백신),550
655500021,120000,,MGDS(자궁경부암),MGDS,N,,,예방접종료,,약제,,,,가다실주 백신,551
686500010,60000,,결핵/ MBCGP,MBCGP,N,,,예방접종료,,약제,,,,경피용 건조 B.C.G 백신 12mg,552
671806730,,,원외전용,DCIAL1,N,,,,,약제,,,,시알롱기정10mg,553
670500531,40000,,일본뇌염/MJBEC,MJBEC,N,,,예방접종료,,약제,,,,보령 세포배양일본뇌염백신주 0.7ML,554
643605041,30000,,일본뇌염/MJBEC04,MJBEC04,N,,,예방접종료,,약제,,,,녹십자-세포배양일본뇌염백신주,555
673100041,30000,,디프테리아 파상풍예방백신/MTD,MTD,N,,,예방접종료,,약제,,,,디티부스터주_(0.5mL)(엑세스파마),556
650002460,,,원외처방전용,DDUACG,N,,,,,약제,,,,듀악겔(Duacgel),557
655700040,,,원외처방전용,DDFRG15,N,,,,,약제,,,,디페린겔(15g),558
655700040,,,원외처방전용,DDFRG30,N,,,,,약제,,,,디페린겔(30g),559
641100030,,,원외처방전용,DLEVIT10,N,,,,,약제,,,,레비트라정 10mg,560
641100040,,,원외처방전용,DLEVIT20,N,,,,,약제,,,,레비트라정 20mg,561
641100050,,,원외처방전용,DLEVIT5,N,,,,,약제,,,,레비트라정 5mg,562
650002871,110000,,로타바이러스/DROTA,DROTA,N,,,예방접종료,,약제,,,,로타릭스 프리필드 백신,563
655500031,80000,,로타바이러스 /DROTAV,DROTAV,N,,,예방접종료,,약제,,,,로타텍액,564
650003081,130000,,수막구균/MMENVEO,MMENVEO,N,,,예방접종료,,약제,,,,"멘비오 백신[(수막구균 A,C,W135,Y)",565
665900191,100000,,수막구균/MMENACTRA/예방접종,MMENACTRA,N,N,N,,,약제,,,,메낙트라주(수막구균 다당류 디프테리아톡소이드 접합백신),566
642501690,,,원외처방전용,DMLNC,N,,,,,약제,,,,멜라논크림(23g),567
,15480,,희귀의약품센터,MEOH,N,,,,약제,,,,,대만99.5%무수에탄올주,568
645101440,1980,,,DPOBA,N,,,,약제,,,,,바네포연고 20g/tub,569
643601161,30000,,수두생바이러스백신/MBIKEN,MBIKEN,N,,,예방접종료,,약제,,,,수두박스주(수두생바이러스백신),570
56400051,30000,,수두생바이러스백신,MBIKEN24,N,,,예방접종료,,약제,,,,스카이바리셀라주(수두생바이러스백신)_(1병),571
648300980,488,,,DVASE100,N,,,,약제,,,,,바셀린100g,572
670501031,30000,,인플루엔자 /MFLU4-A,MFLU4-A,N,N,N,예방접종료,,약제,,,,보령플루Ⅷ테트라백신주(인플루엔자분할백신),573
670501031,30000,,인플루엔자/ MFLU4,MFLU4,N,,,예방접종료,,약제,,,,보령플루Ⅷ 테트라백신주(프리필드시린지)(인플루엔자분할백신),574
670502321,70000,,A형간염/ MHAV1,MHAV1,N,,,예방접종료,,약제,,,,보령A형간염백신프리필드시린지주(A형간염백신),575
670502311,30000,,A형 간염/MHAV,MHAV,N,,,예방접종료,,약제,,,,보령A형간염백신주 0.5ML (소아용),576
681800010,1980,,염증이 동반된 외상성 상처 드레싱시 산정,3012000035,N,,,,약제,,,,,Bactigras(박티그라),577
642502030,48,,,DBST,N,,,,약제,,,,,베스타제당의정,578
642902550,,,원외전용,DBERBS,N,,,,,약제,,,,후라베린큐시럽,579
643600830,15660,,,DFCDO,N,,,,약제,,,,,후시메드연고,580
642100700,14,,,DBC,N,,,,약제,,,,,삐콤정,581
670500610,30000,,디피티 백신( 백일해 디프테리아 파상풍의 예방),MPDT05,N,,,예방접종료,,약제,,,,보령디티에이피백신주,582
650001961,40000,,"디프테리아,파상풍 및 백일해예방/MADAC",MADAC,N,,,예방접종료,,약제,,,,"부스트릭스프리필드시린지(성인용 흡착디프테리아, 파상풍 톡소이드 및 정제백일해 혼합 백신)",583
651901200,57,,,DBPD5,N,,,,약제,,,,,부롬정5밀리그람,584
650001881,80000,,자궁경부암/MSVR,MSVR,N,,,예방접종료,,약제,,,,서바릭스프리필드시린지백신(자궁경부암),585
694003250,555,,,DMELATONIN,N,,,,약제,,,,,멜라킹서방정2mg(멜라토닌),586
644801284,17790,,,DTRE2.5,N,,,,약제,,,,,아지나크림20g/tube,587
643507040,286,,,DTADA20,N,,,,약제,,,,,구구정20mg_(20mg/1정),588
671806740,,,원외전용,DCIAL2,N,,,,,약제,,,,시알롱기정20mg,589
671806720,,,원외전용,DCIAL,N,,,,,약제,,,,시알롱기정5mg,590
650002410,70000,,폐렴구균/MSYNFLORIX,MSYNFLORIX,N,,,예방접종료,,약제,,,,신플로릭스(폐렴구균소아백신)프리필드시린지,591
666700011,40000,,일본뇌염 생백신 0.5ml,MJEVAX05,N,,,예방접정료,,약제,,,,씨디.제박스(일본뇌염생바이러스백신),592
641703790,,,원외처방전용,DDUTA05,N,,,,,약제,,,,아보다트연질캡슐0.5mg,593
051500081,108725,,,MBEVAC,N,,,,약제,,,,,아바스틴주 100mg/4ml(유리체강내 주입용),594
674900100,1550,,,DAZEL,N,,,,약제,,,,,아젤리아크림 10g/tube,595
643900900,4,,,DACT,N,,,,약제,,,,,액티피드정,596
654802040,5082,,,MHLASE-L,N,,,,약제,,,,,액상하이랙스주,597
641104750,,,원외처방전용,DYAZ,N,,,,,약제,,,,야즈정(28정/set),598
649802480,1425,,,DESGEN,N,,,,,약제,,,,에스젠질크림 15g/tube,599
644703870,,,원외처방전용,DMVIXS10,N,,,,,약제,,,,엠빅스에스구강붕해필름100mg,600
644703730,,,원외처방전용,DMVIXS,N,,,,,약제,,,,엠빅스에스구강붕해필름50mg,601
644701810,,,원외처방전용,DMVIX,N,,,,,약제,,,,엠빅스정 100mg,602
644701820,,,원외처방전용,DMVIX5,N,,,,,약제,,,,엠빅스정 50mg,603
655500271,30000,,홍역볼거리풍진/MMMR2,MMMR2,N,,,예방접종료,,약제,,,,엠엠알II 백신/홍역볼거리풍진,604
659600291,5271,,,MTESTOE,N,,,,약제,,,,,예나스테론주,605
641605991,6494,,,DOMECLEAN,N,,,,약제,,,,,오메크린크림 30g/Tube,606
643601400,550,,,DTAMI,N,,,,약제,,,,,유락신연고 50g/tube,607
668902161,30000,,B형간염(성인)/MHBV,MHBV,N,,,예방접종료,,약제,,,,유박스비주PFS주 1ML(성인 B형간염백신),608
668901891,30000,,뇌수막염백신/MHPIB,MHPIB,N,,,예방접종료,,약제,,,,유히브주(뇌수막염백신),609
,548,,,D50GLY,N,,,,약제,,,,,50% 글리세린 100ml(그린제약),610
652602861,45500,,,DISOS,N,,,,약제,,,,,이소바이드액_(350g/500mL)(알보젠),611
670100470,64,,,DMYDR,N,,,,약제,,,,,미가펜캡슐,612
641704360,492,,,DSILDE100,N,,,,약제,,,,,일양실데나필정100mg,613
641704350,1613,,,DSILDE50,N,,,,,약제,,,,일양실데나필정50mg,614
641704360,,,원외처방전용,DVIA100,N,,,,,약제,,,,일양실데나필정100mg,615
641704350,,,원외처방전용,DVIA,N,,,,,약제,,,,일양실데나필정50mg,616
642503020,,,원외처방전용,DZYDE1,N,,,,약제,,,,,자이데나정 100mg,617
642503020,5120,,원내용,DUDE100,N,,,,약제,,,,,자이데나정100mg,618
642503030,,,원외처방전용,DZYDE2,N,,,,약제,,,,,자이데나정 200mg,619
642503030,2332,,원내용,DUDE200,N,,,,약제,,,,,자이데나정200mg,620
645000380,,,원외처방전용,DXENI,N,,,,,약제,,,,제니칼캅셀120mg,621
644913330,,,원외처방전용,DZEP2,N,,,,,약제,,,,제피드정200밀리그램,622
644913320,,,원외전용,DZEP1,N,,,,,약제,,,,제피드정 100mg,623
650003220,200000,,대상포진,MSHINGRIX,N,,,예방접종료,,약제,,,,싱그릭스 주,624
56400041,140000,,대상포진/MZOSTA,MZOSTA,N,,,예방접종료,,약제,,,,스카이조스터주(대상포진생바이러스백신)_(sk바이오사이언스),625
642507391,21384,,,DEFINAIL,N,,,,약제,,,,,주블리아외용액(에피나코나졸),626
642507551,58412,,,DEFINAIL8,N,,,,약제,,,,,주블리아외용액 8mL,627
643603620,25000,,인플루엔자/MFLU25,MFLU25,N,,,예방접종료,,약제,,,,지씨플루PFS(3가백신_6개월~36개월 미만),628
643603630,25000,,독감3가백신/MFLU05,MFLU05,N,,,예방접종료,,약제,,,,지씨플루프리필드시린지주(3가독감백신),629
648900910,,,원외처방전용,DCHAMP05,N,,,,,약제,,,,챔픽스정 0.5mg,630
648900920,,,원외처방전용,DCHAMP1,N,,,,,약제,,,,챔픽스정 1mg,631
648901021,,,원외처방전용,MCVJ2,N,,,,약제,,,,,카버젝트주사20mcg,632
648901021,15109,,원내용,MALP20,N,,,,약제,,,,,카버젝트주사20mcg,633
684400040,52390,,,DCONNETTI,N,,,,약제,,,,,코네티비나겔_30g/tube,634
647400280,30000,,소아마비백신/MIMOPV,MIMOPV,N,,,예방접종료,,약제,,,,코박스폴리오PF주(프리필드시린지)(소아마비백신),635
662501680,32,,,DBIVONT,N,,,,약제,,,,,타스나정500mg,636
665900120,50000,,DTP&소아마비 백신/MTETRA,MTETRA,N,,,예방접종료,,약제,,,,테트락심주(DTP&소아마비 백신),637
671701610,,,원외처방전용,DLUMA,N,,,,,약제,,,,트리루마크림(15g),638
684900041,17554,,,MTROMBO1,N,,,,약제,,,,,트롬보젝주1%10mg/ml(2ml),639
684900021,34500,,,MTROMBO3,N,,,,약제,,,,,트롬보젝주3%30mg/ml(2ml),640
666500030,23968,,,DMC-DO,N,,,,약제,,,,,페리오클린치과용연고,641
659901331,9814,,,DHYAL-DT,N,,,,약제,,,,,뮤코베리어액(히알루론산나트륨),642
665900210,70000,,"디프테리아, 파상풍, 백일해, 폴리오, b형헤모필루스인플루엔자 /MPENTAXIM",MPENTAXIM,N,,,예방접종료,,약제,,,,"펜탁심주 백신(DTP,소아마비,뇌수막염 백신)",643
659600560,5003,,,DNYSTAS,N,,,,약제,,,,,피엠에스니스타틴시럽 1ml,644
642905941,3820,,,DPREPAO,N,N,N,,약제,,,,,푸레파인연고 (28g/tube),645
655501941,50000,,폐렴구균백신/MPNEUMO,MPNEUMO,N,,,예방접종료,,약제,,,,프로디악스-23 프리필드시린지(폐렴구균백신),646
655500630,,,원외처방전용,DPECIA,N,,,,,약제,,,,프로페시아정1mg,647
646901090,,,원외전용,DPRLG3,N,,,,,약제,,,,프릴리지정30mg,648
646901100,,,원외전용,DPRLG6,N,,,,,약제,,,,프릴리지정60mg,649
652101560,1005,,,DPROO,N,,,,약제,,,,,프록토세딜연고 (15g),650
648902271,90000,,폐렴구균/MPVENAR13,MPVENAR13,N,,,예방접종료,,약제,,,,프리베나13주 0.5ml(소아용 폐렴구균백신),651
648902271,90000,,폐렴구균/MPVENAR-A,MPVENAR-A,N,,,예방접종료,,약제,,,,프리베나주13 백신0.5ml(성인용 폐렴구균백신),652
651700060,1209,,,MHPROG,N,,,,약제,,,,,프로게스테론데포예나팜,653
642000141,20000,,원외처방,DDIVI-GEL,N,,,,약제,,,,,디비겔0.1%겔(에스트라디올)_(1mg/1g),654
646601401,309720,,,DFLOS,N,,,,약제,,,,,플로실헤모스태틱매트릭스,655
642202290,55,,,DPZM,N,,,,약제,,,,,파자임-95mg이중정,656
669803301,1932,,,MHLASE,N,,,,약제,,,,,메디라제주,657
644206370,730,,원외,DHIDRAS30,N,,,,약제,,,,,하이드라섹산30mg,658
668900913,20000,,B형간염(소아)/MHBVC,MHBVC,N,,,예방접종료,,약제,,,,유박스비주(소아 B형간염백신),659
643601901,33067,,,MHBIG,N,,,,약제,,,,,헤파빅 백신 200IU(1cc),660
643605311,30000,,"디프테리아, 파상풍",MTD,N,,,예방접종료,,약제,,,,티디백신프리필드시린지주0.5ml,661
642505131,91562,,비감면,MGHGR,N,,,,약제,,,,,그로트로핀투주사액카트리지(30iu/2.7ml)(동아에스티)(비감면),662
648903071,18184,,,MPRECEDEX,N,,,,약제,,,,,프리세덱스주,663
678901241,25758,,,MPRECDEX50,N,,,,약제,,,,,제이세덱스주,664
,30000,,폐관류스캔 검사 시 사용되는 진단용 방사선 의약품,MPULMOCIS,N,,,,약제,,,,,풀모시스,665
654400571,,,원외전용,MSAXENDA,N,,,,,약제,,,,삭센다펜주 6mg/ml(3ml/pen)(,666
,1049,,희귀의약품센터,DDROXIDOPA,N,,,,약제,,,,,돕스오디정100mg,667
,19943,,희귀의약품센터,MISUPREL,N,,,,약제,,,,,의태프로테르놀엘주0.2밀리그램,668
,20000,,,AW401800,N,,,진단서,제증명수수료,,,,,개인택시면허용건강진단서(인성검사포함),669
PDZ010001(심평원 코드),20000,,,AW400101,N,,,진단서,제증명수수료,,,,,건강진단서,670
PDZ100000(심평원 코드),6000,,국민연금법 시행규칙 제28조 [서식 21] 신청인 제출서류 - 국민연금 장애심사규정 제12조(보건복지부 고시 2011-82호; 2011.7.26) 별지[서식 3],AQA00101,N,,,국민연금 장애심사용진단서,제증명수수료,,,,,국민연금장애심사용 진단서,671
PDZ010002(심평원 코드),10000,,,AQA02801,N,,,진단서,제증명수수료,,,,,근로능력평가용진단서,672
,61040,,노인장기요양보험법 시행규칙 제2조 [서식2],AQA00200,N,,,소견서(노인장기요양보험),제증명수수료,,,,,노인장기요양보험 의사소견서(개정서식),673
AQA002002,90260,,노인장기요양보험법 시행규칙 제2조 [서식2],AQA002002,N,N,N,소견서(노인장기요양보험),제증명수수료,,,,,노인장기요양보험 의사소견서 2종(5등급예상 치매진단 포함)(개정서식),674
,29220,,노인장기요양보험법 시행규칙 제2조 [서식2],AQA00202,N,,,소견서(노인장기요양보험),제증명수수료,,,,,노인장기요양보험(5등급예상 치매진단)의사소견서(개정서식),675
,22680,,노인장기요양보험법 시행규칙 제2조 [서식2],AQA00201,N,,,소견서(노인장기요양보험),제증명수수료,,,,,방문간호지시서(1회당)-노인장기요양보험관련,676
PDZ080000(심평원 코드),20000,,"병역법 시행규칙 제87조, 95조 [서식 106]",AQA00301,N,,,병무용진단서,제증명수수료,,,,,병무용진단서,677
,10000,,,AQA00400,N,,,소견서(검진소견서),제증명수수료,,,,,보장구검진소견서,678
PDZ030000(심평원 코드),10000,,의료법 시행규칙 제10조 [서식6],AQA00501,N,,,사망진단서,제증명수수료,,,,,사망진단서,679
PDZ050000(심평원 코드),2000,,의료법 시행규칙 제11조 [서식8],AQA00701,N,,,사산(사태)증명서,제증명수수료,,,,,사산(사태)증명서,680
,20000,,의료법 시행규칙 제10조 [서식6],AQA00901,N,,,시체검안서,제증명수수료,,,,,사체부검료,681
PDZ020001(심평원 코드),50000,,의료법 시행규칙 제9조 [서식5의3],AQA01001,N,,,상해진단서,제증명수수료,,,,,상해 진단서(3주미만),682
PDZ020002(심평원 코드),100000,,의료법 시행규칙 제9조 [서식5의3],AQA01003,N,,,상해진단서,제증명수수료,,,,,상해 진단서(3주이상),683
,10000,,,AQA01101,N,,,감정서,제증명수수료,,,,,성별감정서,684
,10000,,,AQA03001,N,,,확인서,제증명수수료,,,,,수술확인서,685
PDZ040000(심평원 코드),30000,,의료법 시행규칙 제10조 [서식6],AQA00801,N,,,시체검안서,제증명수수료,,,,,시체검안서,686
,150000,,,AQA01200,N,,,감정서,,제증명수수료,,,,신체감정료(과목당),687
,36000,,,L3208A,N,,,채용신체검사,,제증명수수료,,,,신체검사용 약물(마약)검사/6종,688
,20000,,,AQA01401,N,,,감정서,,제증명수수료,,,,연령감정서,689
,150000,,,AQA01402,N,,,감정서,,제증명수수료,,,,연령감정서 치과용,690
PDE010001(심평원 코드),15000,,의료법 시행규칙 제9조 [서식5의2],AQA02201,N,,,영문진단서,,제증명수수료,,,,영문 등 외국어 일반진단서,691
PDZ060000(심평원 코드),4500,,의료법 시행규칙 제11조 [서식7],AQA02503,N,,,출생증명서,,제증명수수료,,,,영문 등 외국어 출생증명서,692
,35000,,,AW400400,N,,,신체검사서,,제증명수수료,,,,"영문, 중문신체검사서",693
,15000,,의료법 시행규칙 제10조 [서식6],AQA00503,N,,,사망진단서,제증명수수료,,,,,영문사망진단서,694
,15000,,의료법 시행규칙 제9조 [서식5의2],AQA01503,N,,,소견서(일반소견서),,제증명수수료,,,,영문일반소견서(보험회사 제출용),695
,10000,,의료법 시행규칙 제9조 [서식5의2],AQA01501,N,,,소견서(일반소견서),,제증명수수료,,,,일반소견서(보험회사 제출용),696
PDZ010001(심평원 코드),10000,,의료법 시행규칙 제9조 [서식5의2],AQA01601,N,,,진단서,,제증명수수료,,,,일반진단서,697
PDZ090002(심평원 코드),3000,,,AQA01701,N,,,확인서,,제증명수수료,,,,입퇴원확인서,698
,4000,,,AW400501,N,,,신체검사서,,제증명수수료,,,,"자동차운전면허신체검사(1종보통,2종)",699
,5000,,,AW400500,N,,,신체검사서,,제증명수수료,,,,"자동차운전면허신체검사(특수,대형)",700
PDZ170000(심평원 코드),1000,,"""""""""""""""장애인복지법 시행규칙 제3조 별지[서식 3] ※ 장애인등록증 발급에 필요서류""""""""""""""",AQA01901,N,,,장애인증명서,,제증명수수료,,,,장애인증명서,701
PDZ070003(심평원 코드),100000,,"""""""""""""""장애인복지법 시행규칙 제3조 별지[서식 3] ※ 장애인등록증 발급에 필요서류""""""""""""""",AQA02001,N,,,장애진단서,,제증명수수료,,,,장애진단서,702
,15000,,"""""""""""""""장애인복지법 시행규칙 제3조 별지[서식 3] ※ 장애인등록증 발급에 필요서류""""""""""""""",AQA02002,N,,,장애진단서,,제증명수수료,,,,장애진단서(간단),703
PDZ070001(심평원 코드),15000,,"""""""""""""""장애인복지법 시행규칙 제3조 별지[서식 3] ※ 장애인등록증 발급에 필요서류""""""""""""""",AQA01301,N,,,장애 정도 심사용 진단서,,제증명수수료,,,,장애진단서(신체적 장애),704
PDZ070002(심평원 코드),40000,,"""""""""""""""장애인복지법 시행규칙 제3조 별지[서식 3] ※ 장애인등록증 발급에 필요서류""""""""""""""",AQA01304,N,,,장애 정도 심사용 진단서,,제증명수수료,,,,장애진단서(정신적 장애),705
,100000,,,AQA02101,N,,,감정서,,제증명수수료,,,,정신감정서,706
PDZ160000(심평원 코드),1000,,,AQW01200,N,,,제증명서 사본,,제증명수수료,,,,제증명료 사본,707
PDZ110101(심평원 코드),1000,,흑백,AQB00101,N,,,진료기록사본,,제증명수수료,,,,진료기록사본(1~5부 매당),708
PDZ110102(심평원 코드),100,,1장당,AQB00102,N,,,진료기록사본,,제증명수수료,,,,"진료기록사본(6매이상,매당)",709
PDZ110004(심평원 코드),5000,,1장당,AQF00101,N,,,진료기록영상,,제증명수수료,,,,진료기록영상(CD)-PACS영상(COPY),710
PDZ110004(심평원 코드),5000,,1장당,AQF00201,N,,,진료기록영상,,제증명수수료,,,,진료기록영상(CD)-내시경PACS영상(COPY),711
PDZ110004(심평원 코드),5000,,1장당,AQF00401,N,,,진료기록영상,,제증명수수료,,,,진료기록영상(CD)-심혈관PACS영상(COPY),712
PDZ110004(심평원 코드),5000,,1장당,AQF00501,N,,,진료기록영상,,제증명수수료,,,,진료기록영상(CD)-핵의학PACS영상(COPY),713
PDZ090007(심평원 코드),3000,,,AQA02401,N,,,확인서,,제증명수수료,,,,진료확인서,714
PDZ010003(심평원 코드),40000,,,AW400601,N,,,채용신체검사서,,제증명수수료,,,,채용신체검사서(공무원),715
,42000,,,AW400604,N,,,채용신체검사서,,제증명수수료,,,,채용신체검사서(다면인성검사),716
PDZ010004(심평원 코드),30000,,,AW400602,N,,,채용신체검사서,,제증명수수료,,,,채용신체검사서(일반),717
,10000,,,AW401900,N,,,진단서,,제증명수수료,,,,총포및도검소지허가신체검사,718
PDZ060000(심평원 코드),3000,,의료법 시행규칙 제11조 [서식7],AQA02501,N,,,출생증명서,,제증명수수료,,,,출생증명서,719
PDZ090004(심평원 코드),3000,,,AQA02602,N,,,확인서,,제증명수수료,,,,통원확인서[병명 기재],720
PDZ090004(심평원 코드),1000,,,AQA02601,N,,,확인서,,제증명수수료,,,,통원확인서[병명 미기재],721
PDZ140001(심평원 코드),50000,,,AQA02301,N,,,향후진료비추정서,,제증명수수료,,,,향후 진료비추정서(천만원미만),722
PDZ140002(심평원 코드),100000,,,AQA02303,N,,,향후진료비추정서,,제증명수수료,,,,향후 진료비추정서(천만원이상),723
HZDE02601,10000,,"두피, 얼굴 등 신체 5% 이상 또는 multiple wart 의 경우 4개 이상인 경우 산정",HZDE02601,N,,,,,기타,,,,DNCB도포치료 [대],724
HZPS05301,500000,,,HZPS05301,N,,,,,기타,,,,Z성형술 [대],725
HZPS05303,100000,,,HZPS05303,N,,,,,기타,,,,Z성형술 [소],726
HZPS05302,200000,,,HZPS05302,N,,,,,기타,,,,Z성형술 [중],727
HZUR00200,500000,,,HZUR00200,N,,,,,기타,,,,고환삽입술,728
HZPS00101,300000,,,HZPS00101,N,,,,,기타,,,,구순열의일차비성형술 [대],729
HZPS00103,100000,,,HZPS00103,N,,,,,기타,,,,구순열의일차비성형술 [소],730
HZPS00102,200000,,,HZPS00102,N,,,,,기타,,,,구순열의일차비성형술 [중],731
HZPS00200,20000,,,HZPS00200,N,,,,,기타,,,,구축반흔의비수술적처치,732
HZUR00300,1000000,,,HZUR00300,N,,,,,기타,,,,굴곡음경교정 수술 Penile Curvature Correction,733
HZPS00301,300000,,,HZPS00301,N,,,,,기타,,,,근막이식술 [대],734
HZPS00303,100000,,,HZPS00303,N,,,,,기타,,,,근막이식술 [소],735
HZPS00302,200000,,,HZPS00302,N,,,,,기타,,,,근막이식술 [중],736
HZDE00101,30000,,Size 0.4cm 이상인 경우 산정,HZDE00101,N,,,,,기타,,,,"기미,주근깨,점 제거술 [대]",737
HZDE00103,10000,,Size 0.2cm × 0.2cm 이하인 경우 산정,HZDE00103,N,,,,,기타,,,,"기미,주근깨,점 제거술 [소]",738
HZPS00401,400000,,,HZPS00401,N,,,,,기타,,,,기타구강에관한수술 [대],739
HZPS00403,100000,,,HZPS00403,N,,,,,기타,,,,기타구강에관한수술 [소],740
HZPS00402,200000,,,HZPS00402,N,,,,,기타,,,,기타구강에관한수술 [중],741
HZPS00501,500000,,,HZPS00501,N,,,,,기타,,,,기타구순에관한성형술 [대],742
HZPS00502,300000,,,HZPS00502,N,,,,,기타,,,,기타구순에관한성형술 [소],743
HZPS00601,500000,,,HZPS00601,N,,,,,기타,,,,기타보형물삽입술 [대],744
HZPS00603,100000,,,HZPS00603,N,,,,,기타,,,,기타보형물삽입술 [소],745
HZPS00602,300000,,,HZPS00602,N,,,,,기타,,,,기타보형물삽입술 [중],746
HZPS00701,500000,,,HZPS00701,N,,,,,기타,,,,기타보형물제거술 [대],747
HZPS00703,200000,,,HZPS00703,N,,,,,기타,,,,기타보형물제거술 [소1],748
HZPS00704,100000,,,HZPS00704,N,,,,,기타,,,,기타보형물제거술 [소2],749
HZPS00702,300000,,,HZPS00702,N,,,,,기타,,,,기타보형물제거술 [중],750
HZPS00801,600000,,,HZPS00801,N,,,,,기타,,,,기타비외벽에대한성형술 [대],751
HZPS00802,300000,,,HZPS00802,N,,,,,기타,,,,기타비외벽에대한성형술 [소],752
HZPS00901,900000,,,HZPS00901,N,,,,,기타,,,,기타사지에대한지방조직성형술 [대],753
HZPS00903,300000,,,HZPS00903,N,,,,,기타,,,,기타사지에대한지방조직성형술 [소],754
HZPS00902,600000,,,HZPS00902,N,,,,,기타,,,,기타사지에대한지방조직성형술 [중],755
HZPS01001,2000000,,,HZPS01001,N,,,,,기타,,,,기타상악성형술 [대],756
HZPS01003,500000,,,HZPS01003,N,,,,,기타,,,,기타상악성형술 [소],757
HZPS01002,1000000,,,HZPS01002,N,,,,,기타,,,,기타상악성형술 [중],758
HZPS01101,500000,,,HZPS01101,N,,,,,기타,,,,기타선천성수지기형 [대],759
HZPS01102,300000,,,HZPS01102,N,,,,,기타,,,,기타선천성수지기형 [소],760
HZPS01201,500000,,,HZPS01201,N,,,,,기타,,,,기타수지에대한수술 [대],761
HZPS01203,100000,,,HZPS01203,N,,,,,기타,,,,기타수지에대한수술 [소],762
HZPS01202,300000,,,HZPS01202,N,,,,,기타,,,,기타수지에대한수술 [중],763
HZPS01301,500000,,,HZPS01301,N,,,,,기타,,,,기타안검수술 [대],764
HZPS01302,300000,,,HZPS01302,N,,,,,기타,,,,기타안검수술 [소],765
HZPS01401,1000000,,,HZPS01401,N,,,,,기타,,,,기타안면골성형술 [대],766
HZPS01403,500000,,,HZPS01403,N,,,,,기타,,,,기타안면골성형술 [소1],767
HZPS01404,300000,,,HZPS01404,N,,,,,기타,,,,기타안면골성형술 [소2],768
HZPS01402,700000,,,HZPS01402,N,,,,,기타,,,,기타안면골성형술 [중],769
HZPS01501,400000,,,HZPS01501,N,,,,,기타,,,,기타외이에대한수술 [대],770
HZPS01503,200000,,,HZPS01503,N,,,,,기타,,,,기타외이에대한수술 [소],771
HZPS01502,300000,,,HZPS01502,N,,,,,기타,,,,기타외이에대한수술 [중],772
HZPS01601,550000,,,HZPS01601,N,,,,,기타,,,,기타이하선에관한수술 [대],773
HZPS01602,450000,,,HZPS01602,N,,,,,기타,,,,기타이하선에관한수술 [소],774
HZPS01701,100000,,,HZPS01701,N,,,,,기타,,,,기타인상보형물제작술 [대],775
HZPS01703,20000,,,HZPS01703,N,,,,,기타,,,,기타인상보형물제작술 [소],776
HZPS01702,50000,,,HZPS01702,N,,,,,기타,,,,기타인상보형물제작술 [중],777
HZOG00100,300000,,,HZOG00100,N,,,,,기타,,,,난관결찰술,778
HZDE00201,50000,,1cm 이상 인 경우 산정,HZDE00201,N,,,,,기타,,,,냉동치료 [대],779
HZDE00202,20000,,1cm 미만 인 경우 산정,HZDE00202,N,,,,,기타,,,,냉동치료 [소],780
HZPS01801,500000,,,HZPS01801,N,,,,,기타,,,,대퇴성형술 [대],781
HZPS01802,300000,,,HZPS01802,N,,,,,기타,,,,대퇴성형술 [소],782
HZPS01904,10000,,,HZPS01904,N,,,,,기타,,,,레이저치료 [Tiny],783
HZFM00100,14000,,,HZFM00100,N,,,,,기타,,,,"메조테라피 [비만, 1회당]",784
HZPS02001,400000,,,HZPS02001,N,,,,,기타,,,,모반절제술 [대],785
HZPS02003,100000,,,HZPS02003,N,,,,,기타,,,,모반절제술 [소],786
HZOG00200,90000,,,HZOG00200,N,,,,,기타,,,,미레나 삽입술,787
HZPS02201,500000,,,HZPS02201,N,,,,,기타,,,,박피술 [대],788
HZDE00501,300000,,,HZDE00501,N,,,,,기타,,,,박피술 [레이저] IPL [얼굴전체],789
HZDE00502,200000,,,HZDE00502,N,,,,,기타,,,,박피술 [레이저] IPL [이마제외 얼굴전체],790
HZDE00503,100000,,,HZDE00503,N,,,,,기타,,,,박피술 [레이저] IPL [코주변만],791
HZDE01700,50000,,,HZDE01700,N,,,,,기타,,,,박피술 [레이저] IPL-회당,792
HZPS02203,100000,,,HZPS02203,N,,,,,기타,,,,박피술 [소],793
HZPS02202,300000,,,HZPS02202,N,,,,,기타,,,,박피술 [중],794
HZDE01901,100000,,얼굴 전체를 한 경우에 산정,HZDE01901,N,,,,,기타,,,,박피술 [화학] [대],795
HZDE01903,30000,,얼굴 절반이하를 한 경우에 산정,HZDE01903,N,,,,,기타,,,,박피술 [화학] [소],796
HZDE01902,50000,,얼굴 절반이상을 한 경우에 산정,HZDE01902,N,,,,,기타,,,,박피술 [화학] [중],797
HZPS02301,1200000,,,HZPS02301,N,,,,,기타,,,,박피술-안면전체 [대],798
HZPS02303,600000,,,HZPS02303,N,,,,,기타,,,,박피술-안면전체 [소],799
HZPS02302,900000,,,HZPS02302,N,,,,,기타,,,,박피술-안면전체 [중],800
HZPS02401,500000,,,HZPS02401,N,,,,,기타,,,,반흔절제술 [대],801
HZPS02403,100000,,,HZPS02403,N,,,,,기타,,,,반흔절제술 [소],802
HZPS02402,300000,,,HZPS02402,N,,,,,기타,,,,반흔절제술 [중],803
HZDE02001,10000,,병변내 주입용량이 1cc 미만 인경우 산정,HZDE02001,N,,,,,기타,,,,"병변내주사 Bleomycin ,A",804
HZDE02002,20000,,병변내 주입용량이 1cc 이상 인경우 산정,HZDE02002,N,,,,,기타,,,,"병변내주사 Bleomycin ,B",805
HZDE02101,5000,,병변내 주입용량이 1cc 미만 인경우 산정,HZDE02101,N,,,,,기타,,,,"병변내주입요법,A",806
HZDE02102,10000,,병변내 주입용량이 1cc 이상 인경우 산정,HZDE02102,N,,,,,기타,,,,"병변내주입요법,B",807
HZOP01200,100000,,약제비 별도산정,HZOP01200,N,,,,,기타,,,,보톡스주입술 [시술건당],808
WZ00200,1000,,,WZ00200,N,,,추가식대,,기타,,,,"보호자식대(공기밥, 1개)",809
WZ00100,6000,,,WZ00100,N,,,추가식대,,기타,,,,"보호자식대(일반식, 1식)",810
HZPS02501,1200000,,,HZPS02501,N,,,,,기타,,,,복벽성형술 [대],811
HZPS02503,400000,,,HZPS02503,N,,,,,기타,,,,복벽성형술 [소],812
HZPS02502,800000,,,HZPS02502,N,,,,,기타,,,,복벽성형술 [중],813
HZPS02601,500000,,,HZPS02601,N,,,,,기타,,,,비익신생술 [대],814
HZPS02603,250000,,,HZPS02603,N,,,,,기타,,,,비익신생술 [소],815
HZPS02602,300000,,,HZPS02602,N,,,,,기타,,,,비익신생술 [중],816
HZPS02701,700000,,,HZPS02701,N,,,,,기타,,,,비전체신생술 [대],817
HZPS02703,300000,,,HZPS02703,N,,,,,기타,,,,비전체신생술 [소],818
HZPS02702,500000,,,HZPS02702,N,,,,,기타,,,,비전체신생술 [중],819
HZPS02801,500000,,,HZPS02801,N,,,,,기타,,,,비첨성형술 [대],820
HZPS02803,200000,,,HZPS02803,N,,,,,기타,,,,비첨성형술 [소],821
HZPS02802,300000,,,HZPS02802,N,,,,,기타,,,,비첨성형술 [중],822
HZPS02901,1200000,,,HZPS02901,N,,,,,기타,,,,비축소성형술 [대],823
HZPS02903,600000,,,HZPS02903,N,,,,,기타,,,,비축소성형술 [소],824
HZPS02902,900000,,,HZPS02902,N,,,,,기타,,,,비축소성형술 [중],825
HZPS03001,800000,,,HZPS03001,N,,,,,기타,,,,비확대성형술 [대],826
HZPS03003,400000,,,HZPS03003,N,,,,,기타,,,,비확대성형술 [소],827
HZPS03002,600000,,,HZPS03002,N,,,,,기타,,,,비확대성형술 [중],828
HZDE02201,10000,,사마귀 개수가 3개 이상인 경우 산정,HZDE02201,N,,,,,기타,,,,사마귀제거 [대],829
HZDE02202,5000,,사마귀 개수가 3개 미만인 경우 산정,HZDE02202,N,,,,,기타,,,,사마귀제거 [소],830
HZOP01901,300000,,외모개선 목적인 경우 산정하며 본인이 전액 부담,HZOP01901,N,,,,,기타,,,,"사시수술(단순, 단일안근)",831
HZOP01902,500000,,외모개선 목적인 경우 산정하며 본인이 전액 부담,HZOP01902,N,,,,,기타,,,,"사시수술(단순, 복수안근)",832
HZOP01903,550000,,외모개선 목적인 경우 산정하며 본인이 전액 부담,HZOP01903,N,,,,,기타,,,,"사시수술(복잡, 단일안근)",833
HZOP01904,800000,,외모개선 목적인 경우 산정하며 본인이 전액 부담,HZOP01904,N,,,,,기타,,,,"사시수술(복잡, 복수안근)",834
HZPS03101,1500000,,,HZPS03101,N,,,,,기타,,,,상안면부성형술 [대],835
HZPS03103,600000,,,HZPS03103,N,,,,,기타,,,,상안면부성형술 [소],836
HZPS03102,1200000,,,HZPS03102,N,,,,,기타,,,,상안면부성형술 [중],837
HZPS03201,2500000,,,HZPS03201,N,,,,,기타,,,,상하악복잡성형술 [대],838
HZPS03203,1000000,,,HZPS03203,N,,,,,기타,,,,상하악복잡성형술 [소],839
HZPS03202,1500000,,,HZPS03202,N,,,,,기타,,,,상하악복잡성형술 [중],840
HZOG00400,50000,,,HZOG00400,N,,,,,기타,,,,소음순절제술 [성형목적],841
HZOP01301,300000,,"근육지방사이막,지방절제술을포함한 광범위한 수술",HZOP01301,N,,,,,기타,,,,쌍거풀수술 [대],842
HZOP01302,250000,,피부 및 근육절개에 한정되는 경우에 산정,HZOP01302,N,,,,,기타,,,,쌍거풀수술 [소],843
HZPS03401,1000000,,,HZPS03401,N,,,,,기타,,,,안검성형술 [대],844
HZPS03403,650000,,,HZPS03403,N,,,,,기타,,,,안검성형술 [소],845
HZPS03402,700000,,,HZPS03402,N,,,,,기타,,,,안검성형술 [중],846
HZPS03501,2000000,,,HZPS03501,N,,,,,기타,,,,안면성형술 [대],847
HZPS03503,1000000,,,HZPS03503,N,,,,,기타,,,,안면성형술 [소],848
HZPS03502,1500000,,,HZPS03502,N,,,,,기타,,,,안면성형술 [중],849
HZPS03601,1500000,,,HZPS03601,N,,,,,기타,,,,안면신경마비교정술 [대],850
HZPS03603,500000,,,HZPS03603,N,,,,,기타,,,,안면신경마비교정술 [소],851
HZPS03602,1000000,,,HZPS03602,N,,,,,기타,,,,안면신경마비교정술 [중],852
HZDE02301,10000,,얼굴 전체를 한 경우에 산정,HZDE02301,N,,,,,기타,,,,여드름 치료 [대],853
HZDE02303,3000,,얼굴 절반이하를 한 경우에 산정,HZDE02303,N,,,,,기타,,,,여드름 치료 [소],854
HZDE02302,5000,,얼굴 절반이상을 한 경우에 산정,HZDE02302,N,,,,,기타,,,,여드름 치료 [중],855
HZPS03701,500000,,,HZPS03701,N,,,,,기타,,,,외이성형술 [대],856
HZPS03702,300000,,,HZPS03702,N,,,,,기타,,,,외이성형술 [소],857
HZPS03800,1000000,,,HZPS03800,N,,,,,기타,,,,외이신생술,858
HZPS03901,500000,,,HZPS03901,N,,,,,기타,,,,유두성형술 [대],859
HZPS03902,300000,,,HZPS03902,N,,,,,기타,,,,유두성형술 [소],860
HZOP01800,152910,,아바스틴주는 실사용량으로 산정한다.,HZOP01800,N,,,,,기타,,,,유리체주입술(아바스틴주입),861
HZPS04001,1500000,,,HZPS04001,N,,,,,기타,,,,유방고정술 [대],862
HZPS04003,500000,,,HZPS04003,N,,,,,기타,,,,유방고정술 [소],863
HZPS04002,1000000,,,HZPS04002,N,,,,,기타,,,,유방고정술 [중],864
HZPS04101,1500000,,,HZPS04101,N,,,,,기타,,,,유방축소성형술 [대],865
HZPS04103,700000,,,HZPS04103,N,,,,,기타,,,,유방축소성형술 [소],866
HZPS04102,1000000,,,HZPS04102,N,,,,,기타,,,,유방축소성형술 [중],867
HZPS04201,1500000,,,HZPS04201,N,,,,,기타,,,,유방확대성형술 [대],868
HZPS04203,700000,,,HZPS04203,N,,,,,기타,,,,유방확대성형술 [소],869
HZPS04202,1000000,,,HZPS04202,N,,,,,기타,,,,유방확대성형술 [중],870
HZUR00501,1000000,,,HZUR00501,N,,,,,기타,,,,음경 이물질 제거술 A,871
HZUR00502,1500000,,,HZUR00502,N,,,,,기타,,,,음경 이물질 제거술 B,872
HZUR00503,2000000,,,HZUR00503,N,,,,,기타,,,,음경 이물질 제거술 C주 : flap 또는 graft를 한 경우에 산정,873
HZUR00601,700000,,,HZUR00601,N,,,,,기타,,,,음경바셀린종제거술 [대],874
HZUR00602,400000,,,HZUR00602,N,,,,,기타,,,,음경바셀린종제거술 [소],875
HZUR00700,1000000,,"실린더교체, 펌프교체, 저장고 교체 각각",HZUR00700/HZUR007001/HZUR007002,N,,,,,기타,,,,음경보형물 교정술,876
HZUR00801,1500000,,,HZUR00801,N,,,,,기타,,,,음경보형물 삽입술 A주 : 굽은형 보형물,877
HZUR00803,4000000,,,HZUR00803,N,,,,,기타,,,,음경보형물 삽입술 C주 : 팽창형(3-piece)인 경우에 산정,878
HZUR00900,5000,,,HZUR00900,N,,,,,기타,,,,음경주사,879
HZUR01001,2000000,,,HZUR01001,N,,,,,기타,,,,음경확대술,880
HZOG00800,30000,,재료대 별도산정,HZOG00800,N,,,,,기타,,,,자궁내장치 [IUD],881
HZPS04301,900000,,,HZPS04301,N,,,,,기타,,,,전두골성형술 [대],882
HZPS04303,300000,,,HZPS04303,N,,,,,기타,,,,전두골성형술 [소],883
HZPS04302,500000,,,HZPS04302,N,,,,,기타,,,,전두골성형술 [중],884
HZPS04401,900000,,,HZPS04401,N,,,,,기타,,,,전두부성형술 [대],885
HZPS04403,300000,,,HZPS04403,N,,,,,기타,,,,전두부성형술 [소],886
HZPS04402,500000,,,HZPS04402,N,,,,,기타,,,,전두부성형술 [중],887
HZUR01300,200000,,"""""""""""""""피임시술인 정관절제술 또는 결찰술(자-389-1-라, R3896), 난관결찰술(자-434, R4341~R4345) 및 자궁내장치삽입술(자427, R4271)을 본인이 원하여 실시한 경우에는 비급여 대상(고시 제 2004-71호)""""""""""""""",HZUR01300,N,,,,,기타,,,,정관절제술 [결찰술],888
HZPS04501,500000,,,HZPS04501,N,,,,,기타,,,,조직확장기삽입술 [대],889
HZPS04503,200000,,,HZPS04503,N,,,,,기타,,,,조직확장기삽입술 [소],890
HZPS04502,300000,,,HZPS04502,N,,,,,기타,,,,조직확장기삽입술 [중],891
HZPS04601,1200000,,2부위 초과 실시 시 산정,HZPS04601,N,,,,,기타,,,,지방이식술 [대],892
HZPS04603,500000,,2부위 미만 실시 시 산정,HZPS04603,N,,,,,기타,,,,지방이식술 [소],893
HZPS04602,700000,,2부위 실시 시 산정,HZPS04602,N,,,,,기타,,,,지방이식술 [중],894
HZPS04701,500000,,,HZPS04701,N,,,,,기타,,,,지방흡입술 [대],895
HZPS04703,200000,,,HZPS04703,N,,,,,기타,,,,지방흡입술 [소],896
HZPS04702,300000,,,HZPS04702,N,,,,,기타,,,,지방흡입술 [중],897
HZOG01001,500000,,질입구에서 Incision을 5cm이상 넣은경우 산정,HZOG01001,N,,,,,기타,,,,질 및 회음부 성형술 [대],898
HZOG01003,400000,,질입구에서 Incision을 3cm미만 넣은경우 산정,HZOG01003,N,,,,,기타,,,,질 및 회음부 성형술 [소],899
HZGT00700,800000,,,HZGT00700,N,,,,,기타,,,,초음파 유도하 맘모톰,900
HZPS04801,800000,,,HZPS04801,N,,,,,기타,,,,턱성형술 [대],901
HZPS04803,300000,,,HZPS04803,N,,,,,기타,,,,턱성형술 [소],902
HZPS04802,500000,,,HZPS04802,N,,,,,기타,,,,턱성형술 [중],903
HZPS04901,1000000,,,HZPS04901,N,,,,,기타,,,,턱확대성형술 [대],904
HZPS04903,500000,,,HZPS04903,N,,,,,기타,,,,턱확대성형술 [소],905
HZPS04902,700000,,,HZPS04902,N,,,,,기타,,,,턱확대성형술 [중],906
HZUR01701,500000,,침범범위가 proximal 인 경우 산정,HZUR01701,N,,,,행위,기타,,,,파라핀 제거술 A,907
HZUR01702,1000000,,침범범위가 1/2 인 경우에 산정,HZUR01702,N,,,,,기타,,,,파라핀 제거술 B,908
HZUR01703,1500000,,침범범위가 total 인 경우에 산정,HZUR01703,N,,,,,기타,,,,파라핀 제거술 C,909
HZUR01800,150000,,,HZUR01800,N,,,,,기타,,,,포경수술(배면절개),910
HZUR01801,200000,,,HZUR01801,N,,,,,기타,,,,포경수술(환상절개),911
HZDE02501,100000,,병소의 개수가 3개이상인 경우 산정,HZDE02501,N,,,,,기타,,,,"피부전기소작,냉동술 [대]",912
HZDE02503,10000,,병소의 개수가 1개 또는 크기가 1cm 이하인 경우 산정,HZDE02503,N,,,,,기타,,,,"피부전기소작,냉동술 [소]",913
HZDE02502,50000,,병소의 개수가 1개이상 3개미만인 경우 산정,HZDE02502,N,,,,,기타,,,,"피부전기소작,냉동술 [중]",914
HZPS05001,500000,,,HZPS05001,N,,,,,기타,,,,피부지방이식술 [대],915
HZPS05003,200000,,,HZPS05003,N,,,,,기타,,,,피부지방이식술 [소],916
HZPS05002,300000,,,HZPS05002,N,,,,,기타,,,,피부지방이식술 [중],917
HZPS05400,100000,,시술범위 1㎝당 산정,HZPS05400,N,,,,,기타,,,,필러교정술,918
HZPS05101,1500000,,,HZPS05101,N,,,,,기타,,,,하악골성형술 [대],919
HZPS05102,1000000,,,HZPS05102,N,,,,,기타,,,,하악골성형술 [소],920
HZPS05201,900000,,,HZPS05201,N,,,,,기타,,,,협골성형술 [대],921
HZPS05203,300000,,,HZPS05203,N,,,,,기타,,,,협골성형술 [소],922
HZPS05202,500000,,,HZPS05202,N,,,,,기타,,,,협골성형술 [중],923
QZ961,,,"진료과별 시행부위,난이도에 따라 차등 적용",HZQZ96104,N,,Y,처치 및 수술료 등,행위,처치 및 수술료 등,,11000000,8000000,다빈치 기기를 이용한 로봇 보조 수술 - 전립선,924
QZ961,,,"진료과별 시행부위,난이도에 따라 차등 적용",HZQZ96101-HZQZ96105,N,,Y,처치 및 수술료 등,행위,처치 및 수술료 등,,11000000,7000000,"다빈치 기기를 이용한 로봇 보조 수술 -비뇨의학과(부신.방광, 요관, 신장 등), 외과(반흔탈장)",925
QZ961,,,"진료과별 시행부위,난이도에 따라 차등 적용",HZQZ96106-HZQZ96108,N,,Y,처치 및 수술료 등,행위,처치 및 수술료 등,,12500000,10500000,다빈치 기기를 이용한 로봇 보조 수술 - 위,926
QZ961,,,"진료과별 시행부위,난이도에 따라 차등 적용",HZQZ96109-HZQZ96111,N,,Y,처치 및 수술료 등,행위,처치 및 수술료 등,,12500000,10500000,다빈치 기기를 이용한 로봇 보조 수술 - 대장·직장,927
QZ961,,,"진료과별 시행부위,난이도에 따라 차등 적용",HZQZ96112-HZQZ96114,N,,Y,처치 및 수술료 등,행위,처치 및 수술료 등,,12500000,10500000,다빈치 기기를 이용한 로봇 보조 수술 - 간담췌,928
QZ961,,,"진료과별 시행부위,난이도에 따라 차등 적용",HZQZ96119-HZQZ96121,N,,Y,처치 및 수술료 등,행위,처치 및 수술료 등,,8000000,6000000,다빈치 기기를 이용한 로봇 보조 수술 - 경구강,929
QZ961,,,"진료과별 시행부위,난이도에 따라 차등 적용",HZQZ96122-HZQZ96125,N,,Y,처치 및 수술료 등,행위,처치 및 수술료 등,,9000000,6000000,다빈치 기기를 이용한 로봇 보조 수술 - 두경부,930
QZ961,,,"진료과별 시행부위,난이도에 따라 차등 적용",HZQZ96126-HZQZ96127,N,,Y,처치 및 수술료 등,행위,처치 및 수술료 등,,11000000,8000000,"다빈치 기기를 이용한 로봇 보조 수술 - 폐, 종격동",931
QZ961,,,"진료과별 시행부위,난이도에 따라 차등 적용",HZQZ96128-HZQZ96132,N,,Y,처치 및 수술료 등,행위,처치 및 수술료 등,,10000000,6000000,다빈치 기기를 이용한 로봇 보조 수술- 자궁등,932
AB901,,,일반과/내소정 구분,일반,2,,,상급병실료 차액,행위,기본진료료,,156980,142720,1인실,933
CZ212,31328,,위탁검사,,2,,,내분비검사,행위,검사료,,,,PAPP-A 검사,934
CZ213,39415,,위탁검사,,2,,,내분비검사,행위,검사료,,,,갑상선자극면역글로불린[생물발광법],935
SZ05300,15000,,,,2,,,내분비검사,행위,검사료,,,,체성분 분석검사,936
CZ241,12000,,,,2,,,일반화학검사,행위,검사료,,,,당알부민,937
CZ394,25000,,,,2,,,감염증 기타 검사,행위,검사료,,,,인플루엔자 A·B 바이러스항원검사 [현장검사]  ,938
CZ422,34009,,위탁검사,,2,,,자가면역질환검사,행위,검사료,,,,항신경핵항체 1형,939
CZ423,34009,,위탁검사,,2,,,자가면역질환검사,행위,검사료,,,,항신경핵항체 2형,940
CZ425,26333,,위탁검사,,2,,,자가면역질환검사,행위,검사료,,,,항GD1b항체 [IgM],941
CZ427,26333,,위탁검사,,2,,,자가면역질환검사,행위,검사료,,,,항MAG항체,942
CZ432,25300,,,,2,,,자가면역질환검사,행위,검사료,,,,항CCP항체[IgG],943
CZ434,52677,,위탁검사,,2,,,자가면역질환검사,행위,검사료,,,,ASCA검사-igA [효소면역측정법] ,944
CZ261,26333,,위탁검사,,2,,,자가면역질환검사,행위,검사료,,,,항GM1항체 [IgG],945
CZ262,26333,,위탁검사,,2,,,자가면역질환검사,행위,검사료,,,,항GM1항체 [IgM],946
CZ996,59652,,위탁검사,,2,,,분자병리검사,행위,검사료,,,,기타 검사-인플루엔자바이러스 A & B [역전사이중중합효소연쇄반응],947
FY739,30000,,,,2,,,신경계기능검사,행위,검사료,,,,증상 및 행동 평가 척도(기타)-한국판성격평가척도(KPAI),948
FZ733,31010,,,자발 및 주시 안진검사,2,,,평형 및 청각기능검사,행위,검사료,,,,비디오전기안진검사,949
FZ733,31010,,,두위 및 두위변환 안진검사,2,,,평형 및 청각기능검사,행위,검사료,,,,비디오전기안진검사,950
FZ733,31010,,,두진후 안진검사,2,,,평형 및 청각기능검사,행위,검사료,,,,비디오전기안진검사,951
FZ733,50000,,,시운동성 안진 및 시운동후 안진검사,2,,,평형 및 청각기능검사,행위,검사료,,,,비디오전기안진검사,952
FZ733,50000,,,급속안구 운동검사,2,,,평형 및 청각기능검사,행위,검사료,,,,비디오전기안진검사,953
FZ733,50000,,,시표추적검사,2,,,평형 및 청각기능검사,행위,검사료,,,,비디오전기안진검사,954
FZ733,51800,,,체위변환,2,,,평형 및 청각기능검사,행위,검사료,,,,비디오전기안진검사,955
FZ733,100000,,,"안진검사(정밀), 안진 안구 운동검사(정밀)",2,,,평형 및 청각기능검사,행위,검사료,,,,비디오전기안진검사,956
FZ733,103500,,,비디오전기 안진검사 (체위변환 및 이석정복술),2,,,평형 및 청각기능검사,행위,검사료,,,,비디오전기안진검사,957
EZ796,50000,,급여 인정기준 외 실시한 경우 비급여,각막 안구광화학단층촬영(편측),2,,,시기능검사,행위,검사료,,,,안구광학단층촬영,958
EZ796,100000,,급여 인정기준 외 실시한 경우 비급여,안구광학단층촬영(OCT)녹내장(시신경) 단순 단안,2,,,시기능검사,행위,검사료,,,,안구광학단층촬영,959
EZ796,100000,,급여 인정기준 외 실시한 경우 비급여,안구광학단층촬영(OCT)망막(황반부) 단순 단안,2,,,시기능검사,행위,검사료,,,,안구광학단층촬영,960
EZ797,50000,,,,2,,,시기능검사,행위,검사료,,,,눈의 계측검사 (레이저간섭계 이용),961
EZ868,,,,"1부위,2부위",2,,,순환기 기능검사,행위,검사료,,50000,30000,동맥경화도검사(맥파전달속도측정),962
EZ917,30000,,,,2,,,치아검사,행위,검사료,,,,구취측정검사,963
MZ002,6000,,,,2,,,물리치료료,행위,이학요법료(물리치료료),,,,기립경사훈련,964
MZ008,50000,,,,2,,,물리치료료,행위,이학요법료(물리치료료),,,,연하재활 기능적전기자극치료,965
MZ009,35000,,,,2,,,물리치료료,행위,이학요법료(물리치료료),,,,전산화 인지재활치료[주의·기억],966
MX033,,,,,2,,,물리치료료,행위,이학요법료(물리치료료),,30000,20000,체외자기장 요실금치료 [1일당] ,967
MX122,20000,,,,2,,,물리치료료,행위,이학요법료(물리치료료),,,,도수치료,968
SZ031,,,부가세별도,,2,,,피부 및 연부조직,행위,처치 및 수술료 등,,100000,30000,화학적박피술,969
SZ634,500000,,,,2,N,N,신경,행위,처치 및 수술료 등,,,,경피적 경막외강 신경성형술,970
SZ667,250000,,,,2,N,,감각기-시기(눈),행위,처치 및 수술료 등,,,,안구표면의 양막이식술,971
S5070,84300,,,,2,N,,감각기-시기(눈),행위,처치 및 수술료 등,,,,유리체주입술,972
N1131,10000,,부가세별도,,2,,,성형,행위,처치 및 수술료 등,,,,색소 레이저(소),973
,300000,,부가세별도,,2,,,성형,행위,처치 및 수술료 등,,,,IPL(얼굴전체),974
,200000,,부가세별도,,2,,,성형,행위,처치 및 수술료 등,,,,IPL(이마제외-얼굴전체),975
,100000,,부가세별도,,2,,,성형,행위,처치 및 수술료 등,,,,IPL(코주변),976
,150000,,부가세별도,,2,,,성형,행위,처치 및 수술료 등,,,,IPL(겨드랑이 양측-제모),977
,300000,,부가세별도,,2,,,성형,행위,처치 및 수술료 등,,,,IPL(허벅지 양측-제모),978
,100000,,부가세별도,,2,,,성형,행위,처치 및 수술료 등,,,,피부화학박피술 (대),979
,50000,,부가세별도,,2,,,성형,행위,처치 및 수술료 등,,,,피부화학박피술 (중),980
,30000,,부가세별도,,2,,,성형,행위,처치 및 수술료 등,,,,피부화학박피술 (소),981
,10000,,,,2,,,성형,행위,처치 및 수술료 등,,,,여드름 제거(대),982
,5000,,,,2,,,성형,행위,처치 및 수술료 등,,,,여드름 제거(중),983
,3000,,,,2,,,성형,행위,처치 및 수술료 등,,,,여드름 제거(소),984
,8000,,,,2,,,성형,행위,처치 및 수술료 등,,,,비만치료(주사),985
,300000,,부가세별도,,2,,,성형,행위,처치 및 수술료 등,,,,쌍거풀수술(대),986
,250000,,부가세별도,,2,,,성형,행위,처치 및 수술료 등,,,,쌍거풀수술(소),987
,300000,,급여 인정기준 외 실시한 경우 비급여,,2,,,기타,행위,처치 및 수술료 등,,,,난관결찰술(양측),988
,90000,,,,2,N,,기타,행위,처치 및 수술료 등,,,,미레나삽입술,989
,30000,,,,2,,,기타,행위,처치 및 수술료 등,,,,자궁내장치(IUD)삽입술,990
,100000,,,,2,,,기타,행위,처치 및 수술료 등,,,,산부인과 충수절제술,991
HZPS00701,500000,,,,2,,,기타,행위,처치 및 수술료 등,,,,기타보형물제거술(대),992
HZPS00702,300000,,,,2,,,기타,행위,처치 및 수술료 등,,,,기타보형물제거술(중),993
HZPS00703,200000,,,,2,,,기타,행위,처치 및 수술료 등,,,,기타보형물제거술(소1),994
,10000,,,,2,,,기타,행위,처치 및 수술료 등,,,,레이저치료 [Tiny],995
,500000,,,,2,,,기타,행위,처치 및 수술료 등,,,,고환삽입술,996
,100000,,,,2,,,기타,행위,처치 및 수술료 등,,,,약물유도사정술,997
,500000,,,,2,,,기타,행위,처치 및 수술료 등,,,,음경 이물질 제거술 A,998
,700000,,,,2,,,기타,행위,처치 및 수술료 등,,,,음경바셀린종제거술(대),999
,400000,,,,2,,,기타,행위,처치 및 수술료 등,,,,음경바셀린종제거술(소),1000
,1000000,,,인상,2,,,기타,행위,처치 및 수술료 등,,,,음경보형물 삽입술 A [굽은형 보형물],1001
,2000000,,,,2,,,기타,행위,처치 및 수술료 등,,,,음경보형물 삽입술 C[팽창형(3-piece)인 경우에 산정)],1002
,2000000,,,,2,,,기타,행위,처치 및 수술료 등,,,,음경확대술,1003
,1000000,,,,2,,,기타,행위,처치 및 수술료 등,,,,인공 괄약근 설치술,1004
,500000,,급여 인정기준 외 실시한 경우 비급여,,2,,,기타,행위,처치 및 수술료 등,,,,정관복원술 ,1005
,200000,,급여 인정기준 외 실시한 경우 비급여,,2,,,기타,행위,처치 및 수술료 등,,,,정관절제술(결찰술),1006
,150000,,,,2,,,기타,행위,처치 및 수술료 등,,,,포경수술(배면절개),1007
,200000,,,,2,,,기타,행위,처치 및 수술료 등,,,,포경수술(환상절개),1008
,8000,,,,2,,,기타,행위,처치 및 수술료 등,,,,비만치료(주사),1009
UZ001,100000,,,포스트코아 (기성품),2,,,치아질환 처치,행위,치과 처치ㆍ수술료,,,,보철물 장착을 위한 전단계로 실시하는 Post Core,1010
UZ001,100000,,,주조포스트 (금),2,,,치아질환 처치,행위,치과 처치ㆍ수술료,,,,보철물 장착을 위한 전단계로 실시하는 Post Core,1011
UZ004,250000,,,"인레이 간접충전 1)금 - 1면, 2면, 3면",2,,,치아질환 처치,행위,치과 처치ㆍ수술료,,,,인레이(Inlay) 및 온레이(Onlay) 간접충전(금 등을 사용한 충전치료),1012
UZ005,80000,,,,2,,,치아질환 처치,행위,치과 처치ㆍ수술료,,,,광중합형 복합레진충전,1013
UZ006,80000,,,,2,,,치아질환 처치,행위,치과 처치ㆍ수술료,,,,광중합형 글래스 아이오노머 시멘트충전,1014
,,,,,2,,,치아질환 처치,행위,치과 처치ㆍ수술료,,100000,50000,의치수리,1015
,,,,,2,,,치아질환 처치,행위,치과 처치ㆍ수술료,,200000,100000,포세린관 수리,1016
,70000,,,,2,,,치아질환 처치,행위,치과 처치ㆍ수술료,,,,나선형 합정,1017
,150000,,,,2,,,치아질환 처치,행위,치과 처치ㆍ수술료,,,,"의치 직접 이장술, 복잡",1018
,50000,,,,2,,,치아질환 처치,행위,치과 처치ㆍ수술료,,,,탄성 의치상 이장술,1019
,50000,,,,2,,,치아질환 처치,행위,치과 처치ㆍ수술료,,,,"임시 의치, 단순",1020
,30000,,,,2,,,치아질환 처치,행위,치과 처치ㆍ수술료,,,,레진 가공 의치 (1치당),1021
,,,,,2,,,치아질환 처치,행위,치과 처치ㆍ수술료,,30000,10000,치태조절 및 예방술식,1022
,30000,,,,2,,,치아질환 처치,행위,치과 처치ㆍ수술료,,,,"잇솔질 교습, 회당",1023
,,,,,2,,,치아질환 처치,행위,치과 처치ㆍ수술료,,50000,30000,치아 표백술,1024
,30000,,,,2,,,치아질환 처치,행위,치과 처치ㆍ수술료,,,,모형 분석용 인상/1악당,1025
,30000,,,,2,,,치아질환 처치,행위,치과 처치ㆍ수술료,,,,"교합안정장치(1악당), 단순",1026
,30000,,,,2,,,치아질환 처치,행위,치과 처치ㆍ수술료,,,,교합안정장치 관리,1027
,100000,,,,2,,,치아질환 처치,행위,치과 처치ㆍ수술료,,,,불소 도포 (1악당),1028
,50000,,,,2,,,치아질환 처치,행위,치과 처치ㆍ수술료,,,,Resin facing 수리 (1치당),1029
,,,,,2,,,치아질환 처치,행위,치과 처치ㆍ수술료,,100000,50000,치아 매식 진단료  Dx of implant ,1030
,100000,,,,2,,,치아질환 처치,행위,치과 처치ㆍ수술료,,,,피.알.피,1031
,50000,,,,2,,,치아질환 처치,행위,치과 처치ㆍ수술료,,,,치아지지 가철성 의치 클립 교환,1032
,50000,,,,2,,,치아질환 처치,행위,치과 처치ㆍ수술료,,,,치아지지 가철성 의치 오-링&이알에이 교환,1033
,200000,,,,2,,,치아질환 처치,행위,치과 처치ㆍ수술료,,,,치아지지 가철성 의치 자석체 교환,1034
,300000,,,,2,,,치아질환 처치,행위,치과 처치ㆍ수술료,,,,"처치 치아매식, 자석체 교환 ",1035
,300000,,,,2,,,치아질환 처치,행위,치과 처치ㆍ수술료,,,,"치아매식, 지대체 교환",1036
,50000,,,,2,,,치아질환 처치,행위,치과 처치ㆍ수술료,,,,"치아매식, 코핑 스크류 교환",1037
,100000,,,,2,,,치아질환 처치,행위,치과 처치ㆍ수술료,,,,"치아매식, 유씨엘에이 스크류 교환",1038
,,,,,2,,,치아질환 처치,행위,치과 처치ㆍ수술료,,100000,50000,치아매식 수리,1039
,,,,,2,,,치아질환 처치,행위,치과 처치ㆍ수술료,,200000,50000,"치아매식, 임시 레진치",1040
,,,,,2,,,치아질환 처치,행위,치과 처치ㆍ수술료,,1000000,200000,골 이식술,1041
,30000,,,,2,,,치아질환 처치,행위,치과 처치ㆍ수술료,,,,치면 열구 전색,1042
,80000,,,,2,,,치아질환 처치,행위,치과 처치ㆍ수술료,,,,Scaling 치석제거,1043
,500000,,,,2,,,치아질환 처치,행위,치과 처치ㆍ수술료,,,,Cornus Denture(내관 & 외관),1044
,100000,,,,2,,,치아질환 처치,행위,치과 처치ㆍ수술료,,,,Milling 비,1045
,,,,,2,,,치아질환 처치,행위,치과 처치ㆍ수술료,,1500000,1000000,"임플란트목적/상악동거상술,측방접근",1046
,60000,,,,2,,,치아질환 처치,행위,치과 처치ㆍ수술료,,,,레이져 솔더,1047
,100000,,,,2,,,치아질환 처치,행위,치과 처치ㆍ수술료,,,,임플란트 주위염 치료,1048
,100000,,,,2,,,치아질환 처치,행위,치과 처치 및 수술료,,,,"임플란트 2차 수술, 간단",1049
,50000,,,,2,,,치아질환 처치,행위,치과 처치ㆍ수술료,,,,치주 테스트(인공치아 개당),1050
,,,,,2,,,치아질환 처치,행위,치과 처치ㆍ수술료,,100000,50000,서지컬 스텐트(수술용 스텐트),1051
,300000,,,,2,,,치아질환 처치,행위,치과 처치ㆍ수술료,,,,임플란트목적/상악동거상술(편측),1052
,1000000,,,,2,,,치아질환 처치,행위,치과 처치ㆍ수술료,,,,임플란트목적/하치조측방전위술(편측),1053
,1500000,,,,2,,,치아질환 처치,행위,치과 처치ㆍ수술료,,,,임플란트목적/하치조측방전위술(양측),1054
,500000,,,,2,,,치아질환 처치,행위,치과 처치ㆍ수술료,,,,골증대술,1055
,50000,,,,2,,,치아질환 처치,행위,치과 처치ㆍ수술료,,,,보격장치(고정식),1056
,100000,,,,2,,,치아질환 처치,행위,치과 처치ㆍ수술료,,,,보격장치(가철식),1057
UX041,100000,,,,2,,,구강외과 수술,행위,치과 처치ㆍ수술료,,,,치관노출술 [1치당],1058
49010,15000,,,,2,Y,,시술료,행위,한방 시술 및 처치료,,,,약침술,1059
59104,30000,,,,2,,,한방 정신요법료,행위,한방 시술 및 처치료,,,,자율훈련법,1060
,420000,,금함량 55%,인상,2,,Y,보철,행위,치과의 보철료,,,,"주조금관, 금합금",1061
,250000,,,,2,,Y,보철,행위,치과의 보철료,,,,가철성 의치용 금속 교합면 인공치 (S-gold),1062
,370000,,,,2,,Y,보철,행위,치과의 보철료,,,,"도재소부전장관, 비귀금속, A",1063
,350000,,,,2,,Y,보철,행위,치과의 보철료,,,,"도재소부전장관, 비귀금속, B",1064
,700000,,,,2,,Y,보철,행위,치과의 보철료,,,,"편측 가철성국소의치, 고주파비귀금속",1065
,230000,,,,2,,Y,보철,행위,치과의 보철료,,,,"포스트관, 귀금속, 단순",1066
,1800000,,,,2,,Y,보철,행위,치과의 보철료,,,,"치아지지가철성의치, 복잡",1067
,1800000,,,,2,,Y,보철,행위,치과의 보철료,,,,"임플란트 지지의치, 복잡",1068
,600000,,,,2,,Y,보철,행위,치과의 보철료,,,,"코누스 텔레스코픽 내,외관 금합금",1069
,500000,,,,2,,Y,보철,행위,치과의 보철료,,,,"코누스 텔레스코픽 내,외관 PD합금",1070
,620000,,,,2,,Y,보철,행위,치과의 보철료,,,,"매식치금관, 슈퍼골드",1071
,660000,,,,2,,Y,보철,행위,치과의 보철료,,,,"매식치금관, 백금가공",1072
,150000,,,,2,,Y,보철,행위,치과의 보철료,,,,"임시치, 복잡",1073
,700000,,,,2,,Y,보철,행위,치과의 보철료,,,,"코누스 텔레스코픽 내,외관 백금합금",1074
,550000,,,,2,,Y,보철,행위,치과의 보철료,,,,"코누스 텔레스코픽 내,외관 비귀금속",1075
,150000,,,,2,,Y,보철,행위,치과의 보철료,,,,세미리지드 연결체,1076
,1800000,,,,2,,Y,보철,행위,치과의 보철료,,,,"매식술, 혼합형틀니,Titanium,Fixture 5ea,",1077
,2100000,,,,2,,Y,보철,행위,치과의 보철료,,,,"매식술, 혼합형틀니 ,Titanium,Fixture 6ea",1078
,1200000,,,,2,,Y,보철,행위,치과의 보철료,,,,"매식술, 헤더바,Fixture 2ea",1079
,650000,,,,2,,Y,보철,행위,치과의 보철료,,,,"코누스 텔레스코픽 내,외관 귀금속",1080
,1500000,,,,2,,Y,보철,행위,치과의 보철료,,,,"매식술, 헤더바,Fixture 3ea",1081
,1800000,,,,2,,Y,보철,행위,치과의 보철료,,,,"매식술, 헤더바,Fixture 4ea",1082
,1500000,,,,2,,Y,보철,행위,치과의 보철료,,,,"매식술, 밀드바,Gold,Fixture 3ea",1083
,520000,,,,2,,Y,보철,행위,치과의 보철료,,,,"도재소부전장관, 무깃, 귀금속",1084
,470000,,,,2,,Y,보철,행위,치과의 보철료,,,,"전부도재관, 전세라믹",1085
,290000,,,,2,,Y,보철,행위,치과의 보철료,,,,"주조관, 메리랜드, 비귀금속",1086
,370000,,,,2,,Y,보철,행위,치과의 보철료,,,,"금주조관, 메리랜드, 귀금속",1087
,270000,,,,2,,Y,보철,행위,치과의 보철료,,,,"인레이, 포세라인 or  레진, 단순",1088
,800000,,,,2,,Y,보철,행위,치과의 보철료,,,,매식치 귀금속 도재관,1089
,1800000,,,,2,,Y,보철,행위,치과의 보철료,,,,"매식술, 밀드바,Titanium,Fixture 6ea",1090
,570000,,,,2,,Y,보철,행위,치과의 보철료,,,,매식치  A-gold 도재관,1091
,280000,,,,2,,Y,보철,행위,치과의 보철료,,,,"ERA,1ea",1092
,350000,,,,2,,Y,보철,행위,치과의 보철료,,,,"Magnetic,1ea",1093
,350000,,,,2,,Y,보철,행위,치과의 보철료,,,,"인레이, 귀금속, 복잡",1094
,1900000,,,,2,,Y,보철,행위,치과의 보철료,,,,"매식술, 밀드바,Gold,Fixture 4ea",1095
,600000,,,,2,,Y,보철,행위,치과의 보철료,,,,매식치 비귀금속 도재관,1096
,2500000,,,,2,,Y,보철,행위,치과의 보철료,,,,"매식술, 혼합형틀니 ",1097
,1150000,,,,2,,Y,보철,행위,치과의 보철료,,,,"매식술, 헤더바",1098
,430000,,,,2,,Y,보철,행위,치과의 보철료,,,,임시 가철성 국소의치,1099
,1400000,,,,2,,Y,보철,행위,치과의 보철료,,,,"어태치먼트 국소 의치, 간단",1100
,1600000,,,,2,,Y,보철,행위,치과의 보철료,,,,"어태치먼트 국소 의치, 복잡",1101
,1600000,,,,2,,Y,보철,행위,치과의 보철료,,,,"매식술, 밀드바,Titanium,Fixture 5ea",1102
,800000,,,,2,,Y,보철,행위,치과의 보철료,,,,"캐드캠 세라믹 크라운,임플란트용(복잡)",1103
,400000,,,,2,,Y,보철,행위,치과의 보철료,,,,Locator,1104
,160000,,,,2,,Y,보철,행위,치과의 보철료,,,,Spark elosin,1105
,1500000,,,,2,,Y,보철,행위,치과의 보철료,,,,"매식술, 혼합형틀니,Titanium,Fixture 4ea",1106
,220000,,,,2,,Y,보철,행위,치과의 보철료,,,,"포스트관, 그래스화이버",1107
,600000,,,,2,,Y,보철,행위,치과의 보철료,,,,"편측 가철성국소의치, 비귀금속",1108
,450000,,,,2,,Y,보철,행위,치과의 보철료,,,,"도재소부전장관, 귀금속, B",1109
,380000,,,,2,,Y,보철,행위,치과의 보철료,,,,"도재소부전장관, 무깃, 비귀금속 ",1110
,1600000,,,,2,,Y,보철,행위,치과의 보철료,,,,"치아지지가철성의치, 간단",1111
,250000,,,,2,,Y,보철,행위,치과의 보철료,,,,"주조관, N-C 합금",1112
,700000,,,,2,,Y,보철,행위,치과의 보철료,,,,"캐드캠 세라믹 크라운,임플란트용(단순)",1113
,300000,,,,2,,Y,보철,행위,치과의 보철료,,,,"인레이, 귀금속, 단순",1114
,400000,,,,2,,Y,보철,행위,치과의 보철료,,,,"전부도재관, 순면버니어",1115
,350000,,금함량 46%,,2,,Y,보철,행위,치과의 보철료,,,,"주조금관, Pd 합금",1116
,520000,,,,2,,Y,보철,행위,치과의 보철료,,,,"도재소부전장관, 귀금속, A",1117
,1500000,,,,2,,Y,보철,행위,치과의 보철료,,,,"임플란트 지지의치, 단순",1118
,880000,,,,2,,Y,보철,행위,치과의 보철료,,,,"테레스코픽 국소 의치, 간단",1119
,1100000,,,,2,,Y,보철,행위,치과의 보철료,,,,"테레스코픽 국소 의치, 복잡",1120
,190000,,,,2,,Y,보철,행위,치과의 보철료,,,,"의치 이장술, 간접법, 단순",1121
,300000,,,,2,,Y,보철,행위,치과의 보철료,,,,"부착장치, 단순",1122
,500000,,,,2,,Y,보철,행위,치과의 보철료,,,,"로케이터,G",1123
,440000,,,,2,,Y,보철,행위,치과의 보철료,,,,"부착장치, 복잡 ",1124
,260000,,,,2,,Y,보철,행위,치과의 보철료,,,,"포스트관, 귀금속, 복잡",1125
,180000,,,,2,,Y,보철,행위,치과의 보철료,,,,"포스트관, 파라 포스트",1126
,900000,,,,2,,Y,보철,행위,치과의 보철료,,,,"Flexible denture (비귀금속),복잡",1127
,350000,,,,2,,Y,보철,행위,치과의 보철료,,,,"부착장치, 보통",1128
,350000,,,,2,,Y,보철,행위,치과의 보철료,,,,F.D. Temporary,1129
,400000,,,,2,,Y,보철,행위,치과의 보철료,,,,즉시 or 임시폐쇄장치,1130
,340000,,,,2,,Y,보철,행위,치과의 보철료,,,,자석장치,1131
,1200000,,,,2,,Y,보철,행위,치과의 보철료,,,,"가철성 국소의치, 비귀금속",1132
,1400000,,,,2,,Y,보철,행위,치과의 보철료,,,,"가철성 국소의치, 고주파 비귀금속",1133
,1400000,,,,2,,Y,보철,행위,치과의 보철료,,,,"총의치, 비귀금속편, 망사",1134
,1600000,,,,2,,Y,보철,행위,치과의 보철료,,,,"총의치, 귀금속편",1135
,1200000,,,,2,,Y,보철,행위,치과의 보철료,,,,"총의치, 레진상",1136
,600000,,,,2,,Y,보철,행위,치과의 보철료,,,,"즉시총의치,망사",1137
,500000,,,,2,,Y,보철,행위,치과의 보철료,,,,"즉치총의치,레진상",1138
,300000,,,,2,,Y,보철,행위,치과의 보철료,,,,"의치 이장술, 간접법, 복잡",1139
,2300000,,,,2,,Y,보철,행위,치과의 보철료,,,,"매식술, 밀드바,Gold,Fixture 5ea",1140
,2700000,,,,2,,Y,보철,행위,치과의 보철료,,,,"매식술, 밀드바,Gold,Fixture 6ea",1141
,1200000,,,,2,,Y,보철,행위,치과의 보철료,,,,"매식술, 밀드바,Titanium,Fixture 3ea",1142
,1400000,,,,2,,Y,보철,행위,치과의 보철료,,,,"매식술, 밀드바,Titanium,Fixture 4ea",1143
,500000,,,,2,,Y,보철,행위,치과의 보철료,,,,"매식술, 자성체",1144
,450000,,,,2,,Y,보철,행위,치과의 보철료,,,,"매식술, 오-링, E.R.A., ",1145
,460000,,,,2,,Y,보철,행위,치과의 보철료,,,,"매식술, MDI",1146
,230000,,,,2,,Y,보철,행위,치과의 보철료,,,,"매식술, 임시 MDI",1147
,1500000,,,,2,,Y,보철,행위,치과의 보철료,,,,"치아 매식술, 복잡, NOBEL",1148
,1450000,,,,2,,Y,보철,행위,치과의 보철료,,,,"치아 매식술, 복잡, ASTRA",1149
,1350000,,,,2,,Y,보철,행위,치과의 보철료,,,,"치아 매식술, 단순",1150
,550000,,,,2,,Y,보철,행위,치과의 보철료,,,,캐드캠 세라믹 크라운,1151
,600000,,,,2,,Y,보철,행위,치과의 보철료,,,,"교합안정장치, 복잡",1152
,1000000,,,,2,,Y,보철,행위,치과의 보철료,,,,"매식술,국산,G",1153
,460000,,금함량 72%,,2,,Y,보철,행위,치과의 보철료,,,,"주조금관, 백금합금",1154
,280000,,,,2,,Y,보철,행위,치과의 보철료,,,,"인레이, 포세라인 or  레진, 복잡",1155
BC0101BU,,,,1CC/3CC/5CC,2,,,인체조직유래 2차 가공뼈,치료재료,,,1749440,402916,RAFUGEN DBM GEL,1156
BC0101IE,380938,,,,2,,,인체조직유래 2차 가공뼈,치료재료,,,,,ORTHOBLAST ∥ PASTE,1157
BC0102QT,,,,,2,,,인체조직유래 2차 가공뼈,치료재료,,,855000,345000,BONGENER,1158
BC1202LF,65000,,,,2,,,압박고정용 SPLINT,치료재료,,,,,ALKANTIS,1159
BC5302HP,760000,,,,2,,,흡수성 골절고정용 PLATE,치료재료,,,,,INION OTPS BIODEGRADABLE DISTAL RADIUS PLATE,1160
BC5401HP,864500,,,,2,,,흡수성 MESH PLATE,치료재료,,,,,OTPS MESH PLATE,1161
BC6001HP,,,,2.8MM/3.1MM,2,,,흡수성 PLATE 고정용 SCREW ,치료재료,,,218500,147250,OTPS SCREW,1162
BC6002HP,351500,,,4.5MM,2,,,흡수성 PLATE 고정용 SCREW ,치료재료,,,,,OTPS SCREW,1163
BF0003BP,4250000,,,,2,,,척추고정용,치료재료,,,,,Activ-C/AESCULAP AG,1164
BF0001KV,4400000,,,,2,,,척추고정용,치료재료,,,,,MOBI-C WITH plug & FIT,1165
BJ4504JT,1419835,,,,2,,,혈관내영상카테타,치료재료,,,,,EAGLE EYE PLATINUM DIGITAL IVUS CATHETER,1166
BJ4801RA,489832,,,,2,,,경막외강 신경박리술용,치료재료,,,,,ST REED,1167
BJ7001OO,89900,,,,2,,,혈관 중재적 시술후 지혈용,치료재료,,,,,CLO-SUR PLUS P.A.D,1168
BJ7001CH,90000,,,,2,,,혈관중재적 시술 후 지혈용,치료재료,,,,,Quikclot Bandage,1169
BM2201IE,,,,,2,,,창상피복제,치료재료,,,122719,113860,NASOPORE,1170
BM5003EM,994,,,,2,,,"불투명.투명멸균드레싱 재료(단순, 건조드레싱류)",치료재료,,,,,STERI STRIP REINFORCED SKIN CLOSURE,1171
BM5001GA,,,,H/일반,2,,,"불투명.투명멸균드레싱 재료(단순, 건조드레싱류)",치료재료,,,1300,900,SECUEX H 압박지혈밴드,1172
BTA01011,273750,,,,2,,,양막이식술용 AMNIOTIC MEMBRANE,치료재료,,,,,AMBIO DRY2,1173
BI0631AD,440000,,,,2,,,고주파를 이용한 하비갑개 용적감소술용 재료,치료재료,,,,,COBLATION REFLEX ULTRA PLASMA WAND,1174
BZ101007,2201,,,S/ M/ L,2,,,보조기류,치료재료,,,,,TOMAS COLLAR,1175
VM060,1218,,,소아/성인,2,,,보조기류,치료재료,,,,,ARM SLING,1176
VM070,2062,,,중/대,2,,,보조기류,치료재료,,,,,CAST 신발,1177
20330,9375,,,대/중,2,,,보조기류,치료재료,,,,,CRUTCH(목발),1178
L7414221,195700,,,,2,,,치과용재료류(조직유도재생막),치료재료,,,,,BIO-GIDE(25*25),1179
L7414220,161450,,,,2,,,치과용재료류(조직유도재생막),치료재료,,,,,BIO-GIDE(13*25),1180
L7401220,73854,,,,2,,,치과용재료류(골이식재),치료재료,,,,,CANCELLOUS BIO-OSS(0.25),1181
L7401221,113300,,,,2,,,치과용재료류(골이식재),치료재료,,,,,CANCELLOUS BIO-OSS(0.5),1182
643900900,18,,,,2,,,,약제,,,,,액티피드정(삼일),1183
642100700,13,,,,2,,,,약제,,,,,삐콤정(유한),1184
662501680,11,,,,2,,,,약제,,,,,타스나정((주)넥스팜코리아),1185
653801170,18,,,,2,,,,약제,,,,,비사코딜정(신일),1186
647801830,1,,,,2,,,,약제,,,,,오스테민캅셀250mg/C(삼진),1187
645101440,410,,,,2,,,,약제,,,,,바네포연고 5g/통(대한약품),1188
652101560,1455,,,,2,,,,약제,,,,,프록토세딜연고 15G/tube(한독약품),1189
642202760,43,,,,2,,,,약제,,,,,파자임95이중정(부광),1190
659900050,455,,,,2,,,,약제,,,,,로와콜연질캅셀(한국팜비오),1191
657200370,151,,,,2,,,,약제,,,,,설간구구좌제(환인제약),1192
643601400,1200,,,,2,,,,약제,,,,,유락신연고 100mg 50g/tub(녹십자),1193
652602860,36029,,,,2,,,,약제,,,,,이소바이드액 500ml/B(근화제약(주)),1194
645000361,149473,,,,2,,,,약제,,,,,아바스틴주 100mg (한국로슈),1195
621400210,83814,,,,2,,,,약제,,,,,소노뷰주,1196
686500010,60000,,,,2,,,,약제,,,,,경피용건조BCG Vaccine-예방접종,1197
643601900,32291,,,,2,,,,약제,,,,,헤파빅주200단위/ml(근주용)-예방접종,1198
643601890,22000,,,,2,,,,약제,,,,,헤파빅주100단위/0.5ml(녹십자)-예방접종,1199
668900920,23000,,,,2,,,,약제,,,,,유박스비주 1ml(LG생명과학)-B형간염예방접종(성인용),1200
668900910,18000,,,,2,,,,약제,,,,,유박스비주 0.5ml(LG생명)-예방접종(소아용),1201
650001810,130000,,,,2,,,,약제,,,,,로타릭스((주)글락소스미스클라인)-예방접종,1202
655500030,100000,,,,2,,,,약제,,,,,로타텍액(한국MSD)-예방접종,1203
655500020,170000,,,,2,,,,약제,,,,,가다실주(머크)-예방접종,1204
646500430,100000,,,,2,,,,약제,,,,,[성인]폐렴구균(프리베나 13주:와이어스)-예방접종,1205
646500430,150000,,,,2,,,,약제,,,,,[소아]폐렴구균(프리베나 13주:와이어스)-예방접종,1206
650002730,32000,,,,2,,,,약제,,,,,PDT:인판릭스(그락소스미스클라인)-예방접종,1207
643603520,20000,,,,2,,,,약제,,,,,일본뇌염(사백신)-예방접종,1208
666700010,35000,,,,2,,,,약제,,,,,씨디제박스일본뇌염주(한국백신)-예방접종,1209
665900010,40000,,,,2,,,,약제,,,,,폐렴구균(뉴모-23:제일제당)-예방접종,1210
647400280,25000,,,,2,,,,약제,,,,,이모박스폴리오주(씨제이)-예방접종,1211
650002730,47000,,,,2,,,,약제,,,,,인판릭스-IPV 0.5ML(글락소스미스클라인)-예방접종,1212
643601160,29000,,,,2,,,,약제,,,,,녹십자수두백신(녹십자PBM)-예방접종,1213
665900120,47000,,,,2,,,,약제,,,,,테트락심주 0.5ML(한독약품)-예방접종,1214
655500270,26000,,,,2,,,,약제,,,,,엠엠알-투(SK케미칼)-예방접종,1215
650001960,40000,,,,2,,,,약제,,,,,아다셀주 0.5ML(Tdap:한독약품)-예방접종,1216
655500900,190000,,,,2,,,,약제,,,,,조스타박스주(한국엠에스디(주))_예방접종,1217
650003080,150000,,,,2,,,,약제,,,,,멘비오(수막구균)-예방접종,1218
PDZ01,10000,,국민기초생활보장법시행규칙 제35조[별지 제6호 서식],근로능력평가용진단서,2,,,,제증명수수료,,,,,일반진단서,1219
PDZ02,100000,,의료법 시행규칙 제9조 [서식5의3],전치 3주이상,2,,,,제증명수수료,,,,,상해진단서,1220
PDZ02,50000,,의료법 시행규칙 제9조 [서식5의3],전치 3주미만,2,,,,제증명수수료,,,,,상해진단서,1221
PDZ03,10000,,의료법 시행규칙 제10조 [서식6],,2,,,,제증명수수료,,,,,사망진단서,1222
PDZ04,30000,,의료법 시행규칙 제10조 [서식6],,2,,,,제증명수수료,,,,,시체검안서,1223
PDZ06,3000,,의료법 시행규칙 제11조 [서식7],"퇴원후, 1부 ",2,,,,제증명수수료,,,,,출생증명서,1224
PDZ07,15000,,장애인복지법 시행규칙 제3조 별지[서식 3] ※ 장애인등록증 발급에 필요서류,신체적장애,2,,,,제증명수수료,,,,,장애진단서,1225
PDZ07,40000,,"장애인복지법 시행규칙 제3조 별지[서식 3]
 ※ 장애인등록증 발급에 필요서류",정신지체 및 발달장애,2,,,,제증명수수료,,,,,장애진단서,1226
PDZ08,15000,,"병역법 시행규칙 제87조, 95조 [서식 106]",,2,,,,제증명수수료,,,,,병무용진단서,1227
PDZ10,6000,,국민연금법 시행규칙 제28조 [서식 21] 신청인 제출서류 - 국민연금 장애심사규정 제12조(보건복지부 고시 2011-82호; 2011.7.26) 별지[서식 3],국민연금 장해진단서,2,,,,제증명수수료,,,,,국민연금 장애심사용 진단서,1228
PDZ11,1000,,1장당,,2,,,,제증명수수료,,,,,사본발급(재발행),1229
PDZ01,10000,,국민기초생활보장법시행규칙 제35조[별지 제6호 서식],,2,,,,제증명수수료,,,,,근로능력평가용진단서,1230
,36530,,,,2,,,,제증명수수료,,,,,노인장기요양소견서,1231
,51350,,,,2,,,,제증명수수료,,,,,노인장기요양소견서[치매용],1232
,10000,,,,2,,,,제증명수수료,,,,,보장구검진소견서,1233
,15000,,,,2,,,,제증명수수료,,,,,사망진단서 [영문 1부],1234
,20000,,,,2,,,,제증명수수료,,,,,사체부검료(1부),1235
,150000,,,,2,,,,제증명수수료,,,,,신체감정료(과목당),1236
PDE01,15000,,,"진단서,영문 등 외국어 [1부]",2,,,,제증명수수료,,,,,영문진단서,1237
PDZ12,10000,,,,2,,,,제증명수수료,,,,,소견서(보험회사제출용),1238
PDZ09,3000,,,입퇴원확인서,2,,,,제증명수수료,,,,,확인서,1239
,100000,,,,2,,,,제증명수수료,,,,,장애 진단서 (1부),1240
PDZ17,1000,,소득세법시행규칙 제101조 [별지 제38호 서식],,2,,,,제증명수수료,,,,,장애인증명서,1241
,100000,,,,2,,,,제증명수수료,,,,,정신감정서 (1부),1242
PDZ14,50000,,,천만원미만,2,,,,제증명수수료,,,,,향후진료비추정서,1243
PDZ14,100000,,,천만원이상,2,,,,제증명수수료,,,,,향후진료비추정서,1244
PDZ09,3000,,,진료확인서,2,,,,제증명수수료,,,,,확인서,1245
,100000,,,,2,,,,제증명수수료,,,,,후유장애 진단서 (1부),1246
,15000,,,,2,,,,제증명수수료,,,,,(영문)일반소견서(보험회사제출용),1247
,4500,,,"퇴원후, 1부 ",2,,,,제증명수수료,,,,,(영문)출생증명서 ,1248
,3000,,,병명기재,2,,,,제증명수수료,,,,,통원사실증명서 ,1249
,1000,,,병명미기재,2,,,,제증명수수료,,,,,,1250
,19430,,대상자가 의료기관을 방문하는 경우,,2,,,,제증명수수료,,,,,노인장기요양방문간호지시서,1251
,1000,,,"기본5부, 매당",2,,,,제증명수수료,,,,,진료기록사본,1252
,200,,,기본5부초과 매당,2,,,,제증명수수료,,,,,,1253
,5000,,,,2,,,,제증명수수료,,,,,진료기록영상(CD)-심혈관PACS영상(COPY),1254
,5000,,,,2,,,,제증명수수료,,,,,진료기록영상(CD)-뇌파영상(COPY),1255
,5000,,,,2,,,,제증명수수료,,,,,진료기록영상(CD)-내시경PACS영상(COPY),1256
,5000,,,,2,,,,제증명수수료,,,,,진료기록영상(CD)-PACS영상(COPY),1257
AW402200,50000,,,,2,,,,제증명수수료,,,,,"건강진단 및 신체검사(마약검사확인서,E-9,비전문취업)",1258
AW400602,30000,,,,2,,,,제증명수수료,,,,,채용신체검사-일반,1259
AW400604,42000,,,,2,,,,제증명수수료,,,,,채용신체검사(다면인성검사),1260
AW400500,5000,,,,2,,,,제증명수수료,,,,,"자동차운전면허신체검사(특수,대형)",1261
AW400501,4000,,,,2,,,,제증명수수료,,,,,"자동차운전면허신체검사(1종보통,2종)",1262
AW400101,20000,,,,2,,,,제증명수수료,,,,,건강진단,1263
AW400301,29000,,,,2,,,,제증명수수료,,,,,잠수기능사 신체검사,1264
WZ00100,6000,,부가세별도,일반식,2,,,식대,기타,,,,,보호자 식대,1265
WZ00200,1000,,부가세별도,공기밥,2,,,식대,기타,,,,,보호자 식대,1266
,19690,,,,2,,,기타,기타,,,,,환의 상하 한벌(귀가용),1267
,350000,,,,2,,,기타,기타,,,,,원폭피해자1세 건강검진(남)GFS,1268
,350000,,,,2,,,기타,기타,,,,,원폭피해자1세 건강검진(여)GFS,1269
,350000,,,,2,,,기타,기타,,,,,원폭피해자1세 건강검진(남)UGI,1270
,350000,,,,2,,,기타,기타,,,,,원폭피해자1세 건강검진(여)UGI,1271
,130000,,,,2,,,기타,기타,,,,,원폭피해자2세 건강검진(남)GFS,1272
,130000,,,,2,,,기타,기타,,,,,원폭피해자2세 건강검진(여)GFS,1273
,130000,,,,2,,,기타,기타,,,,,원폭피해자2세 건강검진(남)UGI,1274
,130000,,,,2,,,기타,기타,,,,,원폭피해자2세 건강검진(여)UGI,1275
,350000,,,,2,,,기타,기타,,,,,원폭피해자1세 건강검진(남)GFS,1276
,41740,,,,2,,,기타,기타,,,,,(100% 감면)장기복무 제대군인(10년이상) 건강검진,1277
AW402100,27830,,,,2,,,기타,기타,,,,,장기복무 제대군인(10년이상) 건강검진,1278
,76000,,,,2,,,기타,기타,,,,,종합검진17종(C급),1279
,114000,,,,2,,,기타,기타,,,,,종합검진20종(B급/남),1280
,114000,,,,2,,,기타,기타,,,,,종합검진20종(B급/여),1281
,163000,,,,2,,,기타,기타,,,,,종합검진24종(A급/남),1282
,163000,,,,2,,,기타,기타,,,,,종합검진24종(A급/여),1283
,199000,,,,2,,,기타,기타,,,,,종합검진28종(S급/남),1284
,199000,,,,2,,,기타,기타,,,,,종합검진28종(S급/여),1285
LWC4504010,26375,2018-04-04 00:00:00,,,4,,,Primidone,행위,검사료,,,,Primidone,1286
LWCY344,70700,2018-04-04 00:00:00,,,4,,,SLX,행위,검사료,,,,SLX,1287
LZ00900,25000,2018-04-04 00:00:00,CZ394,,4,,,감염증 기타 검사,행위,검사료,,,,인플루엔자 A·B 바이러스항원검사 [현장검사],1288
SZ03010,15000,2018-04-04 00:00:00,,,4,,,기타검사,행위,검사료,,,,"발기부전사전검사(평가 ,심전도,활력증상)국비1급1항및2항만지원",1289
SZ04600,8000,2018-04-04 00:00:00,,,4,,,기타검사,행위,검사료,,,,임신반응검사(정성),1290
SZ05300,15000,2018-04-04 00:00:00,SZ05300,,4,,,내분비검사,행위,검사료,,,,체성분 분석검사 [정밀],1291
LW9185,22300,2018-04-04 00:00:00,,,4,,,니코틴정량검사,행위,검사료,,,,nicotine metabolite,1292
SEZ796,50000,2018-04-04 00:00:00,EZ796,,4,,,시기능검사,행위,검사료,,,,안구광학단층촬영,1293
SFB001,315380,2018-04-04 00:00:00,FB001,신경인지기능검사,4,,,신경계기능검사,행위,검사료,,,,신경인지기능검사-종합검사-서울신경심리검사(SNSB),1294
SFB002,138080,2018-04-04 00:00:00,FB002,신경인지기능검사,4,,,신경계기능검사,행위,검사료,,,,신경인지기능검사-종합검사-한국판 CERAD 평가집(CERAD-K),1295
SFB011,29090,2018-04-04 00:00:00,FB011,신경인지기능검사,4,,,신경계기능검사,행위,검사료,,,,신경인지기능검사- 개별검사 유형1 (3 ~5개 검사),1296
SFB012,49680,2018-04-04 00:00:00,FB012,신경인지기능검사,4,,,신경계기능검사,행위,검사료,,,,신경인지기능검사 -개별검사 유형1 (6-8개 검사),1297
SFB013,87420,2018-04-04 00:00:00,FB013,신경인지기능검사,4,,,신경계기능검사,행위,검사료,,,,신경인지기능검사- 개별검사 유형1 (9개 이상 검사),1298
SFB021,29100,2018-04-04 00:00:00,FB021,신경인지기능검사,4,,,신경계기능검사,행위,검사료,,,,신경인지기능검사 - 개별검사 유형2 (1 ~3개 검사),1299
SFB022,70290,2018-04-04 00:00:00,FB022,신경인지기능검사,4,,,신경계기능검사,행위,검사료,,,,신경인지기능검사 - 개별검사 유형2 (4개 이상 검사),1300
SFB030,29940,2018-04-04 00:00:00,FB030010,신경인지기능검사,4,,,신경계기능검사,행위,검사료,,,,신경인지기능검사-개별검사-유형Ⅲ-레이복합도형검사,1301
SFB03002,29940,2018-04-04 00:00:00,FB030020,신경인지기능검사,4,,,신경계기능검사,행위,검사료,,,,신경인지기능검사-개별검사-유형Ⅲ-보스톤사물이름대기검사-60문항,1302
SFB03003,29940,2018-04-04 00:00:00,FB030030,신경인지기능검사,4,,,신경계기능검사,행위,검사료,,,,신경인지기능검사-개별검사-유형Ⅲ-위스콘신카드분류검사,1303
SFB03004,29940,2018-04-04 00:00:00,FB030040,신경인지기능검사,4,,,신경계기능검사,행위,검사료,,,,신경인지기능검사-개별검사-유형Ⅲ-표정인식력(재인)검사,1304
SFB04001,51330,2018-04-04 00:00:00,FB040010,신경인지기능검사,4,,,신경계기능검사,행위,검사료,,,,신경인지기능검사-개별검사-유형Ⅳ-서울언어학습검사,1305
SFB04002,51330,2018-04-04 00:00:00,FB040020,신경인지기능검사,4,,,신경계기능검사,행위,검사료,,,,신경인지기능검사-개별검사-유형Ⅳ-벤톤 신경심리검사,1306
SFB06001,83820,2018-04-04 00:00:00,FB060010,신경인지기능검사,4,,,신경계기능검사,행위,검사료,,,,신경인지기능검사-개별검사-유형Ⅵ-웨스턴 실어증 검사,1307
SZ10109,20000,2018-04-04 00:00:00,FZ452,신경인지기능검사,4,,,신경계기능검사,행위,검사료,,,,신경인지기능검사-각성도 및 주의력 검사-선로잇기검사,1308
SZ10201,30000,2018-04-04 00:00:00,FZ413,신경인지기능검사,4,,,신경계기능검사,행위,검사료,,,,신경인지기능검사-기억력 검사-Corsi 단기기억력검사,1309
SZ10204,30000,2018-04-04 00:00:00,FZ414,신경인지기능검사,4,,,신경계기능검사,행위,검사료,,,,신경인지기능검사-기억력 검사-캘리포니아언어학습검사,1310
SZ10208,30000,2018-04-04 00:00:00,FZ413,신경인지기능검사,4,,,신경계기능검사,행위,검사료,,,,신경인지기능검사-기억력검사-자서전적 기억평가면접,1311
SZ10303,15000,2018-04-04 00:00:00,FZ424,신경인지기능검사,4,,,신경계기능검사,행위,검사료,,,,신경인지기능검사-언어능력검사-어휘력검사,1312
SZ10406,20000,2018-04-04 00:00:00,FZ432,신경인지기능검사,4,N,N,신경계기능검사,행위,검사료,,,,신경인지기능검사-지각 및 시공간 능력검사-구성능력검사,1313
SZ10607,20000,2018-04-04 00:00:00,FZ452,신경인지기능검사,4,,,신경계기능검사,행위,검사료,,,,신경인지기능검사-전두엽 및 고위인지기능검사-단어색채검사,1314
SZ10802,50000,2018-04-04 00:00:00,FZ688,,4,,,신경계기능검사,행위,검사료,,,,발음 및 발성검사,1315
SZ11304,20000,2018-04-04 00:00:00,FY737,,4,,,신경계기능검사,행위,검사료,,,,증상 및 행동 평가 척도(기타)-이화방어기제 검사,1316
SZ11500,25000,2018-04-04 00:00:00,FZ689,,4,,,신경계기능검사,행위,검사료,,,,언어전반진단검사,1317
LW91344,2836,2018-04-04 00:00:00,,,4,,,약물중독검사,행위,검사료,,,,TBPE검사,1318
LWCZ261,26333,2018-04-04 00:00:00,CZ261,,4,,,자가면역질환검사,행위,검사료,,,,항GM1항체 [IgG],1319
LWCZ262,26233,2018-04-04 00:00:00,CZ262,,4,,,자가면역질환검사,행위,검사료,,,,항GM1항체 [IgM],1320
LWCZ432,19729,2018-04-04 00:00:00,,,4,,,자가면역질환검사,행위,검사료,,,,항 CCP항체,1321
HZGT00100,100000,2018-04-04 00:00:00,"AZ006, 최초 실시 1회",교육및상담료 [투석교육],4,,,교육상담료,행위,기본진료료,,,,만성신부전증환자교육,1322
WZ00100,6000,2018-04-04 00:00:00,,,4,,,기타,행위,기타,,,,"보호자식대 (일반식,1식)",1323
WZ00200,1000,2018-04-04 00:00:00,,,4,,,기타,행위,기타,,,,"보호자식대 (공기밥 ,1개)",1324
AQH501,240000,2018-04-04 00:00:00,,,4,,,종합검진,행위,기타,,,,종합검진(여자)(위장조영포함),1325
AQH502,200000,2018-04-04 00:00:00,,,4,,,종합검진,행위,기타,,,,종합검진(남자)(위장조영포함),1326
RPHZ331B,534190,2018-04-04 00:00:00,,,4,,,종합검진,행위,기타,,,,Toros(PET)종합검진용(직원추천),1327
RPHZ3341B,795810,2018-04-04 00:00:00,,,4,,,종합검진,행위,기타,,,,전신(PET)종합검진용(직원추천),1328
RPHZ3341C,784000,2018-04-04 00:00:00,,,4,,,종합검진,행위,기타,,,,전신(PET)종합검진용(KBS 방송국용),1329
RPHZ334C,946000,2018-04-04 00:00:00,,,4,,,종합검진,행위,기타,,,,전신(PET)종합검진용,1330
RPHZ336B,758370,2018-04-04 00:00:00,,,4,,,종합검진,행위,기타,,,,Toros+brain (PET)종합검진용(직원추천),1331
RPHZ336C,906000,2018-04-04 00:00:00,,,4,,,종합검진,행위,기타,,,,토르소+뇌 PET-CT 촬영(종합검진용),1332
FZ00400,40000,2018-04-04 00:00:00,MX122,,4,,,물리치료료,행위,이학요법료(물리치료료),,,,도수치료 [1일당],1333
FZ01301,20000,2018-04-04 00:00:00,MY142,,4,,,물리치료료,행위,이학요법료(물리치료료),,,,증식치료 [사지관절부위],1334
FZ01302,30000,2018-04-04 00:00:00,MY143,,4,,,물리치료료,행위,이학요법료(물리치료료),,,,증식치료 [척추부위],1335
SZ03401,25000,2018-04-04 00:00:00,MZ006,,4,,,물리치료료,행위,이학요법료(물리치료료),,,,언어장애치료 [기본30분까지],1336
SZ03402,10000,2018-04-04 00:00:00,MZ006,,4,,,물리치료료,행위,이학요법료(물리치료료),,,,언어장애치료 [기본 30분 초과10분당]1일1시간초과안됨,1337
SZ05101~10,,2018-04-04 00:00:00,부가세별도 EZ776,한부위~ 전신,4,,,외피.근골기능검사,행위,검사료,,100000,50000,체온열검사:적외선체열진단,1338
FZ01600,35000,2018-04-04 00:00:00,MZ009,,4,,,이학요법료,행위,이학요법료(물리치료료),,,,전산화인지 재활치료,1339
RMHE115,470000,2018-04-04 00:00:00,급여 인정기준 외 실시한 경우 비급여,,4,,,근골격계,행위,검사료,자기공명영상진단료(MRI),,,견관절-일반,1340
RMHE116,470000,2018-04-04 00:00:00,급여 인정기준 외 실시한 경우 비급여,,4,,,근골격계,행위,검사료,자기공명영상진단료(MRI),,,주관절-일반,1341
RMHE117,470000,2018-04-04 00:00:00,급여 인정기준 외 실시한 경우 비급여,,4,,,근골격계,행위,검사료,자기공명영상진단료(MRI),,,수관절-일반,1342
RMHE118,470000,2018-04-04 00:00:00,급여 인정기준 외 실시한 경우 비급여,,4,,,근골격계,행위,검사료,자기공명영상진단료(MRI),,,고관절-일반,1343
RMHE119,470000,2018-04-04 00:00:00,급여 인정기준 외 실시한 경우 비급여,,4,,,근골격계,행위,검사료,자기공명영상진단료(MRI),,,천장골관절-일반,1344
RMHE120,470000,2018-04-04 00:00:00,급여 인정기준 외 실시한 경우 비급여,,4,,,근골격계,행위,검사료,자기공명영상진단료(MRI),,,슬관절-일반,1345
RMHE121,470000,2018-04-04 00:00:00,급여 인정기준 외 실시한 경우 비급여,,4,,,근골격계,행위,검사료,자기공명영상진단료(MRI),,,발목관절-일반,1346
RMHE122,470000,2018-04-04 00:00:00,급여 인정기준 외 실시한 경우 비급여,,4,,,근골격계,행위,검사료,자기공명영상진단료(MRI),,,관절외 상지-일반,1347
RMHE123,470000,2018-04-04 00:00:00,급여 인정기준 외 실시한 경우 비급여,,4,,,근골격계,행위,검사료,자기공명영상진단료(MRI),,,관절외 하지-일반,1348
RMHE215,470000,2018-04-04 00:00:00,급여 인정기준 외 실시한 경우 비급여,,4,N,,근골격계,행위,검사료,자기공명영상진단료(MRI),,,"견관절-조영제 주입 전,후 촬영판독",1349
RMHE216,470000,2018-04-04 00:00:00,급여 인정기준 외 실시한 경우 비급여,,4,N,,근골격계,행위,검사료,자기공명영상진단료(MRI),,,"주관절-조영제 주입 전,후 촬영판독",1350
RMHE217,470000,2018-04-04 00:00:00,급여 인정기준 외 실시한 경우 비급여,,4,N,,근골격계,행위,검사료,자기공명영상진단료(MRI),,,수관절-조영제 주입 전?후 촬영판독,1351
RMHE218,470000,2018-04-04 00:00:00,급여 인정기준 외 실시한 경우 비급여,,4,N,,근골격계,행위,검사료,자기공명영상진단료(MRI),,,고관절-조영제 주입 전?후 촬영판독,1352
RMHE219,470000,2018-04-04 00:00:00,급여 인정기준 외 실시한 경우 비급여,,4,N,,근골격계,행위,검사료,자기공명영상진단료(MRI),,,천장골관절-조영제 주입 전?후 촬영판독,1353
RMHE220,470000,2018-04-04 00:00:00,급여 인정기준 외 실시한 경우 비급여,,4,N,,근골격계,행위,검사료,자기공명영상진단료(MRI),,,"슬관절-조영제 주입 전,후 촬영판독",1354
RMHE221,470000,2018-04-04 00:00:00,급여 인정기준 외 실시한 경우 비급여,,4,N,,근골격계,행위,검사료,자기공명영상진단료(MRI),,,"발목관절-조영제 주입 전,후 촬영판독",1355
RMHE222,470000,2018-04-04 00:00:00,급여 인정기준 외 실시한 경우 비급여,,4,N,,근골격계,행위,검사료,자기공명영상진단료(MRI),,,"관절외 상지-조영제 주입 전,후 촬영판독",1356
RMHE223,470000,2018-04-04 00:00:00,급여 인정기준 외 실시한 경우 비급여,,4,N,,근골격계,행위,검사료,자기공명영상진단료(MRI),,,"관절외 하지-조영제 주입 전,후 촬영판독",1357
HI101+HJ101,370410,2018-04-04 00:00:00,급여 인정기준 외 실시한 경우 비급여,,4,,,"뇌[뇌, 해마]",행위,영상진단 및 방사선 치료료,자기공명영상진단료(MRI),,,뇌-일반 [테슬라1.5-3.0미만+품질관리적합]촬영료+판독료,1358
HI201+HJ201,492460,2018-04-04 00:00:00,급여 인정기준 외 실시한 경우 비급여,,4,N,,"뇌[뇌, 해마]",행위,영상진단 및 방사선 치료료,자기공명영상진단료(MRI),,,"뇌-조영제 주입 전,후] [테슬라1.5-3.0미만+품질관리적합]촬영료+판독료",1359
HI103+HJ103,402430,2018-04-04 00:00:00,급여 인정기준 외 실시한 경우 비급여,,4,N,N,두경부,행위,영상진단 및 방사선 치료료,자기공명영상진단료(MRI),,,MRI 안면 Face 촬영료 [테슬라1.5-3.0미만+품질관리적합]+판독료,1360
HI104+HJ104,402430,2018-04-04 00:00:00,급여 인정기준 외 실시한 경우 비급여,,4,N,N,두경부,행위,영상진단 및 방사선 치료료,자기공명영상진단료(MRI),,,MRI 부비동 PNS 촬영료 [테슬라1.5-3.0미만+품질관리적합]+판독료,1361
HI105+HJ105,402430,2018-04-04 00:00:00,급여 인정기준 외 실시한 경우 비급여,,4,N,N,두경부,행위,영상진단 및 방사선 치료료,자기공명영상진단료(MRI),,,MRI 안와 Orbit　촬영료 [테슬라1.5-3.0미만+품질관리적합]+판독료,1362
HI106+HIJ06,402430,2018-04-04 00:00:00,급여 인정기준 외 실시한 경우 비급여,,4,,,두경부,행위,영상진단 및 방사선 치료료,자기공명영상진단료(MRI),,,MRI 측두골 Temporal Bone　촬영료 [테슬라1.5-3.0미만+품질관리적합]+판독료,1363
HI107+HJ107,402430,2018-04-04 00:00:00,급여 인정기준 외 실시한 경우 비급여,,4,N,N,두경부,행위,영상진단 및 방사선 치료료,자기공명영상진단료(MRI),,,MRI 측두하악관절 TM-Joint　촬영료 [테슬라1.5-3.0미만+품질관리적합]+판독료,1364
HI108+HJ108,402430,2018-04-04 00:00:00,급여 인정기준 외 실시한 경우 비급여,,4,N,N,두경부,행위,영상진단 및 방사선 치료료,자기공명영상진단료(MRI),,,MRI 경부 Neck 촬영료 [테슬라1.5-3.0미만+품질관리적합]+판독료,1365
HI203+HJ203,534780,2018-04-04 00:00:00,급여 인정기준 외 실시한 경우 비급여,,4,N,,두경부,행위,영상진단 및 방사선 치료료,자기공명영상진단료(MRI),,,MRI 안면 Face/촬영료/조영제 사용 [테슬라1.5-3.0미만+품질관리적합]+판독료,1366
HI204+HJ204,534780,2018-04-04 00:00:00,급여 인정기준 외 실시한 경우 비급여,,4,N,N,두경부,행위,영상진단 및 방사선 치료료,자기공명영상진단료(MRI),,,MRI 부비동 PNS /촬영료/조영제 사용 [테슬라1.5-3.0미만+품질관리적합]+판독료,1367
HI205+HJ205,534780,2018-04-04 00:00:00,급여 인정기준 외 실시한 경우 비급여,,4,N,N,두경부,행위,영상진단 및 방사선 치료료,자기공명영상진단료(MRI),,,MRI 안와 Orbit /촬영료/조영제 사용　[테슬라1.5-3.0미만+품질관리적합]+판독료,1368
HI206+HJ206,534780,2018-04-04 00:00:00,급여 인정기준 외 실시한 경우 비급여,,4,N,N,두경부,행위,영상진단 및 방사선 치료료,자기공명영상진단료(MRI),,,MRI 측두골 Temporal Bone /촬영료/조영제 사용[테슬라1.5-3.0미만+품질관리적합]+판독료,1369
HI207+HJ207,534780,2018-04-04 00:00:00,급여 인정기준 외 실시한 경우 비급여,,4,N,N,두경부,행위,영상진단 및 방사선 치료료,자기공명영상진단료(MRI),,,MRI 측두하악관절 TM-Joint /촬영료/조영제 사용[테슬라1.5-3.0미만+품질관리적합] +판독료,1370
HI208+HJ208,534780,2018-04-04 00:00:00,급여 인정기준 외 실시한 경우 비급여,,4,N,N,두경부,행위,영상진단 및 방사선 치료료,자기공명영상진단료(MRI),,,MRI 경부 Neck /촬영료/조영제 사용[테슬라1.5-3.0미만+품질관리적합]+판독료,1371
RMHE127,470000,2018-04-04 00:00:00,급여 인정기준 외 실시한 경우 비급여,,4,,,복부,행위,검사료,자기공명영상진단료(MRI),,,복부-일반,1372
RMHE128,470000,2018-04-04 00:00:00,급여 인정기준 외 실시한 경우 비급여,,4,,,복부,행위,검사료,자기공명영상진단료(MRI),,,골반-일반,1373
RMHE129,470000,2018-04-04 00:00:00,급여 인정기준 외 실시한 경우 비급여,,4,,,복부,행위,검사료,자기공명영상진단료(MRI),,,췌장-일반,1374
RMHE130,470000,2018-04-04 00:00:00,급여 인정기준 외 실시한 경우 비급여,,4,,,복부,행위,검사료,자기공명영상진단료(MRI),,,신장 및 부신-일반,1375
RMHE131,470000,2018-04-04 00:00:00,급여 인정기준 외 실시한 경우 비급여,,4,,,복부,행위,검사료,자기공명영상진단료(MRI),,,음낭 및 음경-일반,1376
RMHE132,470000,2018-04-04 00:00:00,급여 인정기준 외 실시한 경우 비급여,,4,,,복부,행위,검사료,자기공명영상진단료(MRI),,,간-일반,1377
RMHE133,470000,2018-04-04 00:00:00,급여 인정기준 외 실시한 경우 비급여,,4,,,복부,행위,검사료,자기공명영상진단료(MRI),,,담췌관-일반,1378
RMHE134,470000,2018-04-04 00:00:00,급여 인정기준 외 실시한 경우 비급여,,4,,,복부,행위,검사료,자기공명영상진단료(MRI),,,전립선-일반,1379
RMHE227,470000,2018-04-04 00:00:00,급여 인정기준 외 실시한 경우 비급여,,4,N,,복부,행위,검사료,자기공명영상진단료(MRI),,,"복부-조영제 주입 전,후 촬영판독",1380
RMHE228,470000,2018-04-04 00:00:00,급여 인정기준 외 실시한 경우 비급여,,4,N,,복부,행위,검사료,자기공명영상진단료(MRI),,,"골반-조영제 주입 전,후 촬영판독",1381
RMHE229,470000,2018-04-04 00:00:00,급여 인정기준 외 실시한 경우 비급여,,4,N,,복부,행위,검사료,자기공명영상진단료(MRI),,,"췌장-조영제 주입 전,후 촬영판독",1382
RMHE230,470000,2018-04-04 00:00:00,급여 인정기준 외 실시한 경우 비급여,,4,N,,복부,행위,검사료,자기공명영상진단료(MRI),,,"신장 및 부신-조영제 주입 전,후 촬영판독",1383
RMHE231,470000,2018-04-04 00:00:00,급여 인정기준 외 실시한 경우 비급여,,4,N,,복부,행위,검사료,자기공명영상진단료(MRI),,,"음낭 및 음경-조영제 주입 전,후 촬영판독",1384
RMHE232,470000,2018-04-04 00:00:00,급여 인정기준 외 실시한 경우 비급여,,4,N,,복부,행위,검사료,자기공명영상진단료(MRI),,,"간-조영제 주입 전,후 촬영판독",1385
RMHE233,470000,2018-04-04 00:00:00,급여 인정기준 외 실시한 경우 비급여,,4,N,,복부,행위,검사료,자기공명영상진단료(MRI),,,"담췌관-조영제 주입 전,후 촬영판독",1386
RMHE234,470000,2018-04-04 00:00:00,급여 인정기준 외 실시한 경우 비급여,,4,N,,복부,행위,검사료,자기공명영상진단료(MRI),,,"전립선-조영제 주입 전,후 촬영판독",1387
RMHE109,470000,2018-04-04 00:00:00,급여 인정기준 외 실시한 경우 비급여,,4,,,척추,행위,검사료,자기공명영상진단료(MRI),,,경추-일반,1388
RMHE110,470000,2018-04-04 00:00:00,급여 인정기준 외 실시한 경우 비급여,,4,,,척추,행위,검사료,자기공명영상진단료(MRI),,,흉추-일반,1389
RMHE111,470000,2018-04-04 00:00:00,급여 인정기준 외 실시한 경우 비급여,,4,,,척추,행위,검사료,자기공명영상진단료(MRI),,,요천추-일반,1390
RMHE112,470000,2018-04-04 00:00:00,급여 인정기준 외 실시한 경우 비급여,,4,,,척추,행위,검사료,자기공명영상진단료(MRI),,,척추강-일반,1391
RMHE114,705000,2018-04-04 00:00:00,급여 인정기준 외 실시한 경우 비급여,,4,,,척추,행위,검사료,자기공명영상진단료(MRI),,,"척추강-경추, 흉추, 요천추와 동시 촬영-일반",1392
RMHE209,470000,2018-04-04 00:00:00,급여 인정기준 외 실시한 경우 비급여,,4,N,,척추,행위,검사료,자기공명영상진단료(MRI),,,"경추-조영제 주입 전,후 촬영판독",1393
RMHE210,470000,2018-04-04 00:00:00,급여 인정기준 외 실시한 경우 비급여,,4,N,,척추,행위,검사료,자기공명영상진단료(MRI),,,"흉추-조영제 주입 전,후 촬영판독",1394
RMHE211,470000,2018-04-04 00:00:00,급여 인정기준 외 실시한 경우 비급여,,4,N,,척추,행위,검사료,자기공명영상진단료(MRI),,,"요천추-조영제 주입 전,후 촬영판독",1395
RMHE212,470000,2018-04-04 00:00:00,급여 인정기준 외 실시한 경우 비급여,,4,N,,척추,행위,검사료,자기공명영상진단료(MRI),,,"척추강-조영제 주입 전,후 촬영판독",1396
RMHE213,235000,2018-04-04 00:00:00,급여 인정기준 외 실시한 경우 비급여,,4,N,,척추,행위,검사료,자기공명영상진단료(MRI),,,요천추-흉추와 동시 촬영-조영제 주입 전?후 촬영판독,1397
RMHF101,228050,2018-04-04 00:00:00,급여 인정기준 외 실시한 경우 비급여,,4,,,특수검사,행위,영상진단 및 방사선 치료료,자기공명영상진단료(MRI),,,확산,1398
RMHF102,345770,2018-04-04 00:00:00,급여 인정기준 외 실시한 경우 비급여,,4,,,특수검사,행위,영상진단 및 방사선 치료료,자기공명영상진단료(MRI),,,관류 [3차원자기공명영상 포함],1399
RMHF103,228960,2018-04-04 00:00:00,급여 인정기준 외 실시한 경우 비급여,,4,,,특수검사,행위,영상진단 및 방사선 치료료,자기공명영상진단료(MRI),,,분광영상,1400
RMHF104,514270,2018-04-04 00:00:00,급여 인정기준 외 실시한 경우 비급여,,4,,,특수검사,행위,영상진단 및 방사선 치료료,자기공명영상진단료(MRI),,,영화 [3차원자기공명영상 포함],1401
RMHF105,400320,2018-04-04 00:00:00,급여 인정기준 외 실시한 경우 비급여,,4,,,특수검사,행위,영상진단 및 방사선 치료료,자기공명영상진단료(MRI),,,Dynamic,1402
RMHF107,591500,2018-04-04 00:00:00,급여 인정기준 외 실시한 경우 비급여,,4,,,특수검사,행위,영상진단 및 방사선 치료료,자기공명영상진단료(MRI),,,기능적 [3차원자기공명영상 포함],1403
RMHF201,124850,2018-04-04 00:00:00,급여 인정기준 외 실시한 경우 비급여,,4,,,특수검사,행위,영상진단 및 방사선 치료료,자기공명영상진단료(MRI),,,확산-기본검사 동시,1404
RMHF202,190460,2018-04-04 00:00:00,급여 인정기준 외 실시한 경우 비급여,,4,,,특수검사,행위,영상진단 및 방사선 치료료,자기공명영상진단료(MRI),,,관류 [3차원자기공명영상 포함]-기본검사 동시,1405
RMHF203,131260,2018-04-04 00:00:00,급여 인정기준 외 실시한 경우 비급여,,4,,,특수검사,행위,영상진단 및 방사선 치료료,자기공명영상진단료(MRI),,,분광영상-기본검사 동시,1406
RMHI135+RMHJ135,401150,2018-04-04 00:00:00,급여 인정기준 외 실시한 경우 비급여,,4,,,혈관,행위,영상진단 및 방사선 치료료,자기공명영상진단료(MRI),,,뇌혈관-일반 Brain MRA 촬영료 [테슬라1.5-3.0미만+품질관리적합]+판독료,1407
RMHI136+RMHJ136,401150,2018-04-04 00:00:00,급여 인정기준 외 실시한 경우 비급여,,4,,,혈관,행위,영상진단 및 방사선 치료료,자기공명영상진단료(MRI),,,MRI 경부혈관Neck MRA 촬영료[테슬라1.5-3.0미만+품질관리적합]+판독료,1408
RMHE137,470000,2018-04-04 00:00:00,급여 인정기준 외 실시한 경우 비급여,,4,,,혈관,행위,검사료,자기공명영상진단료(MRI),,,흉부혈관-일반,1409
RMHE138,400000,2018-04-04 00:00:00,급여 인정기준 외 실시한 경우 비급여,,4,,,혈관,행위,검사료,자기공명영상진단료(MRI),,,복부혈관-일반,1410
RMHE139,400000,2018-04-04 00:00:00,급여 인정기준 외 실시한 경우 비급여,,4,,,혈관,행위,검사료,자기공명영상진단료(MRI),,,사지혈관-일반,1411
RMHE140,400000,2018-04-04 00:00:00,급여 인정기준 외 실시한 경우 비급여,,4,,,혈관,행위,검사료,자기공명영상진단료(MRI),,,심혈관-일반,1412
RMHI235+RMHJ235,534370,2018-04-04 00:00:00,급여 인정기준 외 실시한 경우 비급여,,4,N,,혈관,행위,영상진단 및 방사선 치료료,자기공명영상진단료(MRI),,,뇌혈관Brain MRA/촬영료/조영제 사용[테슬라1.5-3.0미만+품질관리적합]+판독료,1413
RMHI236+RMHJ236,534370,2018-04-04 00:00:00,급여 인정기준 외 실시한 경우 비급여,,4,N,,혈관,행위,영상진단 및 방사선 치료료,자기공명영상진단료(MRI),,,MRI 경부혈관Neck MRA 촬영료[테슬라1.5-3.0미만+품질관리적합]+판독료,1414
RMHE237,470000,2018-04-04 00:00:00,급여 인정기준 외 실시한 경우 비급여,,4,N,,혈관,행위,검사료,자기공명영상진단료(MRI),,,흉부혈관-조영제 주입 전?후 촬영판독,1415
RMHE238,400000,2018-04-04 00:00:00,급여 인정기준 외 실시한 경우 비급여,,4,N,,혈관,행위,검사료,자기공명영상진단료(MRI),,,"복부혈관-조영제 주입 전,후 촬영판독",1416
RMHE239,400000,2018-04-04 00:00:00,급여 인정기준 외 실시한 경우 비급여,,4,N,,혈관,행위,검사료,자기공명영상진단료(MRI),,,"사지혈관-조영제 주입 전,후 촬영판독",1417
RMHE240,400000,2018-04-04 00:00:00,급여 인정기준 외 실시한 경우 비급여,,4,N,,혈관,행위,검사료,자기공명영상진단료(MRI),,,"심혈관-조영제 주입 전,후 촬영판독",1418
RMHE124,470000,2018-04-04 00:00:00,급여 인정기준 외 실시한 경우 비급여,,4,,,흉부,행위,검사료,자기공명영상진단료(MRI),,,심장-일반,1419
RMHE125,470000,2018-04-04 00:00:00,급여 인정기준 외 실시한 경우 비급여,,4,,,흉부,행위,검사료,자기공명영상진단료(MRI),,,흉부-일반,1420
RMHE126,470000,2018-04-04 00:00:00,급여 인정기준 외 실시한 경우 비급여,,4,,,흉부,행위,검사료,자기공명영상진단료(MRI),,,유방-일반,1421
RMHE224,470000,2018-04-04 00:00:00,급여 인정기준 외 실시한 경우 비급여,,4,N,,흉부,행위,검사료,자기공명영상진단료(MRI),,,"심장-조영제 주입 전,후 촬영판독",1422
RMHE225,470000,2018-04-04 00:00:00,급여 인정기준 외 실시한 경우 비급여,,4,N,,흉부,행위,검사료,자기공명영상진단료(MRI),,,"흉부-조영제 주입 전,후 촬영판독",1423
RMHE226,470000,2018-04-04 00:00:00,급여 인정기준 외 실시한 경우 비급여,,4,N,,흉부,행위,검사료,자기공명영상진단료(MRI),,,"유방-조영제 주입 전,후 촬영판독",1424
HZEN00900,100000,2018-04-04 00:00:00,,,4,,,감각기,행위,처치 및 수술료,,,,코골이수술-고주파온열이용(Somnoplasty),1425
HZOP01700,250000,2018-04-04 00:00:00,,,4,,,감각기-시기(눈),행위,처치 및 수술료,,,,안구표면의 양막 이식술(재료대 별도산정),1426
HZRM00200,50000,2018-04-04 00:00:00,SZ084,,4,,,근골,행위,처치 및 수술료,,,,체외충격파치료 [근골격계질환],1427
HZEN00201,500000,2018-04-04 00:00:00,급여 인정기준 외 실시한 경우 비급여,,4,,,기타,행위,처치 및 수술료,,,,비변형 교정술 [대],1428
HZEN00202,300000,2018-04-04 00:00:00,급여 인정기준 외 실시한 경우 비급여,,4,,,기타,행위,처치 및 수술료,,,,비변형 교정술 [중],1429
HZEN00203,200000,2018-04-04 00:00:00,급여 인정기준 외 실시한 경우 비급여,,4,,,기타,행위,처치 및 수술료,,,,비변형 교정술 [소],1430
HZFM00100,14000,2018-04-04 00:00:00,,,4,,,기타,행위,처치 및 수술료,,,,"메조테라피 [비만, 1회당]",1431
HZFM00200,8000,2018-04-04 00:00:00,,,4,,,기타,행위,처치 및 수술료,,,,비만치료 [주사],1432
HZFM00301,5000,2018-04-04 00:00:00,,,4,,,기타,행위,처치 및 수술료,,,,비만치료 [복잡],1433
HZFM00302,4000,2018-04-04 00:00:00,,,4,,,기타,행위,처치 및 수술료,,,,비만치료 [중등도],1434
HZOG00100,300000,2018-04-04 00:00:00,급여 인정기준 외 실시한 경우 비급여,,4,,,기타,행위,처치 및 수술료,,,,난관결찰술(양측),1435
HZOG00800,30000,2018-04-04 00:00:00,,,4,,,기타,행위,처치 및 수술료,,,,자궁내장치(IUD)삽입술,1436
HZUR00501,500000,2018-04-04 00:00:00,,,4,,,비뇨기,행위,처치 및 수술료,,,,음경 이물질 제거술 A,1437
HZUR00502,800000,2018-04-04 00:00:00,,,4,,,비뇨기,행위,처치 및 수술료,,,,음경 이물질 제거술 B,1438
HZUR00503,1000000,2018-04-04 00:00:00,,,4,,,비뇨기,행위,처치 및 수술료,,,,음경 이물질 제거술 C,1439
HZUR00801,1000000,2018-04-04 00:00:00,,,4,,,비뇨기,행위,처치 및 수술료,,,,음경보형물 삽입술 A,1440
HZUR01300,200000,2018-04-04 00:00:00,,,4,,,비뇨기,행위,처치 및 수술료,,,,정관절제술 [결찰술],1441
HZNS00400,500000,2018-04-04 00:00:00,SZ083,,4,N,N,신경,행위,처치 및 수술료 등,,,,추간판내 고주파열 치료술,1442
HZNS00500,500000,2018-04-04 00:00:00,SZ634,,4,N,N,신경,행위,처치 및 수술료 등,,,,경피적 경막외강 신경성형술,1443
HZDE00102,20000,2018-04-04 00:00:00,부가세별도,,4,,,피부 및 연부조직,행위,처치 및 수술료,,,,"기미,주근깨,점 제거술 [중]",1444
HZDE01901,100000,2018-04-04 00:00:00,,,4,,,피부 및 연부조직,행위,처치 및 수술료,,,,박피술 [화학] [대],1445
HZDE01902,50000,2018-04-04 00:00:00,,,4,,,피부 및 연부조직,행위,처치 및 수술료,,,,박피술 [화학] [중],1446
HZDE01903,30000,2018-04-04 00:00:00,,,4,,,피부 및 연부조직,행위,처치 및 수술료,,,,박피술 [화학] [소],1447
HZDE02101,5000,2018-04-04 00:00:00,,,4,,,피부 및 연부조직,행위,처치 및 수술료,,,,"병변내주입요법,A",1448
HZDE02102,10000,2018-04-04 00:00:00,,,4,,,피부 및 연부조직,행위,처치 및 수술료,,,,"병변내주입요법,B",1449
HZDE02201,10000,2018-04-04 00:00:00,,,4,,,피부 및 연부조직,행위,처치 및 수술료,,,,사마귀제거 [대],1450
HZDE02202,5000,2018-04-04 00:00:00,,,4,,,피부 및 연부조직,행위,처치 및 수술료,,,,사마귀제거 [소],1451
HZDE02301,10000,2018-04-04 00:00:00,부가세별도,,4,,,피부 및 연부조직,행위,처치 및 수술료,,,,여드름 치료 [대],1452
HZDE02302,5000,2018-04-04 00:00:00,부가세별도,,4,,,피부 및 연부조직,행위,처치 및 수술료,,,,여드름 치료 [중],1453
HZDE02303,3000,2018-04-04 00:00:00,부가세별도,,4,,,피부 및 연부조직,행위,처치 및 수술료,,,,여드름 치료 [소],1454
HZOP01200A,100000,2018-04-04 00:00:00,부가세별도,,4,,,피부 및 연부조직,행위,처치 및 수술료,,,,보톡스주입술(시술건당)(재활미용성형만처방),1455
HZOP01301,300000,2018-04-04 00:00:00,부가세별도,편측,4,,,피부 및 연부조직,행위,처치 및 수술료,,,,쌍거풀수술(대),1456
HZOP01302,250000,2018-04-04 00:00:00,부가세별도,편측,4,,,피부 및 연부조직,행위,처치 및 수술료,,,,쌍거풀수술(소),1457
HZEN00501,200000,2018-04-04 00:00:00,급여 인정기준 외 실시한 경우 비급여,,4,,,감각기,행위,처치 및 수술료 등,,,,코골음성형술 [단순],1458
HZEN00502,400000,2018-04-04 00:00:00,급여 인정기준 외 실시한 경우 비급여,,4,,,감각기,행위,처치 및 수술료 등,,,,코골음성형술 [복잡],1459
HZFM00303,2000,2018-04-04 00:00:00,,,4,,,기타,행위,처치 및 수술료 등,,,,비만치료 [간단],1460
SEA001,53790,2018-04-04 00:00:00,,,4,N,N,기타,행위,처치 및 수술료 등,,,,진정내시경 환자관리료　Ⅰ,1461
SEA002,78050,2018-04-04 00:00:00,,,4,N,N,기타,행위,처치 및 수술료 등,,,,진정내시경 환자관리료 Ⅱ,1462
SEA003,119620,2018-04-04 00:00:00,,,4,N,N,기타,행위,처치 및 수술료 등,,,,진정내시경 환자관리료 Ⅲ,1463
SEA004,165440,2018-04-04 00:00:00,,,4,N,N,기타,행위,처치 및 수술료 등,,,,진정내시경 환자관리료 Ⅳ,1464
HZUR00200,500000,2018-04-04 00:00:00,,,4,,,비뇨기,행위,처치 및 수술료 등,,,,고환삽입술,1465
HZUR01800,150000,2018-04-04 00:00:00,,,4,,,비뇨기,행위,처치 및 수술료 등,,,,포경수술(배면절개),1466
HZUR01801,200000,2018-04-04 00:00:00,,,4,,,비뇨기,행위,처치 및 수술료 등,,,,포경수술(환상절개),1467
HZNS00700,300000,2018-04-04 00:00:00,,,4,,,신경,행위,처치 및 수술료 등,,,,풍선확장기능을 포함한 경막외강내 유착부위 박리시술,1468
HZDE00101,30000,2018-04-04 00:00:00,부가세별도,,4,,,피부 및 연부조직,행위,처치 및 수술료 등,,,,"기미,주근깨,점 제거술 [대]",1469
HZDE00103,10000,2018-04-04 00:00:00,부가세별도,,4,,,피부 및 연부조직,행위,처치 및 수술료 등,,,,"기미,주근깨,점 제거술 [소]",1470
HZPS02103,300000,2018-04-04 00:00:00,부가세별도,,4,,,피부 및 연부조직,행위,처치 및 수술료 등,,,,모발이식술 [소],1471
SEB401,15580,2018-04-04 00:00:00,인정기준 외 비급여,,4,,,초음파 검사료,행위,검사료,초음파 검사료,,,기본초음파-단순초음파(Ⅰ),1472
SEB402,31170,2018-04-04 00:00:00,인정기준 외 비급여,,4,,,초음파 검사료,행위,검사료,초음파 검사료,,,기본초음파-단순초음파(Ⅱ),1473
SEB411,91900,2018-04-04 00:00:00,인정기준 외 비급여,,4,,,초음파 검사료,행위,검사료,초음파 검사료,,,진단초음파-안-안구,1474
SEB412,91900,2018-04-04 00:00:00,인정기준 외 비급여,,4,,,초음파 검사료,행위,검사료,초음파 검사료,,,(양측) 진단초음파-안-안와,1475
SEB413,91900,2018-04-04 00:00:00,인정기준 외 비급여,,4,,,초음파 검사료,행위,검사료,초음파 검사료,,,(양측) 진단초음파-안-계측,1476
SEB414,92260,2018-04-04 00:00:00,인정기준 외 비급여,,4,,,초음파 검사료,행위,검사료,초음파 검사료,,,진단초음파-경부-갑상선·부갑상선,1477
SEB415,92260,2018-04-04 00:00:00,인정기준 외 비급여,,4,,,초음파 검사료,행위,검사료,초음파 검사료,,,진단초음파-경부-갑상선·부갑상선 제외한 경부,1478
SEB416,60940,2018-04-04 00:00:00,인정기준 외 비급여,,4,,,초음파 검사료,행위,검사료,초음파 검사료,,,진단초음파-비·부비동 초음파,1479
SEB421,124340,2018-04-04 00:00:00,인정기준 외 비급여,,4,,,초음파 검사료,행위,검사료,초음파 검사료,,,진단초음파-흉부-유방·액와부 초음파,1480
SEB422,86000,2018-04-04 00:00:00,인정기준 외 비급여,,4,,,초음파 검사료,행위,검사료,초음파 검사료,,,진단초음파-흉부-유방·액와부 제외한 흉부 초음파,1481
SEB430,35460,2018-04-04 00:00:00,인정기준 외 비급여,,4,,,초음파 검사료,행위,검사료,초음파 검사료,,,진단초음파-심장-(선천성심질환에검사별도산정)경흉부심초음파,1482
SEB431,112300,2018-04-04 00:00:00,인정기준 외 비급여,,4,,,초음파 검사료,행위,검사료,초음파 검사료,,,진단초음파-심장-(단순)경흉부심초음파,1483
SEB432,177260,2018-04-04 00:00:00,인정기준 외 비급여,,4,,,초음파 검사료,행위,검사료,초음파 검사료,,,진단초음파-심장-(일반)경흉부심초음파,1484
SEB433,258480,2018-04-04 00:00:00,인정기준 외 비급여,,4,,,초음파 검사료,행위,검사료,초음파 검사료,,,진단초음파-심장-(전문)경흉부심초음파,1485
SEB434,307550,2018-04-04 00:00:00,인정기준 외 비급여,,4,,,초음파 검사료,행위,검사료,초음파 검사료,,,진단초음파-심장-(약물)부하심초음파,1486
SEB435,292420,2018-04-04 00:00:00,인정기준 외 비급여,,4,,,초음파 검사료,행위,검사료,초음파 검사료,,,진단초음파-심장-(운동)부하심초음파,1487
SEB436,388420,2018-04-04 00:00:00,인정기준 외 비급여,,4,,,초음파 검사료,행위,검사료,초음파 검사료,,,진단초음파-심장-태아정밀 심초음파,1488
SEB441,122430,2018-04-04 00:00:00,인정기준 외 비급여,,4,,,초음파 검사료,행위,검사료,초음파 검사료,,,진단초음파-복부-(일반)간·담낭·담도·비장·췌장,1489
SEB442,181820,2018-04-04 00:00:00,인정기준 외 비급여,,4,,,초음파 검사료,행위,검사료,초음파 검사료,,,진단초음파-복부-(정밀)간·담낭·담도·비장·췌장,1490
SEB443,111740,2018-04-04 00:00:00,인정기준 외 비급여,,4,,,초음파 검사료,행위,검사료,초음파 검사료,,,진단초음파-복부-충수 Appendix,1491
SEB444,111840,2018-04-04 00:00:00,인정기준 외 비급여,,4,,,초음파 검사료,행위,검사료,초음파 검사료,,,진단초음파-복부-소장·대장 Small Bowel·Colon,1492
SEB445,77220,2018-04-04 00:00:00,인정기준 외 비급여,,4,,,초음파 검사료,행위,검사료,초음파 검사료,,,진단초음파-복부-서혜부 Inguinal region,1493
SEB446,131620,2018-04-04 00:00:00,인정기준 외 비급여,,4,,,초음파 검사료,행위,검사료,초음파 검사료,,,진단초음파-복부-직장·항문 Rectum·Anus,1494
SEB447,109680,2018-04-04 00:00:00,인정기준 외 비급여,,4,,,초음파 검사료,행위,검사료,초음파 검사료,,,진단초음파-복부-항문초음파만 시행한 경우,1495
SEB448,98500,2018-04-04 00:00:00,인정기준 외 비급여,,4,,,초음파 검사료,행위,검사료,초음파 검사료,,,진단초음파-비뇨기계-신장·부신·방광,1496
SEB449,89010,2018-04-04 00:00:00,인정기준 외 비급여,,4,,,초음파 검사료,행위,검사료,초음파 검사료,,,진단초음파-비뇨기계-신장·부신,1497
SEB450,80290,2018-04-04 00:00:00,인정기준 외 비급여,,4,,,초음파 검사료,행위,검사료,초음파 검사료,,,진단초음파-비뇨기계-방광 Bladder,1498
SEB451,115500,2018-04-04 00:00:00,인정기준 외 비급여,,4,,,초음파 검사료,행위,검사료,초음파 검사료,,,진단초음파-남성생식기-전립선·정낭(경직장으로 실시),1499
SEB452,64220,2018-04-04 00:00:00,인정기준 외 비급여,,4,,,초음파 검사료,행위,검사료,초음파 검사료,,,진단초음파-남성생식기-전립선·정낭(경복부로 실시),1500
SEB453,90770,2018-04-04 00:00:00,인정기준 외 비급여,,4,,,초음파 검사료,행위,검사료,초음파 검사료,,,진단초음파-남성생식기-음경 Penis,1501
SEB454,90770,2018-04-04 00:00:00,인정기준 외 비급여,,4,,,초음파 검사료,행위,검사료,초음파 검사료,,,진단초음파-남성생식기-음낭 Scrotum,1502
SEB455,103870,2018-04-04 00:00:00,인정기준 외 비급여,,4,,,초음파 검사료,행위,검사료,초음파 검사료,,,진단초음파-여성생식기-일반,1503
SEB456,132860,2018-04-04 00:00:00,인정기준 외 비급여,,4,,,초음파 검사료,행위,검사료,초음파 검사료,,,진단초음파-여성생식기-자궁내생리식염수를 주입하여 검사한 경우,1504
SEB457,152210,2018-04-04 00:00:00,인정기준 외 비급여,,4,,,초음파 검사료,행위,검사료,초음파 검사료,,,진단초음파-여성생식기-정밀,1505
SEB461,65260,2018-04-04 00:00:00,인정기준 외 비급여,,4,,,초음파 검사료,행위,검사료,초음파 검사료,,,진단초음파-관절-손가락(편측),1506
SEB462,65260,2018-04-04 00:00:00,인정기준 외 비급여,,4,,,초음파 검사료,행위,검사료,초음파 검사료,,,진단초음파-관절-발가락(편측)Toe,1507
SEB463,71900,2018-04-04 00:00:00,인정기준 외 비급여,,4,,,초음파 검사료,행위,검사료,초음파 검사료,,,진단초음파-관절-주관절(편측)Elbow,1508
SEB464,71900,2018-04-04 00:00:00,인정기준 외 비급여,,4,,,초음파 검사료,행위,검사료,초음파 검사료,,,진단초음파-관절-슬관절(편측)Knee,1509
SEB465,90050,2018-04-04 00:00:00,인정기준 외 비급여,,4,,,초음파 검사료,행위,검사료,초음파 검사료,,,진단초음파-관절-고관절(편측)Hip,1510
SEB466,90050,2018-04-04 00:00:00,인정기준 외 비급여,,4,,,초음파 검사료,행위,검사료,초음파 검사료,,,진단초음파-관절-견관절(편측)Shoulder,1511
SEB467,90050,2018-04-04 00:00:00,인정기준 외 비급여,,4,,,초음파 검사료,행위,검사료,초음파 검사료,,,진단초음파-관절-손목관절(편측)Wrist,1512
SEB468,90050,2018-04-04 00:00:00,인정기준 외 비급여,,4,,,초음파 검사료,행위,검사료,초음파 검사료,,,진단초음파-관절-발목관절(편측)Ankle,1513
SEB470,65260,2018-04-04 00:00:00,인정기준 외 비급여,,4,,,초음파 검사료,행위,검사료,초음파 검사료,,,진단초음파-연부조직-일반,1514
SEB471,83840,2018-04-04 00:00:00,인정기준 외 비급여,,4,,,초음파 검사료,행위,검사료,초음파 검사료,,,진단초음파-연부조직-정밀,1515
SEB481,129580,2018-04-04 00:00:00,인정기준 외 비급여,,4,,,초음파 검사료,행위,검사료,초음파 검사료,,,진단초음파-혈관-뇌혈류,1516
SEB482,110620,2018-04-04 00:00:00,인정기준 외 비급여,,4,,,초음파 검사료,행위,검사료,초음파 검사료,,,진단초음파-혈관-(경동맥)두개외 혈관 도플러,1517
SEB483,58060,2018-04-04 00:00:00,인정기준 외 비급여,,4,,,초음파 검사료,행위,검사료,초음파 검사료,,,진단초음파-혈관-(기타 동맥)두개외 혈관 도플러,1518
SEB484,89120,2018-04-04 00:00:00,인정기준 외 비급여,,4,,,초음파 검사료,행위,검사료,초음파 검사료,,,(양측) 진단초음파-혈관-(상지-동맥)사지혈관 도플러,1519
SEB485,89120,2018-04-04 00:00:00,인정기준 외 비급여,,4,,,초음파 검사료,행위,검사료,초음파 검사료,,,(양측) 진단초음파-혈관-(상지-정맥)사지혈관 도플러,1520
SEB486,45890,2018-04-04 00:00:00,인정기준 외 비급여,,4,,,초음파 검사료,행위,검사료,초음파 검사료,,,(양측) 진단초음파-혈관-(동정맥루의 혈류 및 협착 측정)사지혈관 도플러,1521
SEB487,141140,2018-04-04 00:00:00,인정기준 외 비급여,,4,,,초음파 검사료,행위,검사료,초음파 검사료,,,(양측) 진단초음파-혈관-(하지-동맥)사지혈관 도플러,1522
SEB488,141140,2018-04-04 00:00:00,인정기준 외 비급여,,4,,,초음파 검사료,행위,검사료,초음파 검사료,,,(양측) 진단초음파-혈관-(하지-정맥)사지혈관 도플러,1523
SEB489,158510,2018-04-04 00:00:00,인정기준 외 비급여,,4,,,초음파 검사료,행위,검사료,초음파 검사료,,,진단초음파-혈관-(하지 정맥류 검사를 실시)사지혈관 도플러,1524
SEB490,85970,2018-04-04 00:00:00,인정기준 외 비급여,,4,,,초음파 검사료,행위,검사료,초음파 검사료,,,진단초음파-혈관-대동맥 도플러,1525
SEB501,198210,2018-04-04 00:00:00,인정기준 외 비급여,,4,,,초음파 검사료,행위,검사료,초음파 검사료,,,진단초음파-신경-(만1세미만소아 경천문 뇌)중추신경계,1526
SEB502,198210,2018-04-04 00:00:00,인정기준 외 비급여,,4,,,초음파 검사료,행위,검사료,초음파 검사료,,,진단초음파-신경-(만1세미만소아 척수)중추신경계,1527
SEB503,59120,2018-04-04 00:00:00,인정기준 외 비급여,,4,,,초음파 검사료,행위,검사료,초음파 검사료,,,진단초음파-신경-말초신경 초음파(편측),1528
SEB504,154210,2018-04-04 00:00:00,인정기준 외 비급여,,4,,,초음파 검사료,행위,검사료,초음파 검사료,,,진단초음파-신경-(사지신경 종합검사)말초신경 초음파,1529
SEB511,81330,2018-04-04 00:00:00,인정기준 외 비급여,,4,,,초음파 검사료,행위,검사료,초음파 검사료,,,진단초음파-임산부-(일반)제1삼분기,1530
SEB512,55200,2018-04-04 00:00:00,인정기준 외 비급여,,4,,,초음파 검사료,행위,검사료,초음파 검사료,,,진단초음파-임산부-(임신여부만 확인)제1삼분기,1531
SEB513,145140,2018-04-04 00:00:00,인정기준 외 비급여,,4,,,초음파 검사료,행위,검사료,초음파 검사료,,,진단초음파-임산부-(정밀)제1삼분기,1532
SEB514,186130,2018-04-04 00:00:00,인정기준 외 비급여,,4,,,초음파 검사료,행위,검사료,초음파 검사료,,,진단초음파-임산부-(기형아정밀계측)제1삼분기,1533
SEB515,115140,2018-04-04 00:00:00,인정기준 외 비급여,,4,,,초음파 검사료,행위,검사료,초음파 검사료,,,"진단초음파-임산부-(일반)제2,3삼분기",1534
SEB516,149660,2018-04-04 00:00:00,인정기준 외 비급여,,4,,,초음파 검사료,행위,검사료,초음파 검사료,,,"진단초음파-임산부-(고위험임신)제2,3삼분기",1535
SEB517,246740,2018-04-04 00:00:00,인정기준 외 비급여,,4,,,초음파 검사료,행위,검사료,초음파 검사료,,,"진단초음파-임산부-(정밀)제2,3삼분기",1536
SEB518,289060,2018-04-04 00:00:00,인정기준 외 비급여,,4,,,초음파 검사료,행위,검사료,초음파 검사료,,,"진단초음파-임산부-(기형아정밀계측)제2,3삼분기",1537
SEB561,53200,2018-04-04 00:00:00,인정기준 외 비급여,,4,,,초음파 검사료,행위,검사료,초음파 검사료,,,유도초음파-유도초음파(Ⅰ),1538
SEB562,106400,2018-04-04 00:00:00,인정기준 외 비급여,,4,,,초음파 검사료,행위,검사료,초음파 검사료,,,유도초음파-유도초음파(Ⅱ),1539
SEB563,127680,2018-04-04 00:00:00,인정기준 외 비급여,,4,,,초음파 검사료,행위,검사료,초음파 검사료,,,유도초음파-유도초음파(Ⅲ),1540
SEB564,319180,2018-04-04 00:00:00,인정기준 외 비급여,,4,,,초음파 검사료,행위,검사료,초음파 검사료,,,유도초음파-유도초음파(Ⅳ),1541
SEB610,35460,2018-04-04 00:00:00,인정기준 외 비급여,,4,,,초음파 검사료,행위,검사료,초음파 검사료,,,특수초음파-심장-(선천성심질환에검사)경식도 심초음파,1542
SEB611,290960,2018-04-04 00:00:00,인정기준 외 비급여,,4,,,초음파 검사료,행위,검사료,초음파 검사료,,,특수초음파-심장-경식도 심초음파,1543
SEB612,320060,2018-04-04 00:00:00,인정기준 외 비급여,,4,,,초음파 검사료,행위,검사료,초음파 검사료,,,특수초음파-심장-심장내 초음파,1544
SEB469,139680,2018-04-04 00:00:00,인정기준 외 비급여,,4,,,초음파검사료,행위,검사료,초음파 검사료,,,진단초음파-관절-류마티스성질환3부위이상관절종합,1545
JK0001M,150000,2018-04-04 00:00:00,,,4,,,치과보철료,행위,치과의 보철료,,,,"R.D, Attachment Change, Mat 가철성 의치 어테치먼트 교환 [재료]",1546
JK0002M,150000,2018-04-04 00:00:00,,,4,,,치과보철료,행위,치과의 보철료,,,,"R.D, Magnetic change, Mat 가철성 의치, 자석 교환 [재료]",1547
JK0003M,200000,2018-04-04 00:00:00,,,4,,,치과보철료,행위,치과의 보철료,,,,"Implant, Magnetic change, Mat 인공치매식, 자석 교환 [재료]",1548
JK0004M,200000,2018-04-04 00:00:00,,,4,,,치과보철료,행위,치과의 보철료,,,,"Implant, abutment change, A, Mat 인공치매식, 지대치 교환, A [재료]",1549
JK0005M,400000,2018-04-04 00:00:00,,,4,,,치과보철료,행위,치과의 보철료,,,,"Implant, abutment change, B, Mat 인공치매식, 지대치 교환, B [재료]",1550
JK0006M,30000,2018-04-04 00:00:00,,,4,,,치과보철료,행위,치과의 보철료,,,,"Implant, coping screw change, Mat 인공치매식, 코핑 스크류 교환 [재료]",1551
JK0007M,50000,2018-04-04 00:00:00,,,4,,,치과보철료,행위,치과의 보철료,,,,"Implant, UCLA screw change, Mat 인공치매식, 유씨엘에이 스크류 교환 [재료]",1552
JK0008M,100000,2018-04-04 00:00:00,,,4,,,치과보철료,행위,치과의 보철료,,,,"Implant, Cr. Remake fee, A, Mat 인공치매식, 크라운 재제작비, A [재료]",1553
JK0009M,200000,2018-04-04 00:00:00,,,4,,,치과보철료,행위,치과의 보철료,,,,"Implant, Cr. Remake fee, B, Mat 인공치매식, 크라운 재제작비, B [재료]",1554
JK0010M,10000,2018-04-04 00:00:00,,,4,,,치과보철료,행위,치과의 보철료,,,,"Overdenture clip change, Mat 오버덴쳐 클립 교환 [재료]",1555
JK0011M,20000,2018-04-04 00:00:00,,,4,,,치과보철료,행위,치과의 보철료,,,,"Overdenture O-ring change, Mat 오버덴쳐 오-링 교환 [재료]",1556
JK0012M,20000,2018-04-04 00:00:00,,,4,,,치과보철료,행위,치과의 보철료,,,,"Endura resin, ant. Teeth, Mat 경질 레진 전치 [재료]",1557
JK0013M,30000,2018-04-04 00:00:00,,,4,,,치과보철료,행위,치과의 보철료,,,,"Endura resin, post. Teeth, Mat 경질 레진 구치 [재료]",1558
JK0014M,100000,2018-04-04 00:00:00,,,4,,,치과보철료,행위,치과의 보철료,,,,Konus Telescopic Milling fee 코너스 텔레스코픽 크라운 밀링 기공비 [재료],1559
JK0015M,100000,2018-04-04 00:00:00,,,4,,,치과보철료,행위,치과의 보철료,,,,Pressure Injection Resin System [재료],1560
JK0016M,1500000,2018-04-04 00:00:00,,,4,,,치과보철료,행위,치과의 보철료,,,,"Novel Guide [Finished Surgical Template 5 Implants and more] 노벨가이드 [서지컬템플레이트,임플란트5개이상]",1561
JK0017M,1000000,2018-04-04 00:00:00,,,4,,,치과보철료,행위,치과의 보철료,,,,"Novel Guide [Finished Surgical Template 1-4 Implants] 노벨가이드 [서지컬 템플레이트,임플란트4개이하]",1562
JM0001T,80000,2018-04-04 00:00:00,,,4,,,치과보철료,행위,치과의 보철료,,,,Composite resin filling (light curing) 광중합 복합 레진 충전,1563
JM0002T,250000,2018-04-04 00:00:00,,,4,,,치과보철료,행위,치과의 보철료,,,,Esthetic resin filling 심미 레진 충전 미용 목적 시술시 국비/감면 환자 공히 전액 본인부담,1564
JM0003T,80000,2018-04-04 00:00:00,,,4,,,치과보철료,행위,치과의 보철료,,,,Light curing G.I filling 광중합 G.I 충전,1565
JM0004T,100000,2018-04-04 00:00:00,,,4,,,치과보철료,행위,치과의 보철료,,,,"P.F.M repair, simple 포세린관 수리, 단순",1566
JM0005T,200000,2018-04-04 00:00:00,,,4,,,치과보철료,행위,치과의 보철료,,,,"P.F.M repair, complex 포세린관 수리, 복잡",1567
JM0006T,70000,2018-04-04 00:00:00,,,4,,,치과보철료,행위,치과의 보철료,,,,Screw post 나선형 합정,1568
JM0007T,10000,2018-04-04 00:00:00,,,4,,,치과보철료,행위,치과의 보철료,,,,Pin 핀,1569
JM0008T,50000,2018-04-04 00:00:00,,,4,,,치과보철료,행위,치과의 보철료,,,,"Denture repair, simple 의치수리, 단순",1570
JM0009T,100000,2018-04-04 00:00:00,,,4,,,치과보철료,행위,치과의 보철료,,,,"Denture repair, complex 의치수리, 복잡",1571
JM0010T,100000,2018-04-04 00:00:00,,,4,,,치과보철료,행위,치과의 보철료,,,,"Direct denture reline, simple 의치 직접 이장술, 단순",1572
JM0011T,150000,2018-04-04 00:00:00,,,4,,,치과보철료,행위,치과의 보철료,,,,"Direct denture reline, complex 의치 직접 이장술, 복잡",1573
JM0012T,50000,2018-04-04 00:00:00,,,4,,,치과보철료,행위,치과의 보철료,,,,Direct denture soft reline 탄성 의치상 이장술,1574
JM0013T,50000,2018-04-04 00:00:00,,,4,,,치과보철료,행위,치과의 보철료,,,,"Flipper, simple 임시 의치, 단순",1575
JM0014T,30000,2018-04-04 00:00:00,,,4,,,치과보철료,행위,치과의 보철료,,,,Resin temporary crown 레진 가공 의치 [1치당],1576
JM0015T,200000,2018-04-04 00:00:00,,,4,,,치과보철료,행위,치과의 보철료,,,,Face mask impression 안면 체형,1577
JM0016T,10000,2018-04-04 00:00:00,,,4,,,치과보철료,행위,치과의 보철료,,,,"plaque control,simple 치태조절 및 예방술식, 단순",1578
JM0017T,30000,2018-04-04 00:00:00,,,4,,,치과보철료,행위,치과의 보철료,,,,"plaque control, complex 치태조절 및 예방술식, 복잡",1579
JM0018T,30000,2018-04-04 00:00:00,,,4,,,치과보철료,행위,치과의 보철료,,,,T.B.I 잇솔질 교습 [회당] 예방목적시술 1인 1회(평생) 국비대상자 국비 산정(감면 환자는 최?/td>,1580
JM0019T,30000,2018-04-04 00:00:00,,,4,,,치과보철료,행위,치과의 보철료,,,,"Teeth bleaching, simple 치아 표백술, 단순 미용 목적시술 국비/감면 환자 공히 전액 본인부담",1581
JM0020T,50000,2018-04-04 00:00:00,,,4,,,치과보철료,행위,치과의 보철료,,,,"Teeth bleaching, complex 치아 표백술, 복잡 미용 목적시술 국비/감면 환자 공히 전액 본인부담",1582
JM0021T,150000,2018-04-04 00:00:00,,,4,,,치과보철료,행위,치과의 보철료,,,,S.S crown 유구치 가공 치관,1583
JM0022T,30000,2018-04-04 00:00:00,,,4,,,치과보철료,행위,치과의 보철료,,,,Study impression [1악당] 모형 분석용 인상 [1악당],1584
JM0023T,300000,2018-04-04 00:00:00,,,4,,,치과보철료,행위,치과의 보철료,,,,"Occlusal splint, simple [1악당] 교합안정장치, 단순 [1악당]",1585
JM0024T,30000,2018-04-04 00:00:00,,,4,,,치과보철료,행위,치과의 보철료,,,,Occlusal splint 관리 교합안정장치 관리,1586
JM0025T,100000,2018-04-04 00:00:00,,,4,,,치과보철료,행위,치과의 보철료,,,,Fluorid therapy [1악당] 불소 도포 [1악당] 예방목적시술 국비/감면 환자 공히 감면부담,1587
JM0026T,50000,2018-04-04 00:00:00,,,4,,,치과보철료,행위,치과의 보철료,,,,Resin facing repair [1치당] Resin facing 수리 [1치당],1588
JM0027T,30000,2018-04-04 00:00:00,,,4,,,치과보철료,행위,치과의 보철료,,,,"Oral exam, consult. 구강 검사 및 상담 치료기간중 1회산정",1589
JM0028T,50000,2018-04-04 00:00:00,,,4,,,치과보철료,행위,치과의 보철료,,,,"Dx of implant, simple 치아 매식 진단료, 단순",1590
JM0029T,100000,2018-04-04 00:00:00,,,4,,,치과보철료,행위,치과의 보철료,,,,"Dx of implant, complex 치아 매식 진단료, 복잡",1591
JM0031T,100000,2018-04-04 00:00:00,,,4,,,치과보철료,행위,치과의 보철료,,,,P.R.P . 피.알.피,1592
JM0032T,50000,2018-04-04 00:00:00,,,4,,,치과보철료,행위,치과의 보철료,,,,Over denture clip 교환 치아지지 가철성 의치 클립 교환,1593
JM0033T,50000,2018-04-04 00:00:00,,,4,,,치과보철료,행위,치과의 보철료,,,,Over denture O-ring & ERA 교환 치아지지 가철성 의치 오-링&이알에이 교환,1594
JM0034T,200000,2018-04-04 00:00:00,,,4,,,치과보철료,행위,치과의 보철료,,,,Over denture magnetic 교환 치아지지 가철성 의치 자석체 교환,1595
JM0035T,300000,2018-04-04 00:00:00,,,4,,,치과보철료,행위,치과의 보철료,,,,"Implant, magnetic change fee 치아매식, 자석체 교환",1596
JM0036T,300000,2018-04-04 00:00:00,,,4,,,치과보철료,행위,치과의 보철료,,,,"Implant, abutment change fee 치아매식, 지대체 교환",1597
JM0037T,50000,2018-04-04 00:00:00,,,4,,,치과보철료,행위,치과의 보철료,,,,"Implant, coping screw change fee 치아매식, 코핑 스크류 교환",1598
JM0038T,100000,2018-04-04 00:00:00,,,4,,,치과보철료,행위,치과의 보철료,,,,"Implant, UCLA screw change fee 치아매식, 유씨엘에이 스크류 교환",1599
JM0039T,50000,2018-04-04 00:00:00,,,4,,,치과보철료,행위,치과의 보철료,,,,"implant repair, simple 치아매식 수리, 단순",1600
JM0040T,100000,2018-04-04 00:00:00,,,4,,,치과보철료,행위,치과의 보철료,,,,"implant repair, complex 치아매식 수리, 복잡",1601
JM0041T,50000,2018-04-04 00:00:00,,,4,,,치과보철료,행위,치과의 보철료,,,,"Implant, temporary resin Cr., simple 치아매식, 임시 레진치, 단순",1602
JM0042T,200000,2018-04-04 00:00:00,,,4,,,치과보철료,행위,치과의 보철료,,,,"Implant, temporary resin Cr., complex 치아매식, 임시 레진치, 복잡",1603
JM0043T,200000,2018-04-04 00:00:00,,,4,,,치과보철료,행위,치과의 보철료,,,,"bone graft, simple 골 이식술, 단순",1604
JM0044T,1000000,2018-04-04 00:00:00,,,4,,,치과보철료,행위,치과의 보철료,,,,"bone graft, complex 골 이식술, 복잡",1605
JM0045T,30000,2018-04-04 00:00:00,,,4,,,치과보철료,행위,치과의 보철료,,,,Pit & fissure sealant 치면 열구 전색,1606
JM0046T,60000,2018-04-04 00:00:00,,,4,,,치과보철료,행위,치과의 보철료,,,,"Orthodontics, Morthly fee 교정 월정비",1607
JM0047T,80000,2018-04-04 00:00:00,,,4,,,치과보철료,행위,치과의 보철료,,,,Scaling 치석제거,1608
JM0048T,10000,2018-04-04 00:00:00,,,4,,,치과보철료,행위,치과의 보철료,,,,Laser 충치예방치료 [1치당] 예방 목적시술 국비/감면 환자 공히 감면 부담,1609
JM0049T,50000,2018-04-04 00:00:00,,,4,,,치과보철료,행위,치과의 보철료,,,,Laser 미백치료 [1치당] 미용목적 국비/감면 환자 공히 본인부담,1610
JM0050T,30000,2018-04-04 00:00:00,,,4,,,치과보철료,행위,치과의 보철료,,,,"구취측정 검사 구취 측정기 사용 측정시 적용, 치료기간중 1회 산정",1611
JM0051T,60000,2018-04-04 00:00:00,,,4,,,치과보철료,행위,치과의 보철료,,,,Sp cr 기성금관,1612
JM0052T,500000,2018-04-04 00:00:00,,,4,,,치과보철료,행위,치과의 보철료,,,,Cornus Denture [내관 & 외관],1613
JM0053T,100000,2018-04-04 00:00:00,,,4,,,치과보철료,행위,치과의 보철료,,,,Milling 비,1614
JM0054T,1000000,2018-04-04 00:00:00,,,4,,,치과보철료,행위,치과의 보철료,,,,"임플란트목적 상악동거상술,측방접근 [단순]",1615
JM0055T,1500000,2018-04-04 00:00:00,,,4,,,치과보철료,행위,치과의 보철료,,,,"임플란트목적 상악동거상술,측방접근 [복잡]",1616
JM0056T,60000,2018-04-04 00:00:00,,,4,,,치과보철료,행위,치과의 보철료,,,,Laser Solder 레이져 솔더,1617
JM0057T,100000,2018-04-04 00:00:00,,,4,,,치과보철료,행위,치과의 보철료,,,,Peri implantitis treatment 임플란트 주위염 치료 주: 임플란트 1차 및 2차 수술 기간중 발생된 염증 치료는 별도 산정하지 않는다.,1618
JM0058T,100000,2018-04-04 00:00:00,,,4,,,치과보철료,행위,치과의 보철료,,,,"Implant second surgery,Simple 임플란트 2차 수술, 간단",1619
JM0059T,300000,2018-04-04 00:00:00,,,4,,,치과보철료,행위,치과의 보철료,,,,"Implant second surgery, Complex [연조직] 임플란트 2차 수술, 복잡 [연조직]",1620
JM0060T,500000,2018-04-04 00:00:00,,,4,,,치과보철료,행위,치과의 보철료,,,,"Implant second surgery, Complex [경조직] 임플란트 2차 수술, 복잡 [경조직]",1621
JM0061T,50000,2018-04-04 00:00:00,,,4,,,치과보철료,행위,치과의 보철료,,,,Perio test [인공치아 개당] 치주 테스트 [인공치아 개당],1622
JM0062T,50000,2018-04-04 00:00:00,,,4,,,치과보철료,행위,치과의 보철료,,,,"Surgical stent, 단순 [임플란트3개이하] 서지컬 스텐트(수술용 스텐트), 단순 [임플란트3개이하]",1623
JM0063T,100000,2018-04-04 00:00:00,,,4,,,치과보철료,행위,치과의 보철료,,,,"Surgical stent, 복잡 [임플란트4개이상] 서지컬 스텐트(수술용 스텐트), 복잡 [임플란트4개이상]",1624
JM0064T,100000,2018-04-04 00:00:00,,,4,,,치과보철료,행위,치과의 보철료,,,,임플란트목적 레이저치료,1625
JM0065T,300000,2018-04-04 00:00:00,,,4,,,치과보철료,행위,치과의 보철료,,,,임플란트목적 상악동거상술 [편측],1626
JM0066T,1000000,2018-04-04 00:00:00,,,4,,,치과보철료,행위,치과의 보철료,,,,임플란트목적 하치조측방전위술 [편측],1627
JM0067T,1500000,2018-04-04 00:00:00,,,4,,,치과보철료,행위,치과의 보철료,,,,임플란트목적 하치조측방전위술 [양측],1628
JM0073T,1000000,2018-04-04 00:00:00,,,4,,,치과보철료,행위,치과의 보철료,,,,MANDIBULAR RECONSTRUCTION A 악안면골재건정복술 A,1629
JM0074T,2000000,2018-04-04 00:00:00,,,4,,,치과보철료,행위,치과의 보철료,,,,MANDIBULAR RECONSTRUCTION B 악안면골재건정복술 B,1630
JM0075T,3000000,2018-04-04 00:00:00,,,4,,,치과보철료,행위,치과의 보철료,,,,MANDIBULAR RECONSTRUCTION C 악안면골재건정복술 C,1631
JM0076T,4000000,2018-04-04 00:00:00,,,4,,,치과보철료,행위,치과의 보철료,,,,MANDIBULAR RECONSTRUCTION D 악안면골재건정복술 D,1632
JM0077T,5000000,2018-04-04 00:00:00,,,4,,,치과보철료,행위,치과의 보철료,,,,MANDIBULAR RECONSTRUCTION E 악안면골재건정복술 E,1633
JM0078T,1000000,2018-04-04 00:00:00,,,4,,,치과보철료,행위,치과의 보철료,,,,FIXED ORTHODONTIC TX A 악안면기형안골교정술 A,1634
JM0079T,2000000,2018-04-04 00:00:00,,,4,,,치과보철료,행위,치과의 보철료,,,,FIXED ORTHODONTIC TX B 악안면기형안골교정술 B,1635
JM0080T,3000000,2018-04-04 00:00:00,,,4,,,치과보철료,행위,치과의 보철료,,,,FIXED ORTHODONTIC TX C 악안면기형안골교정술 C,1636
JM0081T,4000000,2018-04-04 00:00:00,,,4,,,치과보철료,행위,치과의 보철료,,,,FIXED ORTHODONTIC TX D 악안면기형안골교정술 D,1637
JM0082T,500000,2018-04-04 00:00:00,,,4,,,치과보철료,행위,치과의 보철료,,,,골증대술,1638
JM0083T,10000,2018-04-04 00:00:00,,,4,,,치과보철료,행위,치과의 보철료,,,,보철 치료(CHECK UP)중 주: 보철 장착 당일에는 산정하지 않는다.,1639
JM0084T,100000,2018-04-04 00:00:00,,,4,,,치과보철료,행위,치과의 보철료,,,,SURGICAL UNCOVERING [1치당] 치관노출술 [1치당],1640
JM0085T,50000,2018-04-04 00:00:00,,,4,,,치과보철료,행위,치과의 보철료,,,,보격장치 [고정식],1641
JM0086T,100000,2018-04-04 00:00:00,,,4,,,치과보철료,행위,치과의 보철료,,,,보격장치 [가철식],1642
JP0003M,160000,2018-04-04 00:00:00,,,4,,,치과보철료,행위,치과의 보철료,,,,"Crown, Palladium, Mat [재료]",1643
JP0003T,190000,2018-04-04 00:00:00,,,4,,,치과보철료,행위,치과의 보철료,,,,"Crown, Palladium, Tre [행위]",1644
JP0004M,100000,2018-04-04 00:00:00,,,4,,,치과보철료,행위,치과의 보철료,,,,"Crown, Metal, Mat [재료]",1645
JP0004T,150000,2018-04-04 00:00:00,,,4,,,치과보철료,행위,치과의 보철료,,,,"Crown, Metal, Tre [행위]",1646
JP0005M,100000,2018-04-04 00:00:00,,,4,,,치과보철료,행위,치과의 보철료,,,,"Atrficial gold crown for RD, Mat [재료]",1647
JP0005T,150000,2018-04-04 00:00:00,,,4,,,치과보철료,행위,치과의 보철료,,,,"Atrficial gold crown for RD, Tre [행위]",1648
JP0006M,150000,2018-04-04 00:00:00,,,4,,,치과보철료,행위,치과의 보철료,,,,"Crown, PFM, A, Mat [재료]",1649
JP0006T,220000,2018-04-04 00:00:00,,,4,,,치과보철료,행위,치과의 보철료,,,,"Crown, PFM, A, Tre [행위]",1650
JP0007M,150000,2018-04-04 00:00:00,,,4,,,치과보철료,행위,치과의 보철료,,,,"Crown, PFM, B, Mat [재료]",1651
JP0007T,200000,2018-04-04 00:00:00,,,4,,,치과보철료,행위,치과의 보철료,,,,"Crown, PFM, B, Tre [행위]",1652
JP0008M,230000,2018-04-04 00:00:00,,,4,,,치과보철료,행위,치과의 보철료,,,,"Crown, PFG, A, Mat [재료]",1653
JP0008T,290000,2018-04-04 00:00:00,,,4,,,치과보철료,행위,치과의 보철료,,,,"Crown, PFG, A, Tre [행위]",1654
JP0009M,230000,2018-04-04 00:00:00,,,4,,,치과보철료,행위,치과의 보철료,,,,"Crown, PFG, B, Mat [재료]",1655
JP0009T,220000,2018-04-04 00:00:00,,,4,,,치과보철료,행위,치과의 보철료,,,,"Crown, PFG, B, Tre [행위]",1656
JP0010M,150000,2018-04-04 00:00:00,,,4,,,치과보철료,행위,치과의 보철료,,,,"Crown, collarless PFM, Mat [재료]",1657
JP0010T,230000,2018-04-04 00:00:00,,,4,,,치과보철료,행위,치과의 보철료,,,,"Crown, collarless PFM, Tre [행위]",1658
JP0011M,260000,2018-04-04 00:00:00,,,4,,,치과보철료,행위,치과의 보철료,,,,"Crown, collarless PFG, Mat [재료]",1659
JP0011T,260000,2018-04-04 00:00:00,,,4,,,치과보철료,행위,치과의 보철료,,,,"Crown, collarless PFG, Tre [행위]",1660
JP0012M,200000,2018-04-04 00:00:00,,,4,,,치과보철료,행위,치과의 보철료,,,,"Crown, all ceramic, Mat [재료]",1661
JP0012T,270000,2018-04-04 00:00:00,,,4,,,치과보철료,행위,치과의 보철료,,,,"Crown, all ceramic, Tre [행위]",1662
JP0013M,180000,2018-04-04 00:00:00,,,4,,,치과보철료,행위,치과의 보철료,,,,"Crown, Laminate veneer, Mat [재료]",1663
JP0013T,220000,2018-04-04 00:00:00,,,4,,,치과보철료,행위,치과의 보철료,,,,"Crown, Laminate veneer, Tre [행위]",1664
JP0014M,110000,2018-04-04 00:00:00,,,4,,,치과보철료,행위,치과의 보철료,,,,"Crown, Maryland, non-Prec., Mat [재료]",1665
JP0014T,180000,2018-04-04 00:00:00,,,4,,,치과보철료,행위,치과의 보철료,,,,"Crown, Maryland, non-Prec., Tre [행위]",1666
JP0015M,140000,2018-04-04 00:00:00,,,4,,,치과보철료,행위,치과의 보철료,,,,"Crown, Maryland, Prec., Mat [재료]",1667
JP0015T,230000,2018-04-04 00:00:00,,,4,,,치과보철료,행위,치과의 보철료,,,,"Crown, Maryland, Prec., Tre [행위]",1668
JP0016M,140000,2018-04-04 00:00:00,,,4,,,치과보철료,행위,치과의 보철료,,,,"Inlay, Prec. Gold simple, Mat [재료]",1669
JP0016T,160000,2018-04-04 00:00:00,,,4,,,치과보철료,행위,치과의 보철료,,,,"Inlay, Prec. Gold simple, Tre [행위]",1670
JP0017M,140000,2018-04-04 00:00:00,,,4,,,치과보철료,행위,치과의 보철료,,,,"Inlay, Prec. Gold complex, Mat [재료]",1671
JP0017T,210000,2018-04-04 00:00:00,,,4,,,치과보철료,행위,치과의 보철료,,,,"Inlay, Prec. Gold complex, Tre [행위]",1672
JP0018M,120000,2018-04-04 00:00:00,,,4,,,치과보철료,행위,치과의 보철료,,,,"Inlay, Por. or resin, simple,Mat [재료]",1673
JP0018T,150000,2018-04-04 00:00:00,,,4,,,치과보철료,행위,치과의 보철료,,,,"Inlay, Por. or resin, simple,Tre [행위]",1674
JP0019M,120000,2018-04-04 00:00:00,,,4,,,치과보철료,행위,치과의 보철료,,,,"Inlay, Por. or resin, complex, Mat [재료]",1675
JP0019T,160000,2018-04-04 00:00:00,,,4,,,치과보철료,행위,치과의 보철료,,,,"Inlay, Por. or resin, complex, Tre [행위]",1676
JP0020M,90000,2018-04-04 00:00:00,,,4,,,치과보철료,행위,치과의 보철료,,,,"Post&Core, gold simple, Mat [재료]",1677
JP0020T,140000,2018-04-04 00:00:00,,,4,,,치과보철료,행위,치과의 보철료,,,,"Post&Core, gold simple, Tre [행위]",1678
JP0021M,120000,2018-04-04 00:00:00,,,4,,,치과보철료,행위,치과의 보철료,,,,"Post&Core, gold complex, Mat [재료]",1679
JP0021T,140000,2018-04-04 00:00:00,,,4,,,치과보철료,행위,치과의 보철료,,,,"Post&Core, gold complex, Tre [행위]",1680
JP0022M,50000,2018-04-04 00:00:00,,,4,,,치과보철료,행위,치과의 보철료,,,,"Post&Core, Para, Mat [재료]",1681
JP0022T,130000,2018-04-04 00:00:00,,,4,,,치과보철료,행위,치과의 보철료,,,,"Post&Core, Para, Tre [행위]",1682
JP0023M,80000,2018-04-04 00:00:00,,,4,,,치과보철료,행위,치과의 보철료,,,,"Post&Core, glassfiber, Mat [재료]",1683
JP0023T,140000,2018-04-04 00:00:00,,,4,,,치과보철료,행위,치과의 보철료,,,,"Post&Core, glassfiber, Tre [행위]",1684
JP0028M,250000,2018-04-04 00:00:00,,,4,,,치과보철료,행위,치과의 보철료,,,,"R.P.D., Half, non-Prec. Elect., Mat [재료]",1685
JP0028T,450000,2018-04-04 00:00:00,,,4,,,치과보철료,행위,치과의 보철료,,,,"R.P.D., Half, non-Prec. Elect., Tre [행위]",1686
JP0029M,170000,2018-04-04 00:00:00,,,4,,,치과보철료,행위,치과의 보철료,,,,"R.P.D., Half, non-Prec., Mat [재료]",1687
JP0029T,430000,2018-04-04 00:00:00,,,4,,,치과보철료,행위,치과의 보철료,,,,"R.P.D., Half, non-Prec., Tre [행위]",1688
JP0031M,400000,2018-04-04 00:00:00,,,4,,,치과보철료,행위,치과의 보철료,,,,"R.P.D.,non-Prec., Mat [재료]",1689
JP0031T,800000,2018-04-04 00:00:00,,,4,,,치과보철료,행위,치과의 보철료,,,,"R.P.D.,non-Prec., Tre [행위]",1690
JP0032M,400000,2018-04-04 00:00:00,,,4,,,치과보철료,행위,치과의 보철료,,,,"R.P.D., electronic non-Prec., Mat [재료]",1691
JP0032T,1000000,2018-04-04 00:00:00,,,4,,,치과보철료,행위,치과의 보철료,,,,"R.P.D., electronic non-Prec., Tre [행위]",1692
JP0033M,150000,2018-04-04 00:00:00,,,4,,,치과보철료,행위,치과의 보철료,,,,"R.P.D., Temporary, Mat [재료]",1693
JP0033T,280000,2018-04-04 00:00:00,,,4,,,치과보철료,행위,치과의 보철료,,,,"R.P.D., Temporary, Tre [행위]",1694
JP0034M,500000,2018-04-04 00:00:00,,,4,,,치과보철료,행위,치과의 보철료,,,,"R.P.D., Overdenture, simple, Mat [재료]",1695
JP0034T,1100000,2018-04-04 00:00:00,,,4,,,치과보철료,행위,치과의 보철료,,,,"R.P.D., Overdenture, simple, Tre [행위]",1696
JP0035M,700000,2018-04-04 00:00:00,,,4,,,치과보철료,행위,치과의 보철료,,,,"R.P.D., Overdenture, complex, Mat [재료]",1697
JP0035T,1100000,2018-04-04 00:00:00,,,4,,,치과보철료,행위,치과의 보철료,,,,"R.P.D., Overdenture, complex, Tre [행위]",1698
JP0036M,400000,2018-04-04 00:00:00,,,4,,,치과보철료,행위,치과의 보철료,,,,"R.P.D., Attachment, simple, Mat [재료]",1699
JP0036T,1000000,2018-04-04 00:00:00,,,4,,,치과보철료,행위,치과의 보철료,,,,"R.P.D., Attachment, simple, Tre [행위]",1700
JP0037M,500000,2018-04-04 00:00:00,,,4,,,치과보철료,행위,치과의 보철료,,,,"R.P.D., Attachment, complex, Mat [재료]",1701
JP0037T,1100000,2018-04-04 00:00:00,,,4,,,치과보철료,행위,치과의 보철료,,,,"R.P.D., Attachment, complex, Tre [행위]",1702
JP0038M,350000,2018-04-04 00:00:00,,,4,,,치과보철료,행위,치과의 보철료,,,,"R.P.D., Telescopic, simple, Mat [재료]",1703
JP0038T,530000,2018-04-04 00:00:00,,,4,,,치과보철료,행위,치과의 보철료,,,,"R.P.D., Telescopic, simple, Tre [행위]",1704
JP0039M,550000,2018-04-04 00:00:00,,,4,,,치과보철료,행위,치과의 보철료,,,,"R.P.D., Telescopic, complex, Mat [재료]",1705
JP0039T,550000,2018-04-04 00:00:00,,,4,,,치과보철료,행위,치과의 보철료,,,,"R.P.D., Telescopic, complex, Tre [행위]",1706
JP0040M,50000,2018-04-04 00:00:00,,,4,,,치과보철료,행위,치과의 보철료,,,,"Rebase, indirect, simple, Mat [재료]",1707
JP0040T,140000,2018-04-04 00:00:00,,,4,,,치과보철료,행위,치과의 보철료,,,,"Rebase, indirect, simple, Tre [행위]",1708
JP0041M,100000,2018-04-04 00:00:00,,,4,,,치과보철료,행위,치과의 보철료,,,,"Rebase, indirect, complex, Mat [재료]",1709
JP0041T,200000,2018-04-04 00:00:00,,,4,,,치과보철료,행위,치과의 보철료,,,,"Rebase, indirect, complex, Tre [행위]",1710
JP0042M,50000,2018-04-04 00:00:00,,,4,,,치과보철료,행위,치과의 보철료,,,,"Flipper, complex, Mat [재료]",1711
JP0042T,100000,2018-04-04 00:00:00,,,4,,,치과보철료,행위,치과의 보철료,,,,"Flipper, complex,",1712
JP0043M,200000,2018-04-04 00:00:00,,,4,,,치과보철료,행위,치과의 보철료,,,,"Occlusal splint, complex, Mat [재료]",1713
JP0043T,400000,2018-04-04 00:00:00,,,4,,,치과보철료,행위,치과의 보철료,,,,"Occlusal splint, complex, Tre [행위]",1714
JP0044M,900000,2018-04-04 00:00:00,,,4,,,치과보철료,행위,치과의 보철료,,,,"F.D., Prec., base metal, Mat [재료]",1715
JP0044T,700000,2018-04-04 00:00:00,,,4,,,치과보철료,행위,치과의 보철료,,,,"F.D., Prec., base metal, Tre [행위]",1716
JP0045M,450000,2018-04-04 00:00:00,,,4,,,치과보철료,행위,치과의 보철료,,,,"F.D., Mesh or base metal, Mat [재료]",1717
JP0045T,950000,2018-04-04 00:00:00,,,4,,,치과보철료,행위,치과의 보철료,,,,"F.D., Mesh or base metal, Tre [행위]",1718
JP0046M,300000,2018-04-04 00:00:00,,,4,,,치과보철료,행위,치과의 보철료,,,,"F.D., resin plate, Mat [재료]",1719
JP0046T,900000,2018-04-04 00:00:00,,,4,,,치과보철료,행위,치과의 보철료,,,,"F.D., resin plate, Tre [행위]",1720
JP0047M,250000,2018-04-04 00:00:00,,,4,,,치과보철료,행위,치과의 보철료,,,,"F.D., Immediate, mesh, Mat [재료]",1721
JP0047T,350000,2018-04-04 00:00:00,,,4,,,치과보철료,행위,치과의 보철료,,,,"F.D., Immediate, mesh, Tre [행위]",1722
JP0048M,200000,2018-04-04 00:00:00,,,4,,,치과보철료,행위,치과의 보철료,,,,"F.D., Immediate, resin plate, Mat [재료]",1723
JP0048T,300000,2018-04-04 00:00:00,,,4,,,치과보철료,행위,치과의 보철료,,,,"F.D., Immediate, resin plate, Tre [행위]",1724
JP0049M,100000,2018-04-04 00:00:00,,,4,,,치과보철료,행위,치과의 보철료,,,,"F.D., Temporary, Mat [재료]",1725
JP0049T,250000,2018-04-04 00:00:00,,,4,,,치과보철료,행위,치과의 보철료,,,,"F.D., Temporary, Tre [행위]",1726
JP0050M,700000,2018-04-04 00:00:00,,,4,,,치과보철료,행위,치과의 보철료,,,,"Definitive obturator, metal base, Mat [재료]",1727
JP0050T,800000,2018-04-04 00:00:00,,,4,,,치과보철료,행위,치과의 보철료,,,,"Definitive obturator, metal base, Tre [행위]",1728
JP0051M,170000,2018-04-04 00:00:00,,,4,,,치과보철료,행위,치과의 보철료,,,,"Interrim or immediate obturator, Mat [재료]",1729
JP0051T,230000,2018-04-04 00:00:00,,,4,,,치과보철료,행위,치과의 보철료,,,,"Interrim or immediate obturator, Tre [행위]",1730
JP0052M,140000,2018-04-04 00:00:00,,,4,,,치과보철료,행위,치과의 보철료,,,,"Attachment, Magnetic, Mat [재료]",1731
JP0052T,200000,2018-04-04 00:00:00,,,4,,,치과보철료,행위,치과의 보철료,,,,"Attachment, Magnetic, Tre [행위]",1732
JP0053M,150000,2018-04-04 00:00:00,,,4,,,치과보철료,행위,치과의 보철료,,,,"Attachment, simple, Mat [재료]",1733
JP0053T,150000,2018-04-04 00:00:00,,,4,,,치과보철료,행위,치과의 보철료,,,,"Attachment, simple, Tre [행위]",1734
JP0054M,150000,2018-04-04 00:00:00,,,4,,,치과보철료,행위,치과의 보철료,,,,"Attachment, medium, Mat [재료]",1735
JP0054T,200000,2018-04-04 00:00:00,,,4,,,치과보철료,행위,치과의 보철료,,,,"Attachment, medium, Tre [행위]",1736
JP0055M,220000,2018-04-04 00:00:00,,,4,,,치과보철료,행위,치과의 보철료,,,,"Attachment, complex, Mat [재료]",1737
JP0055T,220000,2018-04-04 00:00:00,,,4,,,치과보철료,행위,치과의 보철료,,,,"Attachment, complex, Tre [행위]",1738
JP0056M,350000,2018-04-04 00:00:00,,,4,,,치과보철료,행위,치과의 보철료,,,,"Konus Teles. crown, inner&outer,PT.G., Mat [재료]",1739
JP0056T,350000,2018-04-04 00:00:00,,,4,,,치과보철료,행위,치과의 보철료,,,,"Konus Teles. crown, inner&outer,PT.G., Tre [행위]",1740
JP0057M,320000,2018-04-04 00:00:00,,,4,,,치과보철료,행위,치과의 보철료,,,,"Konus Teles. crown, inner&outer,Super G., Mat [재료]",1741
JP0057T,280000,2018-04-04 00:00:00,,,4,,,치과보철료,행위,치과의 보철료,,,,"Konus Teles. crown, inner&outer,Super G., Tre [행위]",1742
JP0058M,220000,2018-04-04 00:00:00,,,4,,,치과보철료,행위,치과의 보철료,,,,"Konus Teles. crown, inner&outer,Palladium, Mat [재료]",1743
JP0058T,280000,2018-04-04 00:00:00,,,4,,,치과보철료,행위,치과의 보철료,,,,"Konus Teles. crown, inner&outer,Palladium, Tre [행위]",1744
JP0059M,220000,2018-04-04 00:00:00,,,4,,,치과보철료,행위,치과의 보철료,,,,"Konus Teles. crown, inner&outer,PFM, Mat [재료]",1745
JP0059T,330000,2018-04-04 00:00:00,,,4,,,치과보철료,행위,치과의 보철료,,,,"Konus Teles. crown, inner&outer,PFM, Tre [행위]",1746
JP0060M,330000,2018-04-04 00:00:00,,,4,,,치과보철료,행위,치과의 보철료,,,,"Konus Teles. crown, inner&outer,PFG, Mat [재료]",1747
JP0060T,320000,2018-04-04 00:00:00,,,4,,,치과보철료,행위,치과의 보철료,,,,"Konus Teles. crown, inner&outer,PFG, Tre [행위]",1748
JP0061M,70000,2018-04-04 00:00:00,,,4,,,치과보철료,행위,치과의 보철료,,,,"Semirigid joint, Mat [재료]",1749
JP0061T,80000,2018-04-04 00:00:00,,,4,,,치과보철료,행위,치과의 보철료,,,,"Semirigid joint, Tre [행위]",1750
JP0062M,300000,2018-04-04 00:00:00,,,4,,,치과보철료,행위,치과의 보철료,,,,Flexible denture [재료],1751
JP0062T,600000,2018-04-04 00:00:00,,,4,,,치과보철료,행위,치과의 보철료,,,,Flexible denture [행위],1752
JP0063M,250000,2018-04-04 00:00:00,,,4,,,치과보철료,행위,치과의 보철료,,,,"Locator, Mat [재료]",1753
JP0063T,250000,2018-04-04 00:00:00,,,4,,,치과보철료,행위,치과의 보철료,,,,"Locator, Tre [행위]",1754
JP0067M,180000,2018-04-04 00:00:00,,,4,,,치과보철료,행위,치과의 보철료,,,,"Orthodontics, fixed type, simp., Mat [재료]",1755
JP0067T,200000,2018-04-04 00:00:00,,,4,,,치과보철료,행위,치과의 보철료,,,,"Orthodontics, fixed type, simp., Tre [행위]",1756
JP0068M,300000,2018-04-04 00:00:00,,,4,,,치과보철료,행위,치과의 보철료,,,,"Orthodontics, fixed type, med., Mat [재료]",1757
JP0068T,500000,2018-04-04 00:00:00,,,4,,,치과보철료,행위,치과의 보철료,,,,"Orthodontics, fixed type, med., Tre [행위]",1758
JP0069M,500000,2018-04-04 00:00:00,,,4,,,치과보철료,행위,치과의 보철료,,,,"Orthodontics, fixed type, comp., Mat [재료]",1759
JP0069T,1000000,2018-04-04 00:00:00,,,4,,,치과보철료,행위,치과의 보철료,,,,"Orthodontics, fixed type, comp., Tre [행위]",1760
JP0070M,600000,2018-04-04 00:00:00,,,4,,,치과보철료,행위,치과의 보철료,,,,"Implant, simple, Mat [재료]",1761
JP0070T,750000,2018-04-04 00:00:00,,,4,,,치과보철료,행위,치과의 보철료,,,,"Implant, simple, Tre [행위]",1762
JP0071M,650000,2018-04-04 00:00:00,,,4,,,치과보철료,행위,치과의 보철료,,,,"Implant, complex, Mat [재료]",1763
JP0071T,800000,2018-04-04 00:00:00,,,4,,,치과보철료,행위,치과의 보철료,,,,"Implant, complex, Tre [행위]",1764
JP0072M,320000,2018-04-04 00:00:00,,,4,,,치과보철료,행위,치과의 보철료,,,,"Implant crown, Pt-gold, Mat [재료]",1765
JP0072T,340000,2018-04-04 00:00:00,,,4,,,치과보철료,행위,치과의 보철료,,,,"Implant crown, Pt-gold, Tre [행위]",1766
JP0073M,300000,2018-04-04 00:00:00,,,4,,,치과보철료,행위,치과의 보철료,,,,"Implant crown, Super-gold, Mat [재료]",1767
JP0073T,320000,2018-04-04 00:00:00,,,4,,,치과보철료,행위,치과의 보철료,,,,"Implant crown, Super-gold, Tre [행위]",1768
JP0074M,400000,2018-04-04 00:00:00,,,4,,,치과보철료,행위,치과의 보철료,,,,"Implant crown, PFG, Mat [재료]",1769
JP0074T,400000,2018-04-04 00:00:00,,,4,,,치과보철료,행위,치과의 보철료,,,,"Implant crown, PFG, Tre [행위]",1770
JP0075M,270000,2018-04-04 00:00:00,,,4,,,치과보철료,행위,치과의 보철료,,,,"Implant crown, PFM, Mat [재료]",1771
JP0075T,330000,2018-04-04 00:00:00,,,4,,,치과보철료,행위,치과의 보철료,,,,"Implant crown, PFM, Tre [행위]",1772
JP0076M,700000,2018-04-04 00:00:00,,,4,,,치과보철료,행위,치과의 보철료,,,,"Implant overdenture, simple, Mat [재료]",1773
JP0076T,800000,2018-04-04 00:00:00,,,4,,,치과보철료,행위,치과의 보철료,,,,"Implant overdenture, simple, Tre [행위]",1774
JP0077M,800000,2018-04-04 00:00:00,,,4,,,치과보철료,행위,치과의 보철료,,,,"Implant overdenture, complex, Mat [재료]",1775
JP0077T,1000000,2018-04-04 00:00:00,,,4,,,치과보철료,행위,치과의 보철료,,,,"Implant overdenture, complex, Tre [행위]",1776
JP0078M,1300000,2018-04-04 00:00:00,,,4,,,치과보철료,행위,치과의 보철료,,,,"Implant, Hybrid denture, Mat [재료]",1777
JP0078T,1200000,2018-04-04 00:00:00,,,4,,,치과보철료,행위,치과의 보철료,,,,"Implant, Hybrid denture, Tre [행위]",1778
JP0080M,550000,2018-04-04 00:00:00,,,4,,,치과보철료,행위,치과의 보철료,,,,"Implant, hader bar, Mat [재료]",1779
JP0080T,600000,2018-04-04 00:00:00,,,4,,,치과보철료,행위,치과의 보철료,,,,"Implant, hader bar, Tre [행위]",1780
JP0081M,200000,2018-04-04 00:00:00,,,4,,,치과보철료,행위,치과의 보철료,,,,"Implant, hader bar(추가), Mat 매식술, 헤더바(추가) [재료]",1781
JP0084M,200000,2018-04-04 00:00:00,,,4,,,치과보철료,행위,치과의 보철료,,,,"Implant, Magnetic, Mat [재료]",1782
JP0084T,300000,2018-04-04 00:00:00,,,4,,,치과보철료,행위,치과의 보철료,,,,"Implant, Magnetic, Tre [행위]",1783
JP0085M,220000,2018-04-04 00:00:00,,,4,,,치과보철료,행위,치과의 보철료,,,,"Implant, O-ring, E.R.A., Mat [재료]",1784
JP0085T,230000,2018-04-04 00:00:00,,,4,,,치과보철료,행위,치과의 보철료,,,,"Implant, O-ring, E.R.A., Tre [행위]",1785
JP0086M,220000,2018-04-04 00:00:00,,,4,,,치과보철료,행위,치과의 보철료,,,,"Implant, MDI, Mat [재료]",1786
JP0086T,240000,2018-04-04 00:00:00,,,4,,,치과보철료,행위,치과의 보철료,,,,"Implant, MDI, Tre [행위]",1787
JP0087M,110000,2018-04-04 00:00:00,,,4,,,치과보철료,행위,치과의 보철료,,,,"Implant, Tem. MDI, Mat [재료]",1788
JP0087T,120000,2018-04-04 00:00:00,,,4,,,치과보철료,행위,치과의 보철료,,,,"Implant, Tem. MDI, Tre [행위]",1789
JP0088M,320000,2018-04-04 00:00:00,,,4,,,치과보철료,행위,치과의 보철료,,,,"Implant, 국산, Mat [재료]",1790
JP0088T,680000,2018-04-04 00:00:00,,,4,,,치과보철료,행위,치과의 보철료,,,,"Implant,국산, Tre [행위]",1791
JP0092M,800000,2018-04-04 00:00:00,,,4,,,치과보철료,행위,치과의 보철료,,,,"Implant, complex, Mat [재료]",1792
JP0092T,700000,2018-04-04 00:00:00,,,4,,,치과보철료,행위,치과의 보철료,,,,"Implant, complex, Tre [행위]",1793
JP0096M,650000,2018-04-04 00:00:00,,,4,,,치과보철료,행위,치과의 보철료,,,,"Implant, Hybrid denture,Titanium,Fixture 4ea, Mat [재료]",1794
JP0096T,850000,2018-04-04 00:00:00,,,4,,,치과보철료,행위,치과의 보철료,,,,"Implant, Hybrid denture,Titanium,Fixture 4ea, Tre [행위]",1795
JP0097M,850000,2018-04-04 00:00:00,,,4,,,치과보철료,행위,치과의 보철료,,,,"Implant, Hybrid denture,Titanium,Fixture 5ea, Mat [재료]",1796
JP0097T,950000,2018-04-04 00:00:00,,,4,,,치과보철료,행위,치과의 보철료,,,,"Implant, Hybrid denture,Titanium,Fixture 5ea, Tre [행위]",1797
JP0098M,1000000,2018-04-04 00:00:00,,,4,,,치과보철료,행위,치과의 보철료,,,,"Implant, Hybrid denture,Titanium,Fixture 6ea, Mat [재료]",1798
JP0098T,1100000,2018-04-04 00:00:00,,,4,,,치과보철료,행위,치과의 보철료,,,,"Implant, Hybrid denture,Titanium,Fixture 6ea, Tre [행위]",1799
JP0099M,550000,2018-04-04 00:00:00,,,4,,,치과보철료,행위,치과의 보철료,,,,"Implant, hader bar,Fixture 2ea, Mat [재료]",1800
JP0099T,650000,2018-04-04 00:00:00,,,4,,,치과보철료,행위,치과의 보철료,,,,"Implant, hader bar,Fixture 2ea, Tre [행위]",1801
JP0100M,700000,2018-04-04 00:00:00,,,4,,,치과보철료,행위,치과의 보철료,,,,"Implant, hader bar,Fixture 3ea, Mat [재료]",1802
JP0100T,800000,2018-04-04 00:00:00,,,4,,,치과보철료,행위,치과의 보철료,,,,"Implant, hader bar,Fixture 3ea, Tre [행위]",1803
JP0101M,850000,2018-04-04 00:00:00,,,4,,,치과보철료,행위,치과의 보철료,,,,"Implant, hader bar,Fixture 4ea, Mat [재료]",1804
JP0101T,950000,2018-04-04 00:00:00,,,4,,,치과보철료,행위,치과의 보철료,,,,"Implant, hader bar,Fixture 4ea, Tre [행위]",1805
JP0102M,650000,2018-04-04 00:00:00,,,4,,,치과보철료,행위,치과의 보철료,,,,"Implant, milled bar, Gold,Fixture 3ea, Mat [재료]",1806
JP0102T,850000,2018-04-04 00:00:00,,,4,,,치과보철료,행위,치과의 보철료,,,,"Implant, milled bar, Gold,Fixture 3ea, Tre [행위]",1807
JP0103M,850000,2018-04-04 00:00:00,,,4,,,치과보철료,행위,치과의 보철료,,,,"Implant, milled bar, Gold,Fixture 4ea, Mat [재료]",1808
JP0103T,1050000,2018-04-04 00:00:00,,,4,,,치과보철료,행위,치과의 보철료,,,,"Implant, milled bar, Gold,Fixture 4ea, Tre [행위]",1809
JP0104M,1050000,2018-04-04 00:00:00,,,4,,,치과보철료,행위,치과의 보철료,,,,"Implant, milled bar, Gold,Fixture 5ea, Mat [재료]",1810
JP0104T,1250000,2018-04-04 00:00:00,,,4,,,치과보철료,행위,치과의 보철료,,,,"Implant, milled bar, Gold,Fixture 5ea, Tre [행위]",1811
JP0105M,1250000,2018-04-04 00:00:00,,,4,,,치과보철료,행위,치과의 보철료,,,,"Implant, milled bar, Gold,Fixture 6ea, Mat [재료]",1812
JP0105T,1450000,2018-04-04 00:00:00,,,4,,,치과보철료,행위,치과의 보철료,,,,"Implant, milled bar, Gold,Fixture 6ea, Tre [행위]",1813
JP0106M,450000,2018-04-04 00:00:00,,,4,,,치과보철료,행위,치과의 보철료,,,,"Implant, milled bar,Titanium,Fixture 3 [재료]",1814
JP0106T,750000,2018-04-04 00:00:00,,,4,,,치과보철료,행위,치과의 보철료,,,,"Implant, milled bar,Titanium,Fixture 3ea, Tre [행위]",1815
JP0107M,600000,2018-04-04 00:00:00,,,4,,,치과보철료,행위,치과의 보철료,,,,"Implant, milled bar,Titanium,Fixture 4ea, Mat [재료]",1816
JP0107T,800000,2018-04-04 00:00:00,,,4,,,치과보철료,행위,치과의 보철료,,,,"Implant, milled bar,Titanium,Fixture 4ea, Tre [행위]",1817
JP0108M,700000,2018-04-04 00:00:00,,,4,,,치과보철료,행위,치과의 보철료,,,,"Implant, milled bar,Titanium,Fixture 5ea, Mat [재료]",1818
JP0108T,900000,2018-04-04 00:00:00,,,4,,,치과보철료,행위,치과의 보철료,,,,"Implant, milled bar,Titanium,Fixture 5ea, Tre [행위]",1819
JP0109M,800000,2018-04-04 00:00:00,,,4,,,치과보철료,행위,치과의 보철료,,,,"Implant, milled bar,Titanium,Fixture 6ea, Mat [재료]",1820
JP0109T,1000000,2018-04-04 00:00:00,,,4,,,치과보철료,행위,치과의 보철료,,,,"Implant, milled bar,Titanium,Fixture 6ea, Tre [행위]",1821
JP0110M,250000,2018-04-04 00:00:00,,,4,,,치과보철료,행위,치과의 보철료,,,,"Implant crown, A-gold, Mat [재료]",1822
JP0110T,320000,2018-04-04 00:00:00,,,4,,,치과보철료,행위,치과의 보철료,,,,"Implant crown, A-gold, Tre [행위]",1823
JP0111M,130000,2018-04-04 00:00:00,,,4,,,치과보철료,행위,치과의 보철료,,,,"ERA,1ea, Mat [재료]",1824
JP0111T,150000,2018-04-04 00:00:00,,,4,,,치과보철료,행위,치과의 보철료,,,,"ERA,1ea, Tre [행위]",1825
JP0112M,170000,2018-04-04 00:00:00,,,4,,,치과보철료,행위,치과의 보철료,,,,"Magnetic,1ea, Mat [재료]",1826
JP0112T,180000,2018-04-04 00:00:00,,,4,,,치과보철료,행위,치과의 보철료,,,,"Magnetic,1ea, Tre [행위]",1827
JP0113M,200000,2018-04-04 00:00:00,,,4,,,치과보철료,행위,치과의 보철료,,,,"Locator, Mat [재료]",1828
JP0113T,200000,2018-04-04 00:00:00,,,4,,,치과보철료,행위,치과의 보철료,,,,"Locator, Tre [행위]",1829
JP0114M,60000,2018-04-04 00:00:00,,,4,,,치과보철료,행위,치과의 보철료,,,,"Spark elosin, Mat [재료]",1830
JP0114T,100000,2018-04-04 00:00:00,,,4,,,치과보철료,행위,치과의 보철료,,,,"Spark elosin, Tre [행위]",1831
JP0116M,250000,2018-04-04 00:00:00,,,4,,,치과보철료,행위,치과의 보철료,,,,"CAD-CAM Ceramic crown, Mat [재료]",1832
JP0116T,300000,2018-04-04 00:00:00,,,4,,,치과보철료,행위,치과의 보철료,,,,"CAD-CAM Ceramic crown, Tre [행위]",1833
JP0117M,350000,2018-04-04 00:00:00,,,4,,,치과보철료,행위,치과의 보철료,,,,"CAD-CAM Ceramic crown,임플란트용(simple), Mat [재료]",1834
JP0117T,350000,2018-04-04 00:00:00,,,4,,,치과보철료,행위,치과의 보철료,,,,"CAD-CAM Ceramic crown,임플란트용(simple), Tre [행위]",1835
JP0118M,400000,2018-04-04 00:00:00,,,4,,,치과보철료,행위,치과의 보철료,,,,"CAD-CAM Ceramic crown,임플란트용(complex), Mat [재료]",1836
JP0118T,400000,2018-04-04 00:00:00,,,4,,,치과보철료,행위,치과의 보철료,,,,"CAD-CAM Ceramic crown,임플란트용(complex), Tre [행위]",1837
JP0121M,200000,2018-04-04 00:00:00,,,4,,,치과보철료,행위,치과의 보철료,,,,"Crown, Super - Gold, Mat [재료]",1838
JP0121T,220000,2018-04-04 00:00:00,,,4,,,치과보철료,행위,치과의 보철료,,,,"Crown, Super - Gold, Tre [행위]",1839
5310200008,352400,2018-04-04 00:00:00,0,,4,,,약제,약제,,,,,F-18-FP-CIT(파킨슨병검진용),1840
5420900001,92579,2018-04-04 00:00:00,BZ201001,,4,,,약제,약제,,,,,SonoVue inj(소노뷰주),1841
DACT,18,2018-04-04 00:00:00,643900900,,4,,,약제,약제,,,,,액티피드정(삼일) 비급여,1842
DBC,13,2018-04-04 00:00:00,642100700,,4,,,약제,약제,,,,,삐콤정(유한) - (감면적용)비급여,1843
DBIVON,2,2018-04-04 00:00:00,0,,4,,,약제,약제,,,,,탄산수소나트륨(국전약품) 1G,1844
DCALAM,1,2018-04-04 00:00:00,657400580,,4,,,약제,약제,,,,,칼라민로오션(성광) -비급여,1845
DCAST,2,2018-04-04 00:00:00,0,,4,,,약제,약제,,,,,피마자유 - 1ml,1846
DCERUOD,987,2018-04-04 00:00:00,0,,4,,,약제,약제,,,,,카바시드 점이액(삼공),1847
DCONNETTI,21630,2018-04-04 00:00:00,684400040,,4,,,약제,약제,,,,,코네티비나,1848
DDULCO,18,2018-04-04 00:00:00,653801170,,4,,,약제,약제,,,,,비사코딜 5mg(신일),1849
DMYDR,90,2018-04-04 00:00:00,643601020,,4,,,약제,약제,,,,,마이드린캅셀(녹십자) - (감면적용),1850
DOMECLEAN,4270,2018-04-04 00:00:00,641605990,,4,,N,약제,약제,,,,,오메크린 크림 30g,1851
DPZM,43,2018-04-04 00:00:00,642202760,,4,,,약제,약제,,,,,파자임95이중정(부광약품)-비급여,1852
DROWA,455,2018-04-04 00:00:00,659900050,,4,,,약제,약제,,,,,로와콜연질캅셀(팜비오),1853
DSERTAG,14300,2018-04-04 00:00:00,642200610,,4,,,약제,약제,,,,,더모픽스겔(부광)지루성 상이처만 해당,1854
DSILDE100,1338,2018-04-04 00:00:00,641704360,,4,,,약제,약제,,,,,일양실데나필정100mg_발기부전(국비1급1항및2항지원),1855
DTADA20,16000,2018-04-04 00:00:00,0,,4,,,약제,약제,,,,,시알리스20mg(국비1급1항및2항 지원대상자용),1856
DTALIV,7122,2018-04-04 00:00:00,671703950,,4,,,약제,약제,,,,,제로바액(한국콜마),1857
DTAMI,850,2018-04-04 00:00:00,643601400,,4,,,약제,약제,,,,,유락신연고1g (상아)　 비급여,1858
DTRE2.5,19250,2018-04-04 00:00:00,0,,4,,,약제,약제,,,,,스티바에이크림0.025%(트레티노인)()그락소),1859
DZYRS,15,2018-04-04 00:00:00,642900700,,4,,,약제,약제,,,,,세노바액 1mg(일동)비급여,1860
MADAC,40000,2018-04-04 00:00:00,0,,4,,,약제,약제,,,,,"아다셀주 (DPT 백신)11세이상 (디프테리아, 백일해 ,파상풍)",1861
MALP20,14945,2018-04-04 00:00:00,648901020,,4,,,약제,약제,,,,,카버젝트주사20mcg(국비1급1항및2항 지원대상자용),1862
MBCGP,60000,2018-04-04 00:00:00,0,,4,,,약제,약제,,,,,경피용건조 BCG 백신 [결핵예방],1863
MBIKEN,29000,2018-04-04 00:00:00,0,,4,,,약제,약제,,,,,수두 백신,1864
MBRID2,90899,2018-04-04 00:00:00,655501750,,4,,,약제,약제,,,,,브리디온주 2ml,1865
MCVJ2,14945,2018-04-04 00:00:00,0,,4,,,약제,약제,,,,,카버젝트(업죤),1866
MFLU05,25000,2018-04-04 00:00:00,0,,4,,,약제,약제,,,,,독감 백신 0.5ml,1867
MFLU25,25000,2018-04-04 00:00:00,0,,4,,,약제,약제,,,,,독감 백신 0.25ml,1868
MFLU4,40000,2018-04-04 00:00:00,642507441,,4,,,약제,약제,,,,,4가 인플루엔자(독감) 백신 [소아],1869
MFLU4-A,30000,2018-04-04 00:00:00,642507441,,4,,,약제,약제,,,,,4가 인플루엔자(독감) 백신 [성인],1870
MGDS,170000,2018-04-04 00:00:00,655500020,,4,,,약제,약제,,,,,"가다실 [인유두종바이러스 4가(6,11,16,18형) 백신]",1871
MHAV,40000,2018-04-04 00:00:00,0,,4,,,약제,약제,,,,,A형간염 백신-0.5ml,1872
MHAV1,70000,2018-04-04 00:00:00,0,,4,,,약제,약제,,,,,A형간염 백신 -1ml,1873
MHBIG,22631,2018-04-04 00:00:00,0,,4,,,약제,약제,,,,,B형간염 백신 헤파빅 1ml,1874
MHBV,23000,2018-04-04 00:00:00,0,,4,,,약제,약제,,,,,B형간염 백신 유박스비주1ml [성인],1875
MHBVC,18000,2018-04-04 00:00:00,0,,4,,,약제,약제,,,,,B형간염 백신 헤파박스 0.5ml [소아],1876
MHLASE,14505,2018-04-04 00:00:00,669904600,,4,,,약제,약제,,,,,하이알라제주(히알우로니다제)(휴온스),1877
MHLASE-L,14321,2018-04-04 00:00:00,651601530,,4,,,약제,약제,,,,,하이랙스주(히알루로니다제),1878
MHPIB,41000,2018-04-04 00:00:00,0,,4,,,약제,약제,,,,,뇌수막염 백신,1879
MIMOPV,25000,2018-04-04 00:00:00,0,,4,,,약제,약제,,,,,소아마비 백신(폴리오),1880
MJBE,20000,2018-04-04 00:00:00,0,,4,,,약제,약제,,,,,일본뇌염 백신1ml,1881
MJBEC04,30250,2018-04-04 00:00:00,643605040,,4,,,약제,약제,,,,,일본뇌염 보령(베로세포유래)배양일본뇌염백신주,1882
MJEVAX05,35000,2018-04-04 00:00:00,0,,4,,,약제,약제,,,,,일본뇌염 생백신 0.5ml,1883
MMENVEO,150000,2018-04-04 00:00:00,,,4,,,약제,약제,,,,,"멘비오(수막구균 A,C,W135 & Y-CRM197 단백 접합백신)",1884
MMMR2,26000,2018-04-04 00:00:00,0,,4,,,약제,약제,,,,,"홍역, 볼거리, 풍진 백신 II",1885
MPDT05,32000,2018-04-04 00:00:00,0,,4,,,약제,약제,,,,,"인판릭스백신 0.5ml(DTAP) (디프테리아,파상풍,백일해)",1886
MPDTIPV,47000,2018-04-04 00:00:00,0,,4,,,약제,약제,,,,,"인판릭스주(DTAP- IPV )0.5ml 콤보백신 (디프테리아,파상풍,백일해,소아마비)",1887
MPENTAXIM,69520,2018-04-04 00:00:00,665900210,,4,,,약제,약제,,,,,펜탁심주,1888
MPNEUMO,40000,2018-04-04 00:00:00,655500610,,4,,,약제,약제,,,,,프로디악스-23 성인용 (폐렴구균백신),1889
MPVENAR13,150000,2018-04-04 00:00:00,0,,4,,,약제,약제,,,,,프리베나 13주 소아용 ( 폐렴구균 백신),1890
MPVENAR-A,100000,2018-04-04 00:00:00,,,4,,,약제,약제,,,,,[성인용]폐렴구균 백신-프리베나 13주,1891
MSIVM,15000,2018-04-04 00:00:00,0,,4,,,약제,약제,,,,,신종인플루엔자접종비(백신비 제외),1892
MSKYFLU4,40000,2018-04-04 00:00:00,644704382,,4,,,약제,약제,,,,,스카이셀플루4가 프리필드S,1893
MTD,30000,2018-04-04 00:00:00,0,,4,,,약제,약제,,,,,"디프테리아, 파상풍 백신",1894
MTERI,223099,2018-04-04 00:00:00,670800291,,4,,,약제,약제,,,,,포스테오주,1895
MTESTOE,6276,2018-04-04 00:00:00,659600290,,4,,,약제,약제,,,,,예나스테론주250mg 비급여,1896
MTETRA,47000,2018-04-04 00:00:00,0,,4,,,약제,약제,,,,,"테트락심 백신 (디프테리아,파상풍,백일해,소아마비)",1897
MTROMBO1,25800,2018-04-04 00:00:00,684900040,,4,,,약제,약제,,,,,파이브로베인주1%(금청약품),1898
MTROMBO3,26000,2018-04-04 00:00:00,0,,4,,,약제,약제,,,,,트롬보젝 3%주(유신),1899
MZOSTA,190000,2018-04-04 00:00:00,0,,4,,,약제,약제,,,,,조스타박스주(대상포진생바이러스백신),1900
AQW01200,1000,2018-04-04 00:00:00,AQW01200,,4,,,제증명료 사본,제증명수수료,,,,,제증명료 사본,1901
AQA00101,6000,2018-04-04 00:00:00,국민연금법 시행규칙 제28조 [서식 21] 신청인 제출서류 - 국민연금 장애심사규정 제12조(보건복지부 고시 2011-82호; 2011.7.26) 별지[서식 3],,4,,,제증명수수료,제증명수수료,,,,,국민연금 장애심사용 진단서,1902
AQA00200,36530,2018-04-04 00:00:00,,,4,,,제증명수수료,제증명수수료,,,,,노인 장기요양보험 의사소견서,1903
AQA00202,51350,2018-04-04 00:00:00,,,4,,,제증명수수료,제증명수수료,,,,,노인장기요양보험(5등급예상 치매진단)의사소견서,1904
AQA00301,20000,2018-04-04 00:00:00,"병역법 시행규칙 제87조, 95조 [서식 106]",,4,,,제증명수수료,제증명수수료,,,,,병무용진단서,1905
AQA00400,10000,2018-04-04 00:00:00,,,4,,,제증명수수료,제증명수수료,,,,,보장구검진소견서,1906
AQA00501,10000,2018-04-04 00:00:00,의료법 시행규칙 제10조 [서식6],,4,,,제증명수수료,제증명수수료,,,,,사망진단서,1907
AQA00503,15000,2018-04-04 00:00:00,,,4,,,제증명수수료,제증명수수료,,,,,사망진단서 [영문 1부],1908
AQA00701,2000,2018-04-04 00:00:00,의료법 시행규칙 제11조 [서식8],,4,,,제증명수수료,제증명수수료,,,,,사산(사태)증명서,1909
AQA00801,30000,2018-04-04 00:00:00,의료법 시행규칙 제10조 [서식6],,4,,,제증명수수료,제증명수수료,,,,,시체검안서,1910
AQA01001,50000,2018-04-04 00:00:00,의료법 시행규칙 제9조 [서식5의3] - 3주미만,,4,,,제증명수수료,제증명수수료,,,,,상해진단서(3주미만),1911
AQA01003,100000,2018-04-04 00:00:00,의료법 시행규칙 제9조 [서식5의3] - 3주이상,,4,,,제증명수수료,제증명수수료,,,,,상해진단서(3주이상),1912
AQA01101,10000,2018-04-04 00:00:00,,,4,,,제증명수수료,제증명수수료,,,,,성별감정서,1913
AQA01304,40000,2018-04-04 00:00:00,장애인복지법 시행규칙 제3조 별지[서식 3] ※ 장애인등록증 발급에 필요서류,,4,,,제증명수수료,제증명수수료,,,,,장애진단서(정신적 장애),1914
AQA01401,20000,2018-04-04 00:00:00,,,4,,,제증명수수료,제증명수수료,,,,,연령감정서,1915
AQA01501,10000,2018-04-04 00:00:00,,,4,,,제증명수수료,제증명수수료,,,,,일반소견서.보험회사제출용(1부),1916
AQA01503,15000,2018-04-04 00:00:00,,,4,,,제증명수수료,제증명수수료,,,,,일반소견서.영문.보험회사 제출용[1부],1917
AQA01601,10000,2018-04-04 00:00:00,의료법 시행규칙 제9조 [서식5의2],,4,,,제증명수수료,제증명수수료,,,,,일반진단서,1918
AQA01701,3000,2018-04-04 00:00:00,"1장당 (퇴원시 무료발급, 퇴원후 유료)",,4,,,제증명수수료,제증명수수료,,,,,입퇴원확인서,1919
AQA01901,1000,2018-04-04 00:00:00,,,4,,,제증명수수료,제증명수수료,,,,,장애인증명서,1920
AQA02001,100000,2018-04-04 00:00:00,,,4,,,제증명수수료,제증명수수료,,,,,장애진단서,1921
AQA02002,15000,2018-04-04 00:00:00,장애인복지법 시행규칙 제3조 별지[서식 3] ※ 장애인등록증 발급에 필요서류,,4,,,제증명수수료,제증명수수료,,,,,장애진단서(간단),1922
AQA02101,100000,2018-04-04 00:00:00,,,4,,,제증명수수료,제증명수수료,,,,,정신감정서,1923
AQA02201,15000,2018-04-04 00:00:00,,,4,,,제증명수수료,제증명수수료,,,,,영문 등 외국어 일반진단서,1924
AQA02301,50000,2018-04-04 00:00:00,,,4,,,제증명수수료,제증명수수료,,,,,향후 진료비추정서(천만원미만),1925
AQA02303,100000,2018-04-04 00:00:00,,,4,,,제증명수수료,제증명수수료,,,,,향후 진료비추정서(천만원이상),1926
AQA02401,3000,2018-04-04 00:00:00,,,4,,,제증명수수료,제증명수수료,,,,,진료확인서,1927
AQA02501,3000,2018-04-04 00:00:00,,,4,,,제증명수수료,제증명수수료,,,,,출생증명서,1928
AQA02601,1000,2018-04-04 00:00:00,,,4,,,제증명수수료,제증명수수료,,,,,통원확인서[병명 미기재],1929
AQA02602,3000,2018-04-04 00:00:00,,,4,,,제증명수수료,제증명수수료,,,,,통원확인서[병명 기재],1930
AQA02801,10000,2018-04-04 00:00:00,,,4,,,제증명수수료,제증명수수료,,,,,근로능력평가용진단서,1931
AQA03001,10000,2018-04-04 00:00:00,,,4,,,제증명수수료,제증명수수료,,,,,수술확인서,1932
AQB00101,1000,2018-04-04 00:00:00,"매당, 기본 5부",,4,,,제증명수수료,제증명수수료,,,,,"진료기록사본(기본5부, 매당)",1933
AQB00102,100,2018-04-04 00:00:00,기본 5부 초과 1매당,,4,,,제증명수수료,제증명수수료,,,,,의무기록사본발급수수료(기본5부초과 매당),1934
AQC200,75000,2018-04-04 00:00:00,10km 이내,,4,,,제증명수수료,제증명수수료,,,,,특수구급차사용료 > 심야 (00:00-04:00) 이용시 20% 추가할증 적용됨,1935
AQC201,1300,2018-04-04 00:00:00,10km 초과 1km당,,4,,,제증명수수료,제증명수수료,,,,,특수구급차사용료 > 심야 (00:00-04:00) 이용시 20% 추가할증 적용됨,1936
AQF00101,5000,2018-04-04 00:00:00,(매당),,4,,,제증명수수료,제증명수수료,,,,,진료기록영상(CD)-PACS영상,1937
AQF00201,5000,2018-04-04 00:00:00,(매당),,4,,,제증명수수료,제증명수수료,,,,,진료기록영상(CD)-내시경PACS영상,1938
AQF00301,5000,2018-04-04 00:00:00,(매당),,4,,,제증명수수료,제증명수수료,,,,,진료기록영상(CD)-뇌파영상,1939
AQF00401,5000,2018-04-04 00:00:00,(매당),,4,,,제증명수수료,제증명수수료,,,,,진료기록영상(CD)-심혈관PACS영상,1940
AQF00501,5000,2018-04-04 00:00:00,(매당),,4,,,제증명수수료,제증명수수료,,,,,진료기록영상(CD)-핵의학PACS영상,1941
AQF00601,5000,2018-04-04 00:00:00,,,4,,,제증명수수료,제증명수수료,,,,,진료기록영상(CD)-EEG영상,1942
AW400101,20000,2018-04-04 00:00:00,,,4,,,제증명수수료,제증명수수료,,,,,건강진단서,1943
AW400400,35000,2018-04-04 00:00:00,,,4,,,제증명수수료,제증명수수료,,,,,"영문, 중문신체검사서",1944
AW400500,5000,2018-04-04 00:00:00,,,4,,,제증명수수료,제증명수수료,,,,,"자동차운전면허신체검사(특수,대형)",1945
AW400501,4000,2018-04-04 00:00:00,,,4,,,제증명수수료,제증명수수료,,,,,"자동차운전면허신체검사(1종보통,2종)",1946
AW400601,40000,2018-04-04 00:00:00,,,4,,,제증명수수료,제증명수수료,,,,,채용신체검사서(공무원),1947
AW400602,30000,2018-04-04 00:00:00,,,4,,,제증명수수료,제증명수수료,,,,,채용신체검사서(일반),1948
AW401601G,28000,2018-04-04 00:00:00,,,4,,,제증명수수료,제증명수수료,,,,,일반건강진단서 A형,1949
AW402100,27830,2018-04-04 00:00:00,,,4,,,제증명수수료,제증명수수료,,,,,장기복무제대군인건강검진,1950
AX100,8110,2018-04-04 00:00:00,1회 방문당,,4,,,제증명수수료,제증명수수료,,,,,가정간호교통비(건강보험),1951
AX900,6000,2018-04-04 00:00:00,1회 방문당,,4,,,제증명수수료,제증명수수료,,,,,가정간호교통비(의료급여),1952
4011500094,419993,2018-04-04 00:00:00,BJ4801GV,,4,,,경막외강 신경박리술 및 감압 신경성형술용,치료재료,,,,,EDEN EPIDURAL CATHETER(JMT),1953
4011500104,509976,2018-04-04 00:00:00,BJ4801GZ,,4,,,경막외강 신경박리술 및 감압 신경성형술용,치료재료,,,,,ABEL EPIDURAL CATHETER(GS MEDICAL),1954
4011500097,489832,2018-04-04 00:00:00,BJ4801RA,,4,,,경막외강 신경박리술용,치료재료,,,,,ST　REED,1955
4020300007,66000,2018-04-04 00:00:00,BI0601AD,,4,,,고주파 설근부 축소술용,치료재료,,,,,"Coblator Tip(REFLEX,45)1/5회",1956
4020300009,66000,2018-04-04 00:00:00,BI0601AD,,4,,,고주파 설근부 축소술용,치료재료,,,,,"Coblator Tip(REFLEX,55)1/5회",1957
3012300040,1281,2018-04-04 00:00:00,20244,,4,,,목뼈보조기,치료재료,,,,,필라델피아칼라(Cervical)-대,1958
3012300041,11601,2018-04-04 00:00:00,20244,,4,,,목뼈보조기,치료재료,,,,,필라델피아칼라(Cervical)-소,1959
3012300042,1281,2018-04-04 00:00:00,20244,,4,,,목뼈보조기,치료재료,,,,,필라델피아칼라(Cervical)-중,1960
4011400033,138000,2018-04-04 00:00:00,BC1301PE,,4,,,발톱고정용 재료,치료재료,,,,,"K-D CLAMP(JEILTECH,INC)",1961
3012300084,4572,2018-04-04 00:00:00,BJ1006GA,,4,,,배액관 고정용판,치료재료,,,,,Multifix Foley (plaster),1962
3012300085,1863,2018-04-04 00:00:00,BJ1009GA,,4,,,배액관 고정용판,치료재료,,,,,Multifix Levin Tube (plaster),1963
3012300026,1374,2018-04-04 00:00:00,,,4,,,"병원비품 류(체온계, 변기, 시트등)",치료재료,,,,,Bed Pen P.V.C /1EA(대변기),1964
XX22DAM,26500,2018-04-04 00:00:00,,,4,,,"병원비품 류(체온계, 변기, 시트등)",치료재료,,,,,담요/1장(귀가용)-전액본인부담,1965
XX22SEAT,18220,2018-04-04 00:00:00,,,4,,,"병원비품 류(체온계, 변기, 시트등)",치료재료,,,,,시트(대)/1EA(귀가용)-전액본인부담,1966
XX22SHEET1,9920,2018-04-04 00:00:00,,,4,,,"병원비품 류(체온계, 변기, 시트등)",치료재료,,,,,"반 시트/1장(파손,가져갈때 전액본인부담""K"")",1967
QA12014,2468000,2018-04-04 00:00:00,,,4,,,보조기류 (의치창 제작),치료재료,,,,,어깨관절의지(독-골격/국-실리콘미용수),1968
QA13017,1790000,2018-04-04 00:00:00,,,4,,,보조기류 (의치창 제작),치료재료,,,,,상박의수 (국-재래/국-기능형),1969
QA15022,1463000,2018-04-04 00:00:00,,,4,,,보조기류 (의치창 제작),치료재료,,,,,(짧은)표준아래팔의지(국-재래/국-실리콘미용수),1970
QA23058,9660000,2018-04-04 00:00:00,,,4,,,보조기류 (의치창 제작),치료재료,,,,,넓적다리 의지(골격/회전/유압1/기능4/진공),1971
QA25031,2541000,2018-04-04 00:00:00,,,4,,,보조기류 (의치창 제작),치료재료,,,,,종아리의지(골격/표준),1972
QD6112,26000,2018-04-04 00:00:00,,,4,,,보조기류 (의치창 제작),치료재료,,,,,의자차/베아링/앞바퀴(F/CASTER),1973
QD6121,26000,2018-04-04 00:00:00,,,4,,,보조기류 (의치창 제작),치료재료,,,,,의자차/베아링/뒷바퀴(CM5/16),1974
QD6122,26000,2018-04-04 00:00:00,,,4,,,보조기류 (의치창 제작),치료재료,,,,,의자차/베아링/뒷바퀴(11*35),1975
QD6131,23000,2018-04-04 00:00:00,,,4,,,보조기류 (의치창 제작),치료재료,,,,,의자차/베아링/호크(CW 2/15),1976
QD6132,22000,2018-04-04 00:00:00,,,4,,,보조기류 (의치창 제작),치료재료,,,,,의자차/베아링/호크(285*126*8),1977
QD6211,167000,2018-04-04 00:00:00,,,4,,,보조기류 (의치창 제작),치료재료,,,,,"의자차/뒷바퀴/휠(24"")",1978
QD6221,43000,2018-04-04 00:00:00,,,4,,,보조기류 (의치창 제작),치료재료,,,,,의자차/앞바퀴/휠+통타이어(대세),1979
QD6222,43000,2018-04-04 00:00:00,,,4,,,보조기류 (의치창 제작),치료재료,,,,,의자차/앞바퀴/휠+통타이어(대성),1980
QD6231,43000,2018-04-04 00:00:00,,,4,,,보조기류 (의치창 제작),치료재료,,,,,"의자차/앞바퀴/휠(8"")",1981
QD6232,97000,2018-04-04 00:00:00,,,4,,,보조기류 (의치창 제작),치료재료,,,,,"의자차/앞바퀴/Caster(전체)(8""/UR)",1982
QD6233,90000,2018-04-04 00:00:00,,,4,,,보조기류 (의치창 제작),치료재료,,,,,"의자차/앞바퀴/Caster(전체)(6"")",1983
QD6311,61000,2018-04-04 00:00:00,,,4,,,보조기류 (의치창 제작),치료재료,,,,,의자차/발받침/표준형(인바케어),1984
QD6312,61000,2018-04-04 00:00:00,,,4,,,보조기류 (의치창 제작),치료재료,,,,,의자차/발받침/표준형(카터),1985
QD6313,272000,2018-04-04 00:00:00,,,4,,,보조기류 (의치창 제작),치료재료,,,,,의자차/발받침/표준/전동형(인바케어),1986
QD6321,165000,2018-04-04 00:00:00,,,4,,,보조기류 (의치창 제작),치료재료,,,,,의자차/발받침/거상형(인바케어),1987
QD6331,87000,2018-04-04 00:00:00,,,4,,,보조기류 (의치창 제작),치료재료,,,,,의자차/발받침/SWINGAWAY(60/R),1988
QD6332,87000,2018-04-04 00:00:00,,,4,,,보조기류 (의치창 제작),치료재료,,,,,의자차/발받침/SWINGAWAY(60/L),1989
QD6341,95000,2018-04-04 00:00:00,,,4,,,보조기류 (의치창 제작),치료재료,,,,,의자차/발받침/LEGREST(16-20-R),1990
QD6342,95000,2018-04-04 00:00:00,,,4,,,보조기류 (의치창 제작),치료재료,,,,,의자차/발받침/LEGREST(16-20-L),1991
QD6351,23000,2018-04-04 00:00:00,,,4,,,보조기류 (의치창 제작),치료재료,,,,,의자차/발받침/발판지지대(카터),1992
QD6352,21000,2018-04-04 00:00:00,,,4,,,보조기류 (의치창 제작),치료재료,,,,,의자차/발받침/발판스프링(카터),1993
QD6353,47000,2018-04-04 00:00:00,,,4,,,보조기류 (의치창 제작),치료재료,,,,,의자차/발받침/FOOTPLATE(인바케어),1994
QD6361,61000,2018-04-04 00:00:00,,,4,,,보조기류 (의치창 제작),치료재료,,,,,의자차//발판덮개(대세),1995
QD6411,31000,2018-04-04 00:00:00,,,4,,,보조기류 (의치창 제작),치료재료,,,,,의자차/의자차씨트/대 성(41),1996
QD6412,31000,2018-04-04 00:00:00,,,4,,,보조기류 (의치창 제작),치료재료,,,,,의자차/의자차씨트/대 성(43),1997
QD6413,31000,2018-04-04 00:00:00,,,4,,,보조기류 (의치창 제작),치료재료,,,,,의자차/의자차씨트/대 성(45),1998
QD6414,31000,2018-04-04 00:00:00,,,4,,,보조기류 (의치창 제작),치료재료,,,,,의자차/의자차씨트/대 성(48),1999
QD6415,31000,2018-04-04 00:00:00,,,4,,,보조기류 (의치창 제작),치료재료,,,,,의자차/의자차씨트/대 성(51),2000
QD6421,31000,2018-04-04 00:00:00,,,4,,,보조기류 (의치창 제작),치료재료,,,,,의자차/의자차씨트/대 세(38),2001
QD6422,31000,2018-04-04 00:00:00,,,4,,,보조기류 (의치창 제작),치료재료,,,,,의자차/의자차씨트/대 세(41),2002
QD6423,31000,2018-04-04 00:00:00,,,4,,,보조기류 (의치창 제작),치료재료,,,,,의자차/의자차씨트/대 세(43),2003
QD6424,31000,2018-04-04 00:00:00,,,4,,,보조기류 (의치창 제작),치료재료,,,,,의자차/의자차씨트/대 세(45),2004
QD6425,31000,2018-04-04 00:00:00,,,4,,,보조기류 (의치창 제작),치료재료,,,,,의자차/의자차씨트/대 세(43),2005
QD6426,31000,2018-04-04 00:00:00,,,4,,,보조기류 (의치창 제작),치료재료,,,,,의자차/의자차씨트/대 세(51),2006
QD6431,73000,2018-04-04 00:00:00,,,4,,,보조기류 (의치창 제작),치료재료,,,,,의자차/의자차씨트/인바케어(41),2007
QD6432,73000,2018-04-04 00:00:00,,,4,,,보조기류 (의치창 제작),치료재료,,,,,의자차/의자차씨트/인바케어(46),2008
QD6433,73000,2018-04-04 00:00:00,,,4,,,보조기류 (의치창 제작),치료재료,,,,,의자차/의자차씨트/인바케어(51),2009
QD6441,73000,2018-04-04 00:00:00,,,4,,,보조기류 (의치창 제작),치료재료,,,,,의자차/의자차씨트/카 터(41),2010
QD6442,73000,2018-04-04 00:00:00,,,4,,,보조기류 (의치창 제작),치료재료,,,,,의자차/의자차씨트/카 터(46),2011
QD6443,73000,2018-04-04 00:00:00,,,4,,,보조기류 (의치창 제작),치료재료,,,,,의자차/의자차씨트/카 터(51),2012
QD6511,48000,2018-04-04 00:00:00,,,4,,,보조기류 (의치창 제작),치료재료,,,,,의자차/등받이/씨 트(인바케어),2013
QD6521,65000,2018-04-04 00:00:00,,,4,,,보조기류 (의치창 제작),치료재료,,,,,의자차/등받이/파이프(인바케어),2014
QD6611,18000,2018-04-04 00:00:00,,,4,,,보조기류 (의치창 제작),치료재료,,,,,"의자차/타이어/작은바퀴(6"")",2015
QD6612,16000,2018-04-04 00:00:00,,,4,,,보조기류 (의치창 제작),치료재료,,,,,의자차/타이어/작은바퀴(8*1/4),2016
QD6613,15000,2018-04-04 00:00:00,,,4,,,보조기류 (의치창 제작),치료재료,,,,,의자차/타이어/작은바퀴(200*50),2017
QD6614,41000,2018-04-04 00:00:00,,,4,,,보조기류 (의치창 제작),치료재료,,,,,"의자차/타이어/작은바퀴(8""*2""(전동용))",2018
QD6621,16000,2018-04-04 00:00:00,,,4,,,보조기류 (의치창 제작),치료재료,,,,,의자차/타이어/뒷바퀴(24*3/8),2019
QD6622,47000,2018-04-04 00:00:00,,,4,,,보조기류 (의치창 제작),치료재료,,,,,의자차/타이어/뒷바퀴(스포츠형),2020
QD6623,50000,2018-04-04 00:00:00,,,4,,,보조기류 (의치창 제작),치료재료,,,,,"의자차/타이어/뒷바퀴(전동용 12"")",2021
QD6624,38000,2018-04-04 00:00:00,,,4,,,보조기류 (의치창 제작),치료재료,,,,,"의자차/타이어/뒷바퀴(14"")",2022
QD6625,29000,2018-04-04 00:00:00,,,4,,,보조기류 (의치창 제작),치료재료,,,,,"의자차/타이어/뒷바퀴(22"")",2023
QD6626,30000,2018-04-04 00:00:00,,,4,,,보조기류 (의치창 제작),치료재료,,,,,"의자차/타이어/뒷바퀴(26"")",2024
QD6711,16000,2018-04-04 00:00:00,,,4,,,보조기류 (의치창 제작),치료재료,,,,,"의자차/튜브/작은바퀴(6"")",2025
QD6712,14000,2018-04-04 00:00:00,,,4,,,보조기류 (의치창 제작),치료재료,,,,,의자차/튜브/작은바퀴(200*50),2026
QD6713,16000,2018-04-04 00:00:00,,,4,,,보조기류 (의치창 제작),치료재료,,,,,의자차/튜브/작은바퀴(8*1/4),2027
QD6714,28000,2018-04-04 00:00:00,,,4,,,보조기류 (의치창 제작),치료재료,,,,,"의자차/튜브/작은바퀴(8""*2""(전동용))",2028
QD6721,13000,2018-04-04 00:00:00,,,4,,,보조기류 (의치창 제작),치료재료,,,,,의자차/튜브/뒷바퀴(23*3/8),2029
QD6722,23000,2018-04-04 00:00:00,,,4,,,보조기류 (의치창 제작),치료재료,,,,,의자차/튜브/뒷바퀴(스포츠형),2030
QD6723,23000,2018-04-04 00:00:00,,,4,,,보조기류 (의치창 제작),치료재료,,,,,의자차/튜브/뒷바퀴(12 1/2* 2 1/4),2031
QD6724,74000,2018-04-04 00:00:00,,,4,,,보조기류 (의치창 제작),치료재료,,,,,"의자차/튜브/뒷바퀴(12""에어리스인서트)",2032
QD6811,80000,2018-04-04 00:00:00,,,4,,,보조기류 (의치창 제작),치료재료,,,,,의자차/팔걸이/팔걸이(표준형),2033
QD6812,80000,2018-04-04 00:00:00,,,4,,,보조기류 (의치창 제작),치료재료,,,,,의자차/팔걸이/팔걸이(책상형),2034
QD6813,173000,2018-04-04 00:00:00,,,4,,,보조기류 (의치창 제작),치료재료,,,,,의자차/팔걸이/팔걸이(전동형),2035
QD6814,82000,2018-04-04 00:00:00,,,4,,,보조기류 (의치창 제작),치료재료,,,,,의자차/팔걸이/팔걸이(고정대),2036
QD6815,56000,2018-04-04 00:00:00,,,4,,,보조기류 (의치창 제작),치료재료,,,,,의자차/팔걸이/팔걸이(Povit),2037
QD6821,26000,2018-04-04 00:00:00,,,4,,,보조기류 (의치창 제작),치료재료,,,,,의자차/팔걸이/스텐판(DA 6/12),2038
QD6825,32000,2018-04-04 00:00:00,,,4,,,보조기류 (의치창 제작),치료재료,,,,,"의자차/튜브/뒷바퀴(14"")",2039
QD6826,23000,2018-04-04 00:00:00,,,4,,,보조기류 (의치창 제작),치료재료,,,,,"의자차/튜브/뒷바퀴(22"")",2040
QD6827,21000,2018-04-04 00:00:00,,,4,,,보조기류 (의치창 제작),치료재료,,,,,"의자차/튜브/뒷바퀴(26"")",2041
QD6831,58000,2018-04-04 00:00:00,,,4,,,보조기류 (의치창 제작),치료재료,,,,,의자차/팔걸이/패 드(표준형),2042
QD6832,58000,2018-04-04 00:00:00,,,4,,,보조기류 (의치창 제작),치료재료,,,,,의자차/팔걸이/패 드(책상형),2043
QD6904,87000,2018-04-04 00:00:00,,,4,,,보조기류 (의치창 제작),치료재료,,,,,"의자차/의자차/전동의자차(Wheel 12/14"")",2044
QD6908,1896000,2018-04-04 00:00:00,,,4,,,보조기류 (의치창 제작),치료재료,,,,,의자차/의자차/전동의자차(Motor/Gear box),2045
QD6911,32000,2018-04-04 00:00:00,,,4,,,보조기류 (의치창 제작),치료재료,,,,,의자차기타/브레이크(카터),2046
QD6912,47000,2018-04-04 00:00:00,,,4,,,보조기류 (의치창 제작),치료재료,,,,,의자차기타/브레이크(인바케어),2047
QD6913,122000,2018-04-04 00:00:00,,,4,,,보조기류 (의치창 제작),치료재료,,,,,의자차/의자차/모터브레이크(1055872),2048
QD6921,51000,2018-04-04 00:00:00,,,4,,,보조기류 (의치창 제작),치료재료,,,,,의자차기타/기 타(크로스브레이스),2049
QD6922,21000,2018-04-04 00:00:00,,,4,,,보조기류 (의치창 제작),치료재료,,,,,의자차기타/기 타(스핀들),2050
QD6923,31000,2018-04-04 00:00:00,,,4,,,보조기류 (의치창 제작),치료재료,,,,,의자차기타/기 타(핸드림),2051
QD6924,55000,2018-04-04 00:00:00,,,4,,,보조기류 (의치창 제작),치료재료,,,,,의자차기타/기 타(퀵릴리즈),2052
QD6931,25000,2018-04-04 00:00:00,,,4,,,보조기류 (의치창 제작),치료재료,,,,,의자차기타/호크(CW 2/9),2053
QD6932,24000,2018-04-04 00:00:00,,,4,,,보조기류 (의치창 제작),치료재료,,,,,의자차기타/호크(인바케어),2054
QD6941,27000,2018-04-04 00:00:00,,,4,,,보조기류 (의치창 제작),치료재료,,,,,의자차기타/SECTER(L/R),2055
QD6951,533000,2018-04-04 00:00:00,,,4,,,보조기류 (의치창 제작),치료재료,,,,,의자차기타/밧데리(NF형(2EA)1셋트),2056
QD6952,521000,2018-04-04 00:00:00,,,4,,,보조기류 (의치창 제작),치료재료,,,,,의자차기타/밧데리충전기(GC-0082),2057
QD7111,17000,2018-04-04 00:00:00,,,4,,,보조기류 (의치창 제작),치료재료,,,,,보조화/보조화부품/굽류(굴/뒷굽),2058
QD7121,21000,2018-04-04 00:00:00,,,4,,,보조기류 (의치창 제작),치료재료,,,,,보조화/보조화부품/창류(스폰지창),2059
QD7122,20000,2018-04-04 00:00:00,,,4,,,보조기류 (의치창 제작),치료재료,,,,,보조화/보조화부품/창류(중창/선심/월형),2060
QD7131,8000,2018-04-04 00:00:00,,,4,,,보조기류 (의치창 제작),치료재료,,,,,보조화/보조화부품/기타(댕가와),2061
QD8111,32000,2018-04-04 00:00:00,,,4,,,보조기류 (의치창 제작),치료재료,,,,,보청기/귀걸이형/몰드부(실리콘몰드),2062
QD8112,24000,2018-04-04 00:00:00,,,4,,,보조기류 (의치창 제작),치료재료,,,,,보청기/귀걸이형/몰드부(몰딩컴포넌트),2063
QD8213,56000,2018-04-04 00:00:00,,,4,,,보조기류 (의치창 제작),치료재료,,,,,보청기/귀속형/몰드부(일반형),2064
QD8214,56000,2018-04-04 00:00:00,,,4,,,보조기류 (의치창 제작),치료재료,,,,,보청기/귀속형/몰드부(절약형),2065
QD8223,60000,2018-04-04 00:00:00,,,4,,,보조기류 (의치창 제작),치료재료,,,,,보청기/귀속형/마이크로폰부(일반형),2066
QD8311,29000,2018-04-04 00:00:00,,,4,,,보조기류 (의치창 제작),치료재료,,,,,보청기/보청기타부품(저항),2067
QD8312,29000,2018-04-04 00:00:00,,,4,,,보조기류 (의치창 제작),치료재료,,,,,보청기/보청기타부품(콘덴서),2068
QD8313,263000,2018-04-04 00:00:00,,,4,,,보조기류 (의치창 제작),치료재료,,,,,보청기/보청기타부품(I.C),2069
QD8314,51000,2018-04-04 00:00:00,,,4,,,보조기류 (의치창 제작),치료재료,,,,,보청기/보청기타부품(볼륨조절부),2070
QD8315,2000,2018-04-04 00:00:00,,,4,,,보조기류 (의치창 제작),치료재료,,,,,보청기/보청기타부품(밧데리(일반)),2071
QD8316,74000,2018-04-04 00:00:00,,,4,,,보조기류 (의치창 제작),치료재료,,,,,보청기/보청기타부품(스위치),2072
QD8322,6000,2018-04-04 00:00:00,,,4,,,보조기류 (의치창 제작),치료재료,,,,,보청기/보청기타부품(밧데리(5A)),2073
QD8331,77000,2018-04-04 00:00:00,,,4,,,보조기류 (의치창 제작),치료재료,,,,,보청기/보청기타부품(Plate),2074
QD8332,99000,2018-04-04 00:00:00,,,4,,,보조기류 (의치창 제작),치료재료,,,,,보청기/보청기타부품(Shell),2075
QD8333,22000,2018-04-04 00:00:00,,,4,,,보조기류 (의치창 제작),치료재료,,,,,보청기/보청기타부품(Hook),2076
QD8334,631000,2018-04-04 00:00:00,,,4,,,보조기류 (의치창 제작),치료재료,,,,,보청기/보청기타부품(Amp(Digital)),2077
QD8335,545000,2018-04-04 00:00:00,,,4,,,보조기류 (의치창 제작),치료재료,,,,,보청기/보청기타부품(Amp(Anglog)),2078
QD8339,18000,2018-04-04 00:00:00,,,4,,,보조기류 (의치창 제작),치료재료,,,,,보청기/보청기타부품(Battery Door),2079
QD8340,300000,2018-04-04 00:00:00,,,4,,,보조기류 (의치창 제작),치료재료,,,,,보청기/보청기타부품(KIT교환(보급형)),2080
QD8341,340000,2018-04-04 00:00:00,,,4,,,보조기류 (의치창 제작),치료재료,,,,,보청기/보청기타부품(KIT교환(기본형)),2081
QD8342,365000,2018-04-04 00:00:00,,,4,,,보조기류 (의치창 제작),치료재료,,,,,보청기/보청기타부품(일반형1),2082
QD8343,425000,2018-04-04 00:00:00,,,4,,,보조기류 (의치창 제작),치료재료,,,,,보청기/보청기타부품(일반형2),2083
QD8501,22000,2018-04-04 00:00:00,,,4,,,보조기류 (의치창 제작),치료재료,,,,,/욕창방석/기 타(커버),2084
QD8601,1173000,2018-04-04 00:00:00,,,4,,,보조기류 (의치창 제작),치료재료,,,,,의안/인조안구/움직이는의안(메드퍼),2085
QD9111,243000,2018-04-04 00:00:00,,,4,,,보조기류 (의치창 제작),치료재료,,,,,전동의자차/밧데리/밧데리(인바케어),2086
QD9112,237000,2018-04-04 00:00:00,,,4,,,보조기류 (의치창 제작),치료재료,,,,,전동의자차/밧데리/밧데리(퀵키),2087
QD9121,513000,2018-04-04 00:00:00,,,4,,,보조기류 (의치창 제작),치료재료,,,,,전동의자차/밧데리/밧데리충전기(인바케어/220V),2088
QD9122,450000,2018-04-04 00:00:00,,,4,,,보조기류 (의치창 제작),치료재료,,,,,전동의자차/밧데리/밧데리충전기(퀵키),2089
QD9131,438000,2018-04-04 00:00:00,,,4,,,보조기류 (의치창 제작),치료재료,,,,,전동의자차/밧데리/밧데리케이스(퀵키),2090
QD9211,59000,2018-04-04 00:00:00,,,4,,,보조기류 (의치창 제작),치료재료,,,,,전동의자차/발걸이/발걸이(인바케어/PW93),2091
QD9212,111000,2018-04-04 00:00:00,,,4,,,보조기류 (의치창 제작),치료재료,,,,,전동의자차/발걸이/발걸이(인바케어/P904A),2092
QD9213,101000,2018-04-04 00:00:00,,,4,,,보조기류 (의치창 제작),치료재료,,,,,전동의자차/발걸이/발걸이(퀵키/),2093
QD9221,77000,2018-04-04 00:00:00,,,4,,,보조기류 (의치창 제작),치료재료,,,,,전동의자차/발걸이/발 판(퀵키/),2094
QD9222,498000,2018-04-04 00:00:00,,,4,,,보조기류 (의치창 제작),치료재료,,,,,전동의자차/발걸이/발 판(퀵키/엘리베이팅),2095
QD9231,9000,2018-04-04 00:00:00,,,4,,,보조기류 (의치창 제작),치료재료,,,,,전동의자차/발걸이/발판고정장치(퀵키),2096
QD9311,1026000,2018-04-04 00:00:00,,,4,,,보조기류 (의치창 제작),치료재료,,,,,의자차/모 터/모터기어박스(인바케어/1107110),2097
QD9312,1268000,2018-04-04 00:00:00,,,4,,,보조기류 (의치창 제작),치료재료,,,,,의자차/모 터/모터기어박스(퀵키/499204),2098
QD9321,513000,2018-04-04 00:00:00,,,4,,,보조기류 (의치창 제작),치료재료,,,,,의자차/모 터/기어박스(인바케어/),2099
QD9331,589000,2018-04-04 00:00:00,,,4,,,보조기류 (의치창 제작),치료재료,,,,,의자차/모 터/모 터(인바케어/),2100
QD9341,122000,2018-04-04 00:00:00,,,4,,,보조기류 (의치창 제작),치료재료,,,,,의자차/모 터/모터브레이크(인바케어/),2101
QD9351,45000,2018-04-04 00:00:00,,,4,,,보조기류 (의치창 제작),치료재료,,,,,의자차/모 터/브러시(인바케어/),2102
QD9411,87000,2018-04-04 00:00:00,,,4,,,보조기류 (의치창 제작),치료재료,,,,,의자차/씨 트/빽 씨 트(인바케어),2103
QD9412,86000,2018-04-04 00:00:00,,,4,,,보조기류 (의치창 제작),치료재료,,,,,의자차/씨 트/빽 씨 트(퀵키),2104
QD9421,45000,2018-04-04 00:00:00,,,4,,,보조기류 (의치창 제작),치료재료,,,,,의자차/씨 트/빽손잡이(인바케어/),2105
QD9431,47000,2018-04-04 00:00:00,,,4,,,보조기류 (의치창 제작),치료재료,,,,,의자차/씨 트/등받이지지대(퀵키/Back Tube),2106
QD9441,62000,2018-04-04 00:00:00,,,4,,,보조기류 (의치창 제작),치료재료,,,,,의자차/씨 트/씨 트(인바케어),2107
QD9442,86000,2018-04-04 00:00:00,,,4,,,보조기류 (의치창 제작),치료재료,,,,,의자차/씨 트/씨 트(퀵키),2108
QD9512,70000,2018-04-04 00:00:00,,,4,,,보조기류 (의치창 제작),치료재료,,,,,의자차/씨 트/포 크(인바케어/1104410),2109
QD9513,101000,2018-04-04 00:00:00,,,4,,,보조기류 (의치창 제작),치료재료,,,,,"의자차/씨 트/포 크(퀵키/8""X2"")",2110
QD9521,28000,2018-04-04 00:00:00,,,4,,,보조기류 (의치창 제작),치료재료,,,,,"바퀴의자차/캐스터(인바케어/3"")",2111
QD9522,74000,2018-04-04 00:00:00,,,4,,,보조기류 (의치창 제작),치료재료,,,,,"바퀴의자차/캐스터(인바케어/8"" Pneu200x50)",2112
QD9523,62000,2018-04-04 00:00:00,,,4,,,보조기류 (의치창 제작),치료재료,,,,,"바퀴의자차/캐스터(인바케어/8"" Semi-Pneu)",2113
QD9531,7000,2018-04-04 00:00:00,,,4,,,보조기류 (의치창 제작),치료재료,,,,,바퀴의자차/베아링(인바케어),2114
QD9541,37000,2018-04-04 00:00:00,,,4,,,보조기류 (의치창 제작),치료재료,,,,,"바퀴의자차/타이어(인바케어/3x8"")",2115
QD9542,31000,2018-04-04 00:00:00,,,4,,,보조기류 (의치창 제작),치료재료,,,,,"바퀴의자차/타이어(인바케어/12-1/2"")",2116
QD9543,41000,2018-04-04 00:00:00,,,4,,,보조기류 (의치창 제작),치료재료,,,,,"바퀴의자차/타이어(퀵키/12-1/2"")",2117
QD9544,9000,2018-04-04 00:00:00,,,4,,,보조기류 (의치창 제작),치료재료,,,,,바퀴의자차/타이어(인바케어/200x50),2118
QD9545,30000,2018-04-04 00:00:00,,,4,,,보조기류 (의치창 제작),치료재료,,,,,"바퀴의자차/타이어(퀵키/8""X2"")",2119
QD9546,113000,2018-04-04 00:00:00,,,4,,,보조기류 (의치창 제작),치료재료,,,,,"바퀴의자차/타이어(퀵키/12""통타이어)",2120
QD9547,65000,2018-04-04 00:00:00,,,4,,,보조기류 (의치창 제작),치료재료,,,,,"바퀴의자차/타이어(퀵키/8""X2""/통타이어)",2121
QD9551,12000,2018-04-04 00:00:00,,,4,,,보조기류 (의치창 제작),치료재료,,,,,"바퀴의자차/튜 브(인바케어/3x8"")",2122
QD9552,12000,2018-04-04 00:00:00,,,4,,,보조기류 (의치창 제작),치료재료,,,,,"바퀴의자차/튜 브(인바케어/12-1/2"")",2123
QD9553,12000,2018-04-04 00:00:00,,,4,,,보조기류 (의치창 제작),치료재료,,,,,"바퀴의자차/튜 브(퀵키/12-1/2"")",2124
QD9554,6000,2018-04-04 00:00:00,,,4,,,보조기류 (의치창 제작),치료재료,,,,,바퀴의자차/튜 브(인바케어/200x50),2125
QD9555,12000,2018-04-04 00:00:00,,,4,,,보조기류 (의치창 제작),치료재료,,,,,"바퀴의자차/튜 브(퀵키/8""x2"")",2126
QD9561,308000,2018-04-04 00:00:00,,,4,,,보조기류 (의치창 제작),치료재료,,,,,바퀴의자차/휠(인바케어/),2127
QD9562,65000,2018-04-04 00:00:00,,,4,,,보조기류 (의치창 제작),치료재료,,,,,"바퀴의자차/휠(퀵키/8""x2"")",2128
QD9563,130000,2018-04-04 00:00:00,,,4,,,보조기류 (의치창 제작),치료재료,,,,,바퀴의자차/휠(뒷바퀴),2129
QD9611,1114000,2018-04-04 00:00:00,,,4,,,보조기류 (의치창 제작),치료재료,,,,,의자차/콘트롤박스(인바케어),2130
QD9612,2370000,2018-04-04 00:00:00,,,4,,,보조기류 (의치창 제작),치료재료,,,,,의자차/콘트롤박스(퀵키),2131
QD9621,699000,2018-04-04 00:00:00,,,4,,,보조기류 (의치창 제작),치료재료,,,,,의자차/죠이스틱(인바케어/A형),2132
QD9622,489000,2018-04-04 00:00:00,,,4,,,보조기류 (의치창 제작),치료재료,,,,,의자차/죠이스틱(인바케어/Rll형),2133
QD9623,1114000,2018-04-04 00:00:00,,,4,,,보조기류 (의치창 제작),치료재료,,,,,의자차/죠이스틱(퀵키/JACK),2134
QD9631,130000,2018-04-04 00:00:00,,,4,,,보조기류 (의치창 제작),치료재료,,,,,의자차/죠이스틱케이블(퀵키),2135
QD9641,320000,2018-04-04 00:00:00,,,4,,,보조기류 (의치창 제작),치료재료,,,,,의자차/조정기지지대(퀵키),2136
QD9651,5000,2018-04-04 00:00:00,,,4,,,보조기류 (의치창 제작),치료재료,,,,,의자차/속도조절기(인바케어/),2137
QD9661,5000,2018-04-04 00:00:00,,,4,,,보조기류 (의치창 제작),치료재료,,,,,의자차/감지조절기(인바케어/),2138
QD9671,25000,2018-04-04 00:00:00,,,4,,,보조기류 (의치창 제작),치료재료,,,,,의자차/스위치(인바케어/A Switch),2139
QD9672,30000,2018-04-04 00:00:00,,,4,,,보조기류 (의치창 제작),치료재료,,,,,의자차/스위치(인바케어/Rll Switch),2140
QD9681,50000,2018-04-04 00:00:00,,,4,,,보조기류 (의치창 제작),치료재료,,,,,의자차/친 컵(인바케어/),2141
QD9711,76000,2018-04-04 00:00:00,,,4,,,보조기류 (의치창 제작),치료재료,,,,,전동의자차/팔걸이/암베이스(인바케어),2142
QD9721,284000,2018-04-04 00:00:00,,,4,,,보조기류 (의치창 제작),치료재료,,,,,전동의자차/팔걸이/팔걸이(퀵키),2143
QD9731,41000,2018-04-04 00:00:00,,,4,,,보조기류 (의치창 제작),치료재료,,,,,전동의자차/팔걸이/팔걸이패드(퀵키),2144
QD9732,37000,2018-04-04 00:00:00,,,4,,,보조기류 (의치창 제작),치료재료,,,,,전동의자차/팔걸이/팔걸이패드(인바케어),2145
QD9741,89000,2018-04-04 00:00:00,,,4,,,보조기류 (의치창 제작),치료재료,,,,,전동의자차/팔걸이/팔걸이리시버(퀵키),2146
QD9751,20000,2018-04-04 00:00:00,,,4,,,보조기류 (의치창 제작),치료재료,,,,,전동의자차/팔걸이/팔걸이판넬(퀵키),2147
QD9801,20000,2018-04-04 00:00:00,,,4,,,보조기류 (의치창 제작),치료재료,,,,,기타/피부보호제/더마프리벤트,2148
QD9802,17000,2018-04-04 00:00:00,,,4,,,보조기류 (의치창 제작),치료재료,,,,,기타/피부보호제/더마클린,2149
QD9803,20000,2018-04-04 00:00:00,,,4,,,보조기류 (의치창 제작),치료재료,,,,,기타/피부보호제/더마리페어,2150
QD9804,77000,2018-04-04 00:00:00,,,4,,,보조기류 (의치창 제작),치료재료,,,,,기타/피부보호제/어마트레블 세트,2151
QD9811,240000,2018-04-04 00:00:00,,,4,,,보조기류 (의치창 제작),치료재료,,,,,전동의자차/기 타/등받이쇼파(퀵키/300NX11-),2152
QD9822,71000,2018-04-04 00:00:00,,,4,,,보조기류 (의치창 제작),치료재료,,,,,전동의자차/기 타/보조바퀴(퀵키),2153
QD9823,920000,2018-04-04 00:00:00,,,4,,,보조기류 (의치창 제작),치료재료,,,,,하지의지/셔틀락(Trias),2154
QD9824,1943000,2018-04-04 00:00:00,,,4,,,보조기류 (의치창 제작),치료재료,,,,,하지의지/셔틀락(Axtion),2155
QD9825,1888000,2018-04-04 00:00:00,,,4,,,보조기류 (의치창 제작),치료재료,,,,,하지의지/셔틀락(Lo-rider),2156
QD9826,1890000,2018-04-04 00:00:00,,,4,,,보조기류 (의치창 제작),치료재료,,,,,하지의지/고 무 발/베리플렉스,2157
QD9827,1721000,2018-04-04 00:00:00,,,4,,,보조기류 (의치창 제작),치료재료,,,,,하지의지/고 무 발/일레이션,2158
3010600023,9465,2018-04-04 00:00:00,20330,,4,,,보조기류(ARM SLING 등),치료재료,,,,,Crutch (대)/1EA,2159
3010600025,10884,2018-04-04 00:00:00,20330,,4,,,보조기류(ARM SLING 등),치료재료,,,,,Crutch(중)/1EA,2160
3010600026,10884,2018-04-04 00:00:00,20330,,4,,,보조기류(ARM SLING 등),치료재료,,,,,Crutch (특대)/1EA,2161
3012300002,2582,2018-04-04 00:00:00,VM062,,4,,,보조기류(ARM SLING 등),치료재료,,,,,8자붕대(소),2162
3012300003,2582,2018-04-04 00:00:00,VM062,,4,,,보조기류(ARM SLING 등),치료재료,,,,,8자붕대(중)/1EA,2163
3012300004,1771,2018-04-04 00:00:00,VM062,,4,,,보조기류(ARM SLING 등),치료재료,,,,,8자붕대(대)/1EA,2164
3012300023,1011,2018-04-04 00:00:00,VM061,,4,,,보조기류(ARM SLING 등),치료재료,,,,,Arm Sling (child)/1EA,2165
3012300024,1011,2018-04-04 00:00:00,VM061,,4,,,보조기류(ARM SLING 등),치료재료,,,,,Arm Sling (adult)/1EA,2166
4010600004,2640000,2018-04-04 00:00:00,BM201004,,4,,,외과수술용 선택품목 류,치료재료,,,,,AMS Spectra(음경보형물재료),2167
4010600015,6258206,2018-04-04 00:00:00,BM201002,,4,,,외과수술용 선택품목 류,치료재료,,,,,보형물 AMS700 PENILE PROSTHESIS(3/PIECE),2168
4011400040,384917,2018-04-04 00:00:00,BC0101QT,,4,,,인체조직유래 2차 가공뼈,치료재료,,,,,BONFUSE(CGBIO),2169
4011500081,345000,2018-04-04 00:00:00,BC0102QT,,4,,,인체조직유래 2차 가공뼈,치료재료,,,,,BONGENER 1cc(DBM),2170
4011500099,855000,2018-04-04 00:00:00,BC0102QT,,4,,,인체조직유래 2차 가공뼈,치료재료,,,,,BONGENER 2.5cc(DBM),2171
4011500108,386000,2018-04-04 00:00:00,BC0101AT,,4,,,인체조직유래 2차 가공뼈,치료재료,,,,,DBX PUTTY(MUSCULOSKELETAL TRANSPLANT FOUNDATION),2172
3011000001,1289,2018-04-04 00:00:00,BK7101EA,,4,,,자착성(탄력)붕대,치료재료,,,,,Coban 1/1EA(Dressing 사용),2173
4020900170,3310,2018-04-04 00:00:00,BK7101EA,,4,,,자착성(탄력)붕대,치료재료,,,,,(3인치)3M Coban SELF-ADHERENT WRAP,2174
4020900186,3475,2018-04-04 00:00:00,BK7101EA,,4,,,자착성(탄력)붕대,치료재료,,,,,(4인치)3M Coban SELF-ADHERENT WRAP,2175
4011500043,3400000,2018-04-04 00:00:00,BF0002GZ,,4,,,척추고정용,치료재료,,,,,MOBI-C,2176
4011500122,4400000,2018-04-04 00:00:00,BF0001KV,,4,,,척추고정용,치료재료,,,,,MOBI-C WITH PLUG & FIT(LDR MEDICAL),2177
4011500129,1597688,2018-04-04 00:00:00,BF0201SH,,4,,,추간판내 고주파 열치료술 용,치료재료,,,,,YES DISC Catheter-Lumbar,2178
4011500130,1597777,2018-04-04 00:00:00,BF0202SH,,4,,,추간판내 고주파 열치료술 용,치료재료,,,,,YES DISC Catheter-Cervical,2179
4011500125,792000,2018-04-04 00:00:00,BJ4801NX,,4,,,풍선확장기능을 포함한 경막외강내 유착부위 박리시술,치료재료,,,,,ASAN-ZINEU BALLOON CATHETER,2180
DRESOLOR1,750,,648204180,,4,,,약제,약제,,,,,루칼로정1mg(프루칼로프라이드숙신산염),2181
SZ07201,30000,,EZ868,,4,,,초음파 검사료,행위,검사료,초음파 검사료,,,동맥경화협착폐색검사 [1부위],2182
SZ07202,50000,,EZ868,,4,,,초음파 검사료,행위,검사료,초음파 검사료,,,동맥경화협착폐색검사 [2부위],2183
5419900041,1090400,,BJ4503BM,,4,,,심혈관재료,치료재료,,,,,OPTICROSS CORONARY IMAGING CATHETER,2184
681800010,2470,,"4020900172, 3010600041",,4,,,불투명.투명멸균드레싱 재료(드레싱고정용),치료재료,,,,,박티그라(초산클로르헥시딘) 10*10,2185
,280000,,,"ERA,1ea",3,,,치과보철료,행위,치과의 보철료,,,,"ERA,1ea",2186
,500000,,,F.D. Temporary,3,,,치과보철료,행위,치과의 보철료,,,,F.D. Temporary,2187
,800000,,,"F.D., resin plate,G (완전틀니-레진)",3,,,치과보철료,행위,치과의 보철료,,,,"F.D., resin plate,G (완전틀니-레진)",2188
,500000,,,Locator,3,,,치과보철료,행위,치과의 보철료,,,,Locator,2189
,350000,,,"Magnetic,1ea",3,,,치과보철료,행위,치과의 보철료,,,,"Magnetic,1ea",2190
,100000,,,Pressure Injection Resin System,3,,,치과보철료,행위,치과의 보철료,,,,Pressure Injection Resin System,2191
,160000,,,Spark elosin,3,,,치과보철료,행위,치과의 보철료,,,,Spark elosin,2192
,1200000,,,"R.P.D., electronic non-Prec.,G ",3,,,치과보철료,행위,치과의 보철료,,,,"가철성 국소의치, 고주파 비귀금속 ",2193
,2500000,,,"R.P.D., Prec.,G",3,,,치과보철료,행위,치과의 보철료,,,,"가철성 국소의치, 귀금속",2194
,1000000,,,"R.P.D.,non-Prec.,G",3,,,치과보철료,행위,치과의 보철료,,,,"가철성 국소의치, 비귀금속",2195
,150000,,,"R.D, Attachment Change, Mat",3,,,치과보철료,행위,치과의 보철료,,,,"가철성 의치 어테치먼트 교환, 재료대",2196
,150000,,,"R.D, Magnetic change, Mat",3,,,치과보철료,행위,치과의 보철료,,,,"가철성 의치, 자석 교환, 재료대",2197
,200000,,,"Atrficial gold crown for RD,G",3,,,치과보철료,행위,치과의 보철료,,,,가철성 의치용 금속 교합면 인공치 (S-gold),2198
,30000,,,"Endura resin, post. Teeth, Mat",3,,,치과보철료,행위,치과의 보철료,,,,"경질 레진 구치, 재료대",2199
,20000,,,"Endura resin, ant. Teeth, Mat",3,,,치과보철료,행위,치과의 보철료,,,,"경질 레진 전치, 재료대",2200
,600000,,,"Occlusal splint, complex,G",3,,,치과보철료,행위,치과의 보철료,,,,"교합안정장치, 복잡",2201
,370000,,,"Crown, Maryland, Prec.,G",3,,,치과보철료,행위,치과의 보철료,,,,"금주조관, 메리랜드, 귀금속",2202
,520000,,,"Crown, PFG",3,,,치과보철료,행위,치과의 보철료,,,,"도재소부전장관, 귀금속",2203
,520000,,,"Crown, collarless PFG,G",3,,,치과보철료,행위,치과의 보철료,,,,"도재소부전장관, 무깃, 귀금속",2204
,380000,,,"Crown, collarless PFM,G",3,,,치과보철료,행위,치과의 보철료,,,,"도재소부전장관, 무깃, 비귀금속 ",2205
,370000,,,"Crown, PFM,G",3,,,치과보철료,행위,치과의 보철료,,,,"도재소부전장관, 비귀금속",2206
,600000,,,"Locator,G",3,,,치과보철료,행위,치과의 보철료,,,,"로케이터,G",2207
,460000,,,"Implant, MDI,G",3,,,치과보철료,행위,치과의 보철료,,,,"매식술, MDI",2208
,2700000,,,"Implant, milled bar,G",3,,,치과보철료,행위,치과의 보철료,,,,"매식술, 밀드바,Gold,Fixtur",2209
,1600000,,,"Implant, milled bar,Titanium,Fixture ,G",3,,,치과보철료,행위,치과의 보철료,,,,"매식술, 밀드바,Titanium,Fixture",2210
,450000,,,"Implant, O-ring, E.R.A.,G",3,,,치과보철료,행위,치과의 보철료,,,,"매식술, 오-링, E.R.A., ",2211
,230000,,,"Implant, Tem. MDI,G",3,,,치과보철료,행위,치과의 보철료,,,,"매식술, 임시 MDI",2212
,500000,,,"Implant, Magnetic,G",3,,,치과보철료,행위,치과의 보철료,,,,"매식술, 자성체",2213
,,,임플란트 식립갯수에 따라 헤더바 개수 결정됨,"Implant, hader bar,G",3,,,치과보철료,행위,치과의 보철료,,160000,120000,"매식술, 헤더바",2214
,2500000,,,"Implant, Hybrid denture,,G",3,,,치과보철료,행위,치과의 보철료,,,,"매식술, 혼합형틀니 ",2215
,1000000,,,"Implant,국산,G",3,,,치과보철료,행위,치과의 보철료,,,,"매식술,국산,G",2216
,570000,,,"Implant crown, A-gold,G",3,,,치과보철료,행위,치과의 보철료,,,,매식치  A-gold 도재관,2217
,800000,,,"Implant crown, PFG,G",3,,,치과보철료,행위,치과의 보철료,,,,매식치 귀금속 도재관,2218
,600000,,,"Implant crown, PFM,G",3,,,치과보철료,행위,치과의 보철료,,,,매식치 비귀금속 도재관,2219
,660000,,,"Implant crown, Pt-gold,G",3,,,치과보철료,행위,치과의 보철료,,,,"매식치금관, 백금가공",2220
,620000,,,"Implant crown, Super-gold,G",3,,,치과보철료,행위,치과의 보철료,,,,"매식치금관, 슈퍼골드",2221
,150000,,,"Semirigid joint,G",3,,,치과보철료,행위,치과의 보철료,,,,세미리지드 연결체,2222
,20000,,,"Overdenture O-ring change, Mat",3,,,치과보철료,행위,치과의 보철료,,,,"오버덴쳐 오-링 교환, 재료대",2223
,10000,,,"Overdenture clip change, Mat",3,,,치과보철료,행위,치과의 보철료,,,,"오버덴쳐 클립 교환, 재료대",2224
,300000,,,"Rebase, indirect,G",3,,,치과보철료,행위,치과의 보철료,,,,"의치 이장술, 간접법",2225
,50000,,,"Implant, UCLA screw change, Mat",3,,,치과보철료,행위,치과의 보철료,,,,"인공치매식, 유씨엘에이 스크류 교환, 재료대",2226
,200000,,,"Implant, Magnetic change, Mat",3,,,치과보철료,행위,치과의 보철료,,,,"인공치매식, 자석 교환, 재료대",2227
,30000,,,"Implant, coping screw change, Mat",3,,,치과보철료,행위,치과의 보철료,,,,"인공치매식, 코핑 스크류 교환, 재료대",2228
,350000,,,"Inlay, Prec. Gold ,G",3,,,치과보철료,행위,치과의 보철료,,,,"인레이, 귀금속",2229
,280000,,,"Inlay, Por. or resin,G",3,,,치과보철료,행위,치과의 보철료,,,,"인레이, 포세라인 or  레진",2230
,430000,,,"R.P.D., Temporary,G",3,,,치과보철료,행위,치과의 보철료,,,,임시 가철성 국소의치,2231
,150000,,,"Flipper, complex,G",3,,,치과보철료,행위,치과의 보철료,,,,"임시치, 복잡",2232
,1800000,,,"Implant overdenture,G",3,,,치과보철료,행위,치과의 보철료,,,,"임플란트 지지의치, 단순",2233
,340000,,,"Attachment, Magnetic,G",3,,,치과보철료,행위,치과의 보철료,,,,자석장치,2234
,400000,,,"Crown, Laminate veneer,G",3,,,치과보철료,행위,치과의 보철료,,,,"전부도재관, 순면버니어",2235
,470000,,,"Crown, all ceramic,G",3,,,치과보철료,행위,치과의 보철료,,,,"전부도재관, 전세라믹",2236
,250000,,,"Crown, Metal,G",3,,,치과보철료,행위,치과의 보철료,,,,"주조관, N-C 합금",2237
,290000,,,"Crown, Maryland, non-Prec.,G",3,,,치과보철료,행위,치과의 보철료,,,,"주조관, 메리랜드, 비귀금속",2238
,350000,,금함량46%,"Crown, Palladium,G",3,,,치과보철료,행위,치과의 보철료,,,,"주조금관, Pd 합금",2239
,420000,,금함량55%,"Crown, Super - Gold,G",3,,,치과보철료,행위,치과의 보철료,,,,"주조금관, 금합금",2240
,460000,,금함량72%,"Crown, Gold - Pt,G",3,,,치과보철료,행위,치과의 보철료,,,,"주조금관, 백금합금",2241
,500000,,,"Interrim or immediate obturator,G",3,,,치과보철료,행위,치과의 보철료,,,,즉시 or 임시폐쇄장치,2242
,600000,,,"F.D., Immediate, mesh,G",3,,,치과보철료,행위,치과의 보철료,,,,"즉시총의치,망사",2243
,500000,,,"F.D., Immediate, resin plate,G",3,,,치과보철료,행위,치과의 보철료,,,,"즉치총의치,레진상",2244
,1600000,,,"F.D., Prec., base metal,G",3,,,치과보철료,행위,치과의 보철료,,,,"총의치, 귀금속편",2245
,1400000,,,"F.D., Mesh or base metal,G (완전틀니-티타늄)",3,,,치과보철료,행위,치과의 보철료,,,,"총의치, 비귀금속편, 망사 (완전틀니-티타늄)",2246
,1500000,,,"Definitive obturator, metal base,G",3,,,치과보철료,행위,치과의 보철료,,,,최종폐쇄장치,2247
,1350000,,,"Implant, simple,G",3,,,치과보철료,행위,치과의 보철료,,,,"치아 매식술, 단순",2248
,1450000,,,"Implant, complex,G",3,,,치과보철료,행위,치과의 보철료,,,,"치아 매식술, 복잡, ASTRA",2249
,1500000,,,"Implant, complex,G",3,,,치과보철료,행위,치과의 보철료,,,,"치아 매식술, 복잡, NOBEL",2250
,550000,,,"CAD-CAM Ceramic crown,G",3,,,치과보철료,행위,치과의 보철료,,,,캐드캠 세라믹 크라운,2251
,800000,,,"CAD-CAM Ceramic crown,임플란트용,G",3,,,치과보철료,행위,치과의 보철료,,,,"캐드캠 세라믹 크라운,임플란트용",2252
,100000,,,Konus Telescopic Milling fee,3,,,치과보철료,행위,치과의 보철료,,,,코너스 텔레스코픽 크라운 밀링 기공비,2253
,500000,,,"Konus Teles. crown, inner&outer,Palladium,G",3,,,치과보철료,행위,치과의 보철료,,,,"코누스 텔레스코픽 내,외관 PD합금",2254
,650000,,,"Konus Teles. crown, inner&outer,PFG,G",3,,,치과보철료,행위,치과의 보철료,,,,"코누스 텔레스코픽 내,외관 귀금속",2255
,600000,,,"Konus Teles. crown, inner&outer,Super G.,G",3,,,치과보철료,행위,치과의 보철료,,,,"코누스 텔레스코픽 내,외관 금합금",2256
,700000,,,"Konus Teles. crown, inner&outer,PT.G.,G",3,,,치과보철료,행위,치과의 보철료,,,,"코누스 텔레스코픽 내,외관 백금합금",2257
,550000,,,"Konus Teles. crown, inner&outer,PFM,G",3,,,치과보철료,행위,치과의 보철료,,,,"코누스 텔레스코픽 내,외관 비귀금속",2258
,1100000,,,"R.P.D., Telescopic,G",3,,,치과보철료,행위,치과의 보철료,,,,테레스코픽 국소 의치,2259
,700000,,,"R.P.D., Half, non-Prec. Elect.,G",3,,,치과보철료,행위,치과의 보철료,,,,"편측가철성국소의치, 고주파비귀금속",2260
,1200000,,,"R.P.D., Half, Prec.,G",3,,,치과보철료,행위,치과의 보철료,,,,"편측가철성국소의치, 귀금속",2261
,600000,,,"R.P.D., Half, non-Prec.,G",3,,,치과보철료,행위,치과의 보철료,,,,"편측가철성국소의치, 비귀금속",2262
,260000,,,"Post&Core, gold,G",3,,,치과보철료,행위,치과의 보철료,,,,"포스트관, 귀금속, 단순",2263
,220000,,,"Post&Core, glassfiber,G",3,,,치과보철료,행위,치과의 보철료,,,,"포스트관, 그래스화이버",2264
,180000,,,"Post&Core, Para,G",3,,,치과보철료,행위,치과의 보철료,,,,"포스트관, 파라 포스트",2265
,500000,,,,3,,,치아질환 처치,행위,치과 처치ㆍ수술료,,,,Cornus Denture(내관 & 외관),2266
,50000,,,,3,,,치아질환 처치,행위,치과 처치ㆍ수술료,,,,Laser 미백치료(1치당),2267
,10000,,,,3,,,치아질환 처치,행위,치과 처치ㆍ수술료,,,,Laser 충치예방치료(1치당),2268
,100000,,,,3,,,치아질환 처치,행위,치과 처치ㆍ수술료,,,,Milling 비,2269
,50000,,,,3,,,치아질환 처치,행위,치과 처치ㆍ수술료,,,,Resin facing 수리 (1치당),2270
,80000,,,,3,,,치아질환 처치,행위,치과 처치ㆍ수술료,,,,Scaling 치석제거,2271
,,,,사용한 인공뼈g수에 따라 결정,3,,,치아질환 처치,행위,치과 처치ㆍ수술료,,1000000,200000,골 이식술bone graft,2272
,500000,,,골증대술,3,,,치아질환 처치,행위,치과 처치ㆍ수술료,,,,골증대술,2273
,80000,,,Light curing G.I filling,3,,,치아질환 처치,행위,치과 처치ㆍ수술료,,,,광중합 G.I 충전,2274
JM0001T,80000,,"JU0239, JU0240,JU0241　동일",Composite resin filling (light curing),3,,,치아질환 처치,행위,기타,,,,광중합 복합 레진 충전,2275
,60000,,,"Orthodontics, Morthly fee",3,,,치아질환 처치,행위,치과 처치ㆍ수술료,,,,교정 월정비,2276
,30000,,,Occlusal splint 관리,3,,,치아질환 처치,행위,치과 처치ㆍ수술료,,,,교합안정장치 관리,2277
,300000,,,"Occlusal splint (1악당), simple",3,,,치아질환 처치,행위,치과 처치ㆍ수술료,,,,"교합안정장치(1악당), 단순",2278
,30000,,,"Oral exam, consult.",3,,,치아질환 처치,행위,치과 처치ㆍ수술료,,,,구강 검사및 상담,2279
,30000,,,구취측정검사,3,,,치아질환 처치,행위,치과 처치ㆍ수술료,,,,구취측정검사,2280
,60000,,,Sp cr,3,,,치아질환 처치,행위,치과 처치ㆍ수술료,,,,기성금관,2281
,70000,,,Screw post,3,,,치아질환 처치,행위,치과 처치ㆍ수술료,,,,나선형 합정,2282
,60000,,,Laser Solder,3,,,치아질환 처치,행위,치과 처치ㆍ수술료,,,,레이져 솔더,2283
,30000,,,Resin temporary crown,3,,,치아질환 처치,행위,치과 처치ㆍ수술료,,,,레진 가공 의치 (1치당),2284
,30000,,,Study impression/1악당,3,,,치아질환 처치,행위,치과 처치ㆍ수술료,,,,모형 분석용 인상/1악당,2285
,100000,,,보격장치(가철식),3,,,치아질환 처치,행위,치과 처치ㆍ수술료,,,,보격장치(가철식),2286
,50000,,,보격장치(고정식),3,,,치아질환 처치,행위,치과 처치ㆍ수술료,,,,보격장치(고정식),2287
,10000,,,보철 치료(CHECK UP)중,3,,,치아질환 처치,행위,치과 처치ㆍ수술료,,,,보철 치료(CHECK UP)중,2288
,100000,,,Fluorid therapy (1악당),3,,,치아질환 처치,행위,치과 처치ㆍ수술료,,,,불소 도포 (1악당),2289
,50000,,임플란트3개이하,"Surgical stent,(임플란트)단순",3,,,치아질환 처치,행위,치과 처치ㆍ수술료,,,,서지컬 스텐트(수술용 스텐트)단순,2290
,100000,,임플란트4개이상,"Surgical stent,(임플란트)복잡",3,,,치아질환 처치,행위,치과 처치ㆍ수술료,,,,서지컬 스텐트(수술용 스텐트)복잡,2291
,250000,,,Esthetic resin filling,3,,,치아질환 처치,행위,치과 처치ㆍ수술료,,,,심미 레진 충전,2292
,200000,,,Face mask impression,3,,,치아질환 처치,행위,치과 처치ㆍ수술료,,,,안면 체형,2293
,150000,,,S.S crown,3,,,치아질환 처치,행위,치과 처치ㆍ수술료,,,,유구치 가공 치관,2294
,150000,,,Direct denture reline,3,,,치아질환 처치,행위,치과 처치ㆍ수술료,,,,의치 직접 이장술,2295
,100000,,,Denture repair,3,,,치아질환 처치,행위,치과 처치ㆍ수술료,,,,의치수리,2296
,50000,,,Flipper (simple),3,,,치아질환 처치,행위,치과 처치ㆍ수술료,,,,"임시 의치, 단순",2297
,100000,,,"Implant  second surgery,간단",3,,,치아질환 처치,행위,치과 처치ㆍ수술료,,,,"임플란트 2차 수술,간단",2298
,300000,,,"Implant  second surgery,연조직",3,,,치아질환 처치,행위,치과 처치ㆍ수술료,,,,"임플란트 2차 수술,연조직",2299
,500000,,,"Implant  second surgery,경조직",3,,,치아질환 처치,행위,치과 처치ㆍ수술료,,,,"임플란트 2차 수술,경조직",2300
,100000,,,Peri implantitis treatment,3,,,치아질환 처치,행위,치과 처치ㆍ수술료,,,,임플란트 주위염 치료,2301
,100000,,,임플란트목적 레이저치료,3,,,치아질환 처치,행위,치과 처치ㆍ수술료,,,,임플란트목적 레이저치료,2302
,300000,,,임플란트목적/상악동거상술(편측),3,,,치아질환 처치,행위,치과 처치ㆍ수술료,,,,임플란트목적/상악동거상술(편측),2303
,1000000,,"단순,복잡으로 구분","임플란트목적/상악동거상술,측방접근",3,,,치아질환 처치,행위,치과 처치ㆍ수술료,,1500000,1000000,"임플란트목적/상악동거상술,측방접근",2304
,1500000,,,임플란트목적/하치조측방전위술(양측),3,,,치아질환 처치,행위,치과 처치ㆍ수술료,,,,임플란트목적/하치조측방전위술(양측),2305
,1000000,,,임플란트목적/하치조측방전위술(편측),3,,,치아질환 처치,행위,치과 처치ㆍ수술료,,,,임플란트목적/하치조측방전위술(편측),2306
,30000,,,T.B.I,3,,,치아질환 처치,행위,치과 처치ㆍ수술료,,,,"잇솔질 교습, 회당",2307
,100000,,,SURGICAL UNCOVERING(1치당)치관노출술,3,,,치아질환 처치,행위,치과 처치ㆍ수술료,,,,치관노출술(1치당)SURGICAL UNCOVERING,2308
,30000,,,Pit & fissure sealant,3,,,치아질환 처치,행위,치과 처치ㆍ수술료,,,,치면 열구 전색,2309
,100000,,,Dx of implant,3,,,치아질환 처치,행위,치과 처치ㆍ수술료,,,,치아 매식 진단료,2310
,100000,,,"Implant, UCLA screw change fee",3,,,치아질환 처치,행위,치과 처치ㆍ수술료,,,,"치아매식, 유씨엘에이 스크류 교환",2311
,50000,,"단순(본원제작),복잡(외주가공) 구분","Implant, temporary resin Cr.",3,,,치아질환 처치,행위,치과 처치ㆍ수술료,,200000,50000,"치아매식, 임시 레진치",2312
,300000,,,"Implant, magnetic change fee",3,,,치아질환 처치,행위,치과 처치ㆍ수술료,,,,"치아매식, 자석체 교환",2313
,300000,,,"Implant, abutment change fee",3,,,치아질환 처치,행위,치과 처치ㆍ수술료,,,,"치아매식, 지대체 교환",2314
,50000,,,"Implant, coping screw change fee",3,,,치아질환 처치,행위,치과 처치ㆍ수술료,,,,"치아매식, 코핑 스크류 교환",2315
,50000,,,Over denture O-ring & ERA 교환,3,,,치아질환 처치,행위,치과 처치ㆍ수술료,,,,치아지지 가철성 의치 오-링&이알에이 교환,2316
,200000,,,Over denture magnetic 교환,3,,,치아질환 처치,행위,치과 처치ㆍ수술료,,,,치아지지 가철성 의치 자석체 교환,2317
,50000,,,Over denture clip 교환,3,,,치아질환 처치,행위,치과 처치ㆍ수술료,,,,치아지지 가철성 의치 클립 교환,2318
,50000,,,Perio test(인공치아 개당),3,,,치아질환 처치,행위,치과 처치ㆍ수술료,,,,치주 테스트(인공치아 개당),2319
JM0016T,10000,,"단순,복잡으로 구분-초시행시 복잡,재시행시 단순으로산정",plaque control,3,,,치아질환 처치,행위,처치 및 수술료 등,,,,"치태조절 및 예방술식, 단순",2320
,50000,,,Direct denture soft reline,3,,,치아질환 처치,행위,치과 처치ㆍ수술료,,,,탄성 의치상 이장술,2321
,200000,,,P.F.M repair,3,,,치아질환 처치,행위,치과 처치ㆍ수술료,,,,포세린관 수리,2322
,100000,,,P.R.P.,3,,,치아질환 처치,행위,치과 처치ㆍ수술료,,,,피.알.피,2323
A2Z00102,70000,,,입원료(1인실:병실차액),3,,,상급병실료 차액,행위,기본진료료,,,,1인실,2324
CZ394,25000,,,,3,,,감염증 기타 검사,행위,검사료,,,,인플루엔자 A·B 바이러스항원검사 [현장검사]  ,2325
LZW0047,129285,,,,3,,,감염증 혈청검사,행위,검사료,,,,MERS-CoV,2326
LZW0048,75190,,,,3,,,감염증 혈청검사,행위,검사료,,,,지카바이러스,2327
LWC6095,44742,,LWCZ998,,3,,,감염증 혈청검사,행위,검사료,,,,Influensa A(신종플루확진검사)H1N1,2328
LWZ0016,6276,,,,3,,,내분비검사,행위,검사료,,,,B-HCG,2329
CZ212,30066,,LWZ0015,,3,,,내분비검사,행위,검사료,,,,PAPP-A 검사,2330
CZ213,29573,,,,3,,,내분비검사,행위,검사료,,,,TS Ab(Thyroid stimulating),2331
LWZ0046,138450,,,,3,,,내분비검사,행위,검사료,,,,INTERFERON-감마,2332
CZ909,19750,,위탁검사,,3,,,분자병리검사,행위,검사료,,,,HLA-B51 유전자,2333
LZW0049,265850,,,,3,,,세포유전검사,행위,검사료,,,,FISH(XY),2334
LZW0050,594498,,,,3,,,세포유전검사,행위,검사료,,,,cytogenomic　microarray,2335
LWCZ338,23950,,,,3,,,세포유전검사,행위,검사료,,,,광범위 선천성대사이상검사(NST + 43종)-Y,2336
LC4501390,6000,,,,3,,,약물 및 독물검사,행위,검사료,,,,TBPE(건강관리과용),2337
LC4502390,6000,,,,3,,,약물 및 독물검사,행위,검사료,,,,약물검사,2338
,8130,,,,3,,,약물 및 독물검사,행위,검사료,,,,Amphetamine(나450가2),2339
CZ261,19750,,위탁검사,Anti GM1 Ab IgG,3,,,자가면역질환검사,행위,검사료,,,,항GM1항체 [IgG],2340
CZ262,19750,,위탁검사,Anti GM1 Ab IgM,3,,,자가면역질환검사,행위,검사료,,,,항GM1항체 [IgM],2341
CZ425,11507,,위탁검사,Anti GD1b Ab IgG,3,,,자가면역질환검사,행위,검사료,,,,항GD1b항체 [IgG],2342
CZ425,11507,,위탁검사,Anti GD1b Ab IgM,3,,,자가면역질환검사,행위,검사료,,,,항GD1b항체 [IgM],2343
CZ427,53628,,위탁검사,Anti MAG Ab,3,,,자가면역질환검사,행위,검사료,,,,항MAG항체,2344
EZ886,25000,,,자궁경부촬영확대술,3,,,"생식, 임신 및 분만",행위,검사료,,,,자궁경부확대촬영검사,2345
EZ796,50000,,급여인정기준외 실시한경우 비급여,안구광학단층촬영OCT [편측],3,,,시기능검사,행위,검사료,,,,안구광학단층촬영,2346
EZ797,50000,,,인공수정체도수검사 IOL Master [편측],3,,,시기능검사,행위,검사료,,,,눈의 계측검사 (레이저간섭계 이용),2347
FZ413,30000,,(별표)신경인지 기능검사 반영,신경인지기능검사,3,,,신경계기능검사,행위,검사료,,,,신경인지기능검사-단기기억력검사[시각],2348
FZ411,30000,,(별표)신경인지 기능검사 반영,신경인지기능검사,3,,,신경계기능검사,행위,검사료,,,,신경인지기능검사-단기기억력검사 CORSI,2349
FZ413,30000,,(별표)신경인지 기능검사 반영,신경인지기능검사,3,,,신경계기능검사,행위,검사료,,,,신경인지기능검사-자서전적 기억평가면접,2350
FZ414,30000,,(별표)신경인지 기능검사 반영,신경인지기능검사,3,,,신경계기능검사,행위,검사료,,,,신경인지기능검사-캘리포니아 언어학습검사,2351
FZ413,30000,,(별표)신경인지 기능검사 반영,신경인지기능검사,3,,,신경계기능검사,행위,검사료,,,,신경인지기능검사-시각 학습 검사,2352
FZ414,35000,,(별표)신경인지 기능검사 반영,신경인지기능검사,3,,,신경계기능검사,행위,검사료,,,,신경인지기능검사-홉킨스 언어학습검사,2353
FZ402,30000,,(별표)신경인지 기능검사 반영,신경인지기능검사,3,,,신경계기능검사,행위,검사료,,,,신경인지기능검사-연속수행력검사 [청각],2354
FZ441,15000,,(별표)신경인지 기능검사 반영,손가락 두드리기 검사,3,,,신경계기능검사,행위,검사료,,,,신경인지기능검사-감각운동협응검사-손가락 두드리기검사,2355
FZ452,20000,,(별표)신경인지 기능검사 반영,신경인지기능검사,3,,,신경계기능검사,행위,검사료,,,,신경인지기능검사-선로잇기검사(Trail Making),2356
FZ413,30000,,(별표)신경인지 기능검사 반영,신경인지기능검사,3,,,신경계기능검사,행위,검사료,,,,신경인지기능검사-단기기억력검사[청각],2357
FZ401,30000,,(별표)신경인지 기능검사 반영,신경인지기능검사,3,,,신경계기능검사,행위,검사료,,,,신경인지기능검사-경계력검사[시각],2358
FZ402,30000,,(별표)신경인지 기능검사 반영,신경인지기능검사,3,,,신경계기능검사,행위,검사료,,,,신경인지기능검사-연속수행력검사[시각],2359
SZ11500,25000,,,언어전반진단검사,3,,,신경계기능검사,행위,검사료,,,,언어전반진단검사,2360
SF6290A,100000,,SF6290A (이동형),,3,,,신경계기능검사,행위,검사료,,,,코골이검사(간이수면다원검사),2361
FZ731,30000,,,Computerized Dynamic Posturography,3,,,평형 및 청각기능검사,행위,검사료,,,,동적체평형검사,2362
FZ733,51800,,,비디오전기안진검사-체위변환,3,,,평형 및 청각기능검사,행위,검사료,,,,비디오전기안진검사,2363
FZ733,31010,,,두진(두위안진검사 :Positional test),3,,,평형 및 청각기능검사,행위,검사료,,,,비디오전기안진검사,2364
FZ733,31010,,,온도안진검사(냉온교대Caloric test),3,,,평형 및 청각기능검사,행위,검사료,,,,비디오전기안진검사,2365
FZ733,50000,,,비디오전기 안진 자발안진검사(Spontaneous Nystagmus),3,,,평형 및 청각기능검사,행위,검사료,,,,비디오전기안진검사,2366
FZ733,50000,,,비디오전기안진검사 급속안구운동,3,,,평형 및 청각기능검사,행위,검사료,,,,비디오전기안진검사,2367
FZ733,103500,,,비디오전기안진검사-체위변환및 이석정복술,3,,,평형 및 청각기능검사,행위,검사료,,,,비디오전기안진검사,2368
FZ733,100000,,,비디오전기안진검사-정밀,3,,,평형 및 청각기능검사,행위,검사료,,,,비디오전기안진검사,2369
FZ733,31010,,,비디오전기안진검사-진동,3,,,평형 및 청각기능검사,행위,검사료,,,,비디오전기안진검사,2370
FZ733,50000,,, 시표추적 (시추적검사:Smooth pursuit test),3,,,평형 및 청각기능검사,행위,검사료,,,,비디오전기안진검사,2371
SZ09700,20000,,,후각기능검사(인지및역치),3,,,호흡기능검사,행위,검사료,,,,후각기능(인지 및 역치)검사,2372
EZ992,150000,,,,3,,,내시경,행위,검사료,,,,초음파내시경검사상부(EUS),2373
EZ992,250000,,,,3,,,내시경,행위,검사료,,,,초음파내시경검사(Miniprobe 이용)(EUS-M),2374
SEA001,53790,,,,3,,,내시경,행위,검사료,,,,진정내시경 환자관리료Ⅰ,2375
SEA002,78050,,,,3,,,내시경,행위,검사료,,,,진정내시경 환자관리료 Ⅱ,2376
SEA003,119620,,,,3,,,내시경,행위,검사료,,,,진정내시경 환자관리료 Ⅲ,2377
SEA004,165440,,,,3,,,내시경,행위,검사료,,,,진정내시경 환자관리료 Ⅳ,2378
EZ868,30000,,,초음파 동맥경화협착폐색검사 [1부위],3,,,초음파 검사료,행위,검사료,초음파 검사료,,,초음파 동맥경화협착폐색검사 [1부위],2379
EZ868,50000,,,초음파 동맥경화협착폐색검사 [2부위],3,,,초음파 검사료,행위,검사료,초음파 검사료,,,초음파 동맥경화협착폐색검사 [1부위],2380
HZ161,200000,,,초음파 IVUS ,3,,,초음파 검사료,행위,검사료,초음파 검사료,,,초음파 IVUS ,2381
HZ161,150000,,,초음파 도플러 두개강내 뇌혈류검사 [기본],3,,,초음파 검사료,행위,검사료,초음파 검사료,,,초음파 도플러 두개강내 뇌혈류검사 [기본],2382
SEB401,15580,,급여 인정기준 외 실시한경우 비급여,,3,,,초음파 검사료,행위,검사료,초음파 검사료,,,기본초음파-단순초음파(Ⅰ) One Point Ultrasonography,2383
SEB402,31170,,급여 인정기준 외 실시한경우 비급여,,3,,,초음파 검사료,행위,검사료,초음파 검사료,,,기본초음파-단순초음파(Ⅱ) Simple Ultrasonography,2384
SEB411,91900,,급여 인정기준 외 실시한경우 비급여,,3,,,초음파 검사료,행위,검사료,초음파 검사료,,,진단초음파-안-안구 (양측),2385
SEB412,91900,,급여 인정기준 외 실시한경우 비급여,,3,,,초음파 검사료,행위,검사료,초음파 검사료,,,진단초음파-안-안와 Orbit(양측),2386
SEB413,91900,,급여 인정기준 외 실시한경우 비급여,,3,,,초음파 검사료,행위,검사료,초음파 검사료,,,진단초음파-안-계측 (양측),2387
SEB414,92260,,급여 인정기준 외 실시한경우 비급여,,3,,,초음파 검사료,행위,검사료,초음파 검사료,,,진단초음파-경부- 갑상선·부갑상선,2388
SEB415,92260,,급여 인정기준 외 실시한경우 비급여,,3,,,초음파 검사료,행위,검사료,초음파 검사료,,,진단초음파-경부-갑상선·부갑상선 제외한 경부,2389
SEB416,60940,,급여 인정기준 외 실시한경우 비급여,,3,,,초음파 검사료,행위,검사료,초음파 검사료,,,진단초음파-비·부비동 초음파,2390
SEB421,124340,,급여 인정기준 외 실시한경우 비급여,,3,,,초음파 검사료,행위,검사료,초음파 검사료,,,진단초음파-흉부-유방·액와부 초음파,2391
SEB422,86000,,급여 인정기준 외 실시한경우 비급여,,3,,,초음파 검사료,행위,검사료,초음파 검사료,,,진단초음파-흉부-유방·액와부 제외한 흉부 초음파,2392
SEB430,35460,,급여 인정기준 외 실시한경우 비급여,,3,,,초음파 검사료,행위,검사료,초음파 검사료,,,진단초음파-심장-(선천성심질환에검사별도산정)경흉부심초음파,2393
SEB431,112300,,급여 인정기준 외 실시한경우 비급여,,3,,,초음파 검사료,행위,검사료,초음파 검사료,,,진단초음파-심장-(단순)경흉부심초음파,2394
SEB432,177260,,급여 인정기준 외 실시한경우 비급여,,3,,,초음파 검사료,행위,검사료,초음파 검사료,,,진단초음파-심장-(일반)경흉부심초음파,2395
SEB433,258480,,급여 인정기준 외 실시한경우 비급여,,3,,,초음파 검사료,행위,검사료,초음파 검사료,,,진단초음파-심장-(전문)경흉부심초음파,2396
SEB434,307550,,급여 인정기준 외 실시한경우 비급여,,3,,,초음파 검사료,행위,검사료,초음파 검사료,,,진단초음파-심장-(약물)부하심초음파,2397
SEB435,292420,,급여 인정기준 외 실시한경우 비급여,,3,,,초음파 검사료,행위,검사료,초음파 검사료,,,진단초음파-심장-(운동)부하심초음파,2398
SEB436,388420,,급여 인정기준 외 실시한경우 비급여,,3,,,초음파 검사료,행위,검사료,초음파 검사료,,,진단초음파-심장-태아정밀 심초음파,2399
122430,120140,,본인희망으로 시행한경우 건강검진으로 비급여,,3,,,초음파 검사료,행위,검사료,초음파 검사료,,,진단초음파-복부-(일반)간·담낭·담도·비장·췌장,2400
SEB442,181820,,본인희망으로 시행한경우 건강검진으로 비급여,,3,,,초음파 검사료,행위,검사료,초음파 검사료,,,진단초음파-복부-(정밀)간·담낭·담도·비장·췌장,2401
SEB443,111740,,본인희망으로 시행한경우 건강검진으로 비급여,,3,,,초음파 검사료,행위,검사료,초음파 검사료,,,진단초음파-복부-충수 Appendix,2402
SEB444,111840,,본인희망으로 시행한경우 건강검진으로 비급여,,3,,,초음파 검사료,행위,검사료,초음파 검사료,,,진단초음파-복부-소장·대장 Small Bowel·Colon,2403
SEB445,77220,,본인희망으로 시행한경우 건강검진으로 비급여,,3,,,초음파 검사료,행위,검사료,초음파 검사료,,,진단초음파-복부-서혜부 Inguinal region,2404
SEB446,131620,,급여 인정기준 외 실시한경우 비급여,,3,,,초음파 검사료,행위,검사료,초음파 검사료,,,진단초음파-복부-직장·항문 Rectum·Anus,2405
SEB447,109680,,급여 인정기준 외 실시한경우 비급여,,3,,,초음파 검사료,행위,검사료,초음파 검사료,,,진단초음파-복부-항문초음파만 시행한 경우,2406
SEB448,98500,,급여 인정기준 외 실시한경우 비급여,,3,,,초음파 검사료,행위,검사료,초음파 검사료,,,진단초음파-비뇨기계-신장·부신·방광,2407
SEB449,89010,,본인희망으로 시행한경우 건강검진으로 비급여,,3,,,초음파 검사료,행위,검사료,초음파 검사료,,,진단초음파-비뇨기계-신장·부신,2408
SEB450,80290,,급여 인정기준 외 실시한경우 비급여,,3,,,초음파 검사료,행위,검사료,초음파 검사료,,,진단초음파-비뇨기계-방광 Bladder,2409
SEB451,115500,,급여 인정기준 외 실시한경우 비급여,,3,,,초음파 검사료,행위,검사료,초음파 검사료,,,진단초음파-남성생식기-전립선·정낭(경직장으로 실시),2410
SEB452,64220,,급여 인정기준 외 실시한경우 비급여,,3,,,초음파 검사료,행위,검사료,초음파 검사료,,,진단초음파-남성생식기-전립선·정낭(경복부로 실시),2411
SEB453,90770,,급여 인정기준 외 실시한경우 비급여,,3,,,초음파 검사료,행위,검사료,초음파 검사료,,,진단초음파-남성생식기-음경 Penis,2412
SEB45301,99840,,급여 인정기준 외 실시한경우 비급여,,3,,,초음파 검사료,행위,검사료,초음파 검사료,,,진단초음파-남성생식기-(도플러)음경 Penis,2413
SEB454,89070,,급여 인정기준 외 실시한경우 비급여,,3,,,초음파 검사료,행위,검사료,초음파 검사료,,,진단초음파-남성생식기-음낭 Scrotum,2414
SEB455,103870,,급여 인정기준 외 실시한경우 비급여,,3,,,초음파 검사료,행위,검사료,초음파 검사료,,,진단초음파-여성생식기-일반,2415
SEB456,132860,,급여 인정기준 외 실시한경우 비급여,,3,,,초음파 검사료,행위,검사료,초음파 검사료,,,진단초음파-여성생식기-자궁내생리식염수를 주입하여 검사한 경우,2416
SEB457,152210,,급여 인정기준 외 실시한경우 비급여,,3,,,초음파 검사료,행위,검사료,초음파 검사료,,,진단초음파-여성생식기-정밀,2417
SEB461,65260,,급여 인정기준 외 실시한경우 비급여,,3,,,초음파 검사료,행위,검사료,초음파 검사료,,,진단초음파-관절-손가락(편측),2418
SEB462,65260,,급여 인정기준 외 실시한경우 비급여,,3,,,초음파 검사료,행위,검사료,초음파 검사료,,,진단초음파-관절-발가락(편측)Toe,2419
SEB463,71900,,급여 인정기준 외 실시한경우 비급여,,3,,,초음파 검사료,행위,검사료,초음파 검사료,,,진단초음파-관절-주관절(편측)Elbow,2420
SEB464,71900,,급여 인정기준 외 실시한경우 비급여,,3,,,초음파 검사료,행위,검사료,초음파 검사료,,,진단초음파-관절-슬관절(편측)Knee,2421
SEB465,90050,,급여 인정기준 외 실시한경우 비급여,,3,,,초음파 검사료,행위,검사료,초음파 검사료,,,진단초음파-관절-고관절(편측)Hip,2422
SEB466,90050,,급여 인정기준 외 실시한경우 비급여,,3,,,초음파 검사료,행위,검사료,초음파 검사료,,,진단초음파-관절-견관절(편측)Shoulder,2423
SEB467,90050,,급여 인정기준 외 실시한경우 비급여,,3,,,초음파 검사료,행위,검사료,초음파 검사료,,,진단초음파-관절-손목관절(편측)Wrist,2424
SEB468,90050,,급여 인정기준 외 실시한경우 비급여,,3,,,초음파 검사료,행위,검사료,초음파 검사료,,,진단초음파-관절-발목관절(편측)Ankle,2425
SEB469,139680,,급여 인정기준 외 실시한경우 비급여,,3,,,초음파 검사료,행위,검사료,초음파 검사료,,,진단초음파-관절-류마티스성질환3부위이상관절종합,2426
SEB470,65260,,급여 인정기준 외 실시한경우 비급여,,3,,,초음파 검사료,행위,검사료,초음파 검사료,,,진단초음파-연부조직-일반,2427
SEB471,83840,,급여 인정기준 외 실시한경우 비급여,,3,,,초음파 검사료,행위,검사료,초음파 검사료,,,진단초음파-연부조직-정밀,2428
SEB481,129580,,급여 인정기준 외 실시한경우 비급여,,3,,,초음파 검사료,행위,검사료,초음파 검사료,,,진단초음파-혈관-뇌혈류,2429
SEB482,110620,,급여 인정기준 외 실시한경우 비급여,,3,,,초음파 검사료,행위,검사료,초음파 검사료,,,진단초음파-혈관-(경동맥)두개외 혈관 도플러,2430
SEB483,58060,,급여 인정기준 외 실시한경우 비급여,,3,,,초음파 검사료,행위,검사료,초음파 검사료,,,진단초음파-혈관-(기타 동맥)두개외 혈관 도플러,2431
SEB484,89120,,급여 인정기준 외 실시한경우 비급여,,3,,,초음파 검사료,행위,검사료,초음파 검사료,,,진단초음파-혈관-(상지-동맥)사지혈관 도플러 (양측),2432
SEB485,89120,,급여 인정기준 외 실시한경우 비급여,,3,,,초음파 검사료,행위,검사료,초음파 검사료,,,진단초음파-혈관-(상지-정맥)사지혈관 도플러 (양측),2433
SEB486,45890,,급여 인정기준 외 실시한경우 비급여,,3,,,초음파 검사료,행위,검사료,초음파 검사료,,,진단초음파-혈관-(동정맥루의 혈류 및 협착 측정)사지혈관 도플러,2434
SEB487,141140,,급여 인정기준 외 실시한경우 비급여,,3,,,초음파 검사료,행위,검사료,초음파 검사료,,,진단초음파-혈관-(하지-동맥)사지혈관 도플러 (양측),2435
SEB488,141140,,급여 인정기준 외 실시한경우 비급여,,3,,,초음파 검사료,행위,검사료,초음파 검사료,,,진단초음파-혈관-(하지-정맥)사지혈관 도플러 (양측),2436
SEB489,158510,,급여 인정기준 외 실시한경우 비급여,,3,,,초음파 검사료,행위,검사료,초음파 검사료,,,진단초음파-혈관-(하지 정맥류 검사를 실시)사지혈관 도플러,2437
SEB490,85970,,급여 인정기준 외 실시한경우 비급여,,3,,,초음파 검사료,행위,검사료,초음파 검사료,,,진단초음파-혈관-대동맥 도플러,2438
SEB501,198210,,급여 인정기준 외 실시한경우 비급여,,3,,,초음파 검사료,행위,검사료,초음파 검사료,,,진단초음파-신경-(만1세미만소아 경천문 뇌)중추신경계,2439
SEB502,198210,,급여 인정기준 외 실시한경우 비급여,,3,,,초음파 검사료,행위,검사료,초음파 검사료,,,진단초음파-신경-(만1세미만소아 척수)중추신경계,2440
SEB503,59120,,급여 인정기준 외 실시한경우 비급여,,3,,,초음파 검사료,행위,검사료,초음파 검사료,,,진단초음파-신경- 말초신경(편측),2441
SEB504,154210,,급여 인정기준 외 실시한경우 비급여,,3,,,초음파 검사료,행위,검사료,초음파 검사료,,,진단초음파-신경-(사지신경 종합검사)말초신경 초음파,2442
SEB511,81330,,급여 인정기준 외 실시한경우 비급여,,3,,,초음파 검사료,행위,검사료,초음파 검사료,,,진단초음파-임산부-(일반)제1삼분기,2443
SEB512,55200,,급여 인정기준 외 실시한경우 비급여,,3,,,초음파 검사료,행위,검사료,초음파 검사료,,,진단초음파-임산부-(임신여부만 확인)제1삼분기,2444
SEB513,145140,,급여 인정기준 외 실시한경우 비급여,,3,,,초음파 검사료,행위,검사료,초음파 검사료,,,진단초음파-임산부-(정밀)제1삼분기,2445
SEB514,186130,,급여 인정기준 외 실시한경우 비급여,,3,,,초음파 검사료,행위,검사료,초음파 검사료,,,진단초음파-임산부-(기형아정밀계측)제1삼분기,2446
SEB515,115140,,급여 인정기준 외 실시한경우 비급여,,3,,,초음파 검사료,행위,검사료,초음파 검사료,,,"진단초음파-임산부-(일반)제2,3삼분기",2447
SEB516,149660,,급여 인정기준 외 실시한경우 비급여,,3,,,초음파 검사료,행위,검사료,초음파 검사료,,,"진단초음파-임산부-(고위험임신)제2,3삼분기",2448
SEB517,246740,,급여 인정기준 외 실시한경우 비급여,,3,,,초음파 검사료,행위,검사료,초음파 검사료,,,"진단초음파-임산부-(정밀)제2,3삼분기",2449
SEB518,289060,,급여 인정기준 외 실시한경우 비급여,,3,,,초음파 검사료,행위,검사료,초음파 검사료,,,"진단초음파-임산부-(기형아정밀계측)제2,3삼분기",2450
SEB561,53200,,급여 인정기준 외 실시한경우 비급여,,3,,,초음파 검사료,행위,검사료,초음파 검사료,,,"유도초음파-유도초음파(Ⅰ) : 천자, 배액 시 시술부위 확인",2451
SEB562,106400,,급여 인정기준 외 실시한경우 비급여,,3,,,초음파 검사료,행위,검사료,초음파 검사료,,,"유도초음파-유도초음파(Ⅱ) : 조직생검, 새침흡인",2452
SEB563,127680,,급여 인정기준 외 실시한경우 비급여,,3,,,초음파 검사료,행위,검사료,초음파 검사료,,,유도초음파-유도초음파(Ⅲ),2453
SEB564,319180,,급여 인정기준 외 실시한경우 비급여,,3,,,초음파 검사료,행위,검사료,초음파 검사료,,,유도초음파-유도초음파(Ⅳ),2454
SEB610,35460,,급여 인정기준 외 실시한경우 비급여,,3,,,초음파 검사료,행위,검사료,초음파 검사료,,,특수초음파-심장-(선천성심질환에검사)경식도 심초음파,2455
SEB611,290960,,급여 인정기준 외 실시한경우 비급여,,3,,,초음파 검사료,행위,검사료,초음파 검사료,,,특수초음파-심장-경식도 심초음파,2456
SEB612,320060,,급여 인정기준 외 실시한경우 비급여,,3,,,초음파 검사료,행위,검사료,초음파 검사료,,,특수초음파-심장-심장내 초음파,2457
HE115,470000,,급여 인정기준 외 실시한 경우 비급여,MRI Shoulder,3,,,근골격계,행위,영상진단 및 방사선 치료료,자기공명영상진단료(MRI),,,견관절-일반,2458
HE215,470000,,조영제 별도산정/급여 인정기준 외 실시한 경우 비급여,MRI Shoulder 조영제사용,3,N,,근골격계,행위,영상진단 및 방사선 치료료,자기공명영상진단료(MRI),,,견관절-조영제 주입 전/후 촬영판독,2459
HE116,470000,,급여 인정기준 외 실시한 경우 비급여,MRI Elbow,3,,,근골격계,행위,영상진단 및 방사선 치료료,자기공명영상진단료(MRI),,,주관절-일반,2460
HE216,470000,,조영제 별도산정/급여 인정기준 외 실시한 경우 비급여,MRI Elbow 조영제사용,3,N,,근골격계,행위,영상진단 및 방사선 치료료,자기공명영상진단료(MRI),,,주관절-조영제 주입 전/후 촬영판독,2461
HE117,470000,,급여 인정기준 외 실시한 경우 비급여,MRI Wrist,3,,,근골격계,행위,영상진단 및 방사선 치료료,자기공명영상진단료(MRI),,,수관절-일반,2462
HE217,470000,,조영제 별도산정/급여 인정기준 외 실시한 경우 비급여,MRI Wrist 조영제사용,3,N,,근골격계,행위,영상진단 및 방사선 치료료,자기공명영상진단료(MRI),,,수관절-조영제 주입 전/후 촬영판독,2463
HE118,470000,,급여 인정기준 외 실시한 경우 비급여,MRI Hip,3,,,근골격계,행위,영상진단 및 방사선 치료료,자기공명영상진단료(MRI),,,고관절-일반,2464
HE218,470000,,조영제 별도산정/급여 인정기준 외 실시한 경우 비급여,MRI Hip 조영제사용,3,N,,근골격계,행위,영상진단 및 방사선 치료료,자기공명영상진단료(MRI),,,고관절-조영제 주입 전/후 촬영판독,2465
HE119,470000,,급여 인정기준 외 실시한 경우 비급여,MRI Sacrum,3,,,근골격계,행위,영상진단 및 방사선 치료료,자기공명영상진단료(MRI),,,천장골관절-일반,2466
HE219,470000,,조영제 별도산정/급여 인정기준 외 실시한 경우 비급여,MRI Sacroiliac 조영제사용,3,N,,근골격계,행위,영상진단 및 방사선 치료료,자기공명영상진단료(MRI),,,천장골관절-조영제 주입 전/후 촬영판독,2467
HE120,470000,,급여 인정기준 외 실시한 경우 비급여,MRI Knee,3,,,근골격계,행위,영상진단 및 방사선 치료료,자기공명영상진단료(MRI),,,슬관절-일반,2468
HE220,470000,,조영제 별도산정/급여 인정기준 외 실시한 경우 비급여,MRI Knee 조영제사용,3,N,,근골격계,행위,영상진단 및 방사선 치료료,자기공명영상진단료(MRI),,,슬관절-조영제 주입 전/후 촬영판독,2469
HE121,470000,,급여 인정기준 외 실시한 경우 비급여,MRI Ankle joint,3,,,근골격계,행위,영상진단 및 방사선 치료료,자기공명영상진단료(MRI),,,발목관절-일반,2470
HE221,470000,,조영제 별도산정/급여 인정기준 외 실시한 경우 비급여,MRI Ankle joint 조영제사용,3,N,,근골격계,행위,영상진단 및 방사선 치료료,자기공명영상진단료(MRI),,,발목관절-조영제 주입 전/후 촬영판독,2471
HE122,470000,,급여 인정기준 외 실시한 경우 비급여,MRI Upper extremity,3,,,근골격계,행위,영상진단 및 방사선 치료료,자기공명영상진단료(MRI),,,관절외 상지-일반,2472
HE222,470000,,조영제 별도산정/급여 인정기준 외 실시한 경우 비급여,MRI Upper extremity 조영제사용,3,N,,근골격계,행위,영상진단 및 방사선 치료료,자기공명영상진단료(MRI),,,관절외 상지-조영제 주입 전/후 촬영판독,2473
HE123,470000,,급여 인정기준 외 실시한 경우 비급여,MRI Lower extremity,3,,,근골격계,행위,영상진단 및 방사선 치료료,자기공명영상진단료(MRI),,,관절외 하지-일반,2474
HE223,470000,,조영제 별도산정/급여 인정기준 외 실시한 경우 비급여,MRI Lower extremity 조영제사용,3,N,,근골격계,행위,영상진단 및 방사선 치료료,자기공명영상진단료(MRI),,,관절외 하지-조영제 주입 전/후 촬영판독,2475
,50000,,급여 인정기준 외 실시한 경우 비급여,외부필름판독료 MRI [건당],3,,,기타,행위,영상진단 및 방사선 치료료,자기공명영상진단료(MRI),,,자기공명영상-외부필름판독,2476
RMHI10103,392330,,,3T-B-MRI　　 [테슬라3.0이상+품질관리적합],3,,,뇌,행위,영상진단 및 방사선 치료료,자기공명영상진단료(MRI),,,뇌-[테슬라3.0이상+품질관리적합],2477
RMHI20103,521670,,조영제 별도산정,MRI Brain 조영제사용- [테슬라3.0이상+품질관리적합],3,N,,뇌,행위,영상진단 및 방사선 치료료,자기공명영상진단료(MRI),,,뇌-조영제 주입 전/후 촬영판독- [테슬라3.0이상+품질관리적합],2478
RMHE103,470000,,급여 인정기준 외 실시한 경우 비급여,MRI Face,3,,,두경부,행위,영상진단 및 방사선 치료료,자기공명영상진단료(MRI),,,안면-일반,2479
HE204,470000,,조영제 별도산정/급여 인정기준 외 실시한 경우 비급여,MRI PNS 조영제사용,3,N,,두경부,행위,영상진단 및 방사선 치료료,자기공명영상진단료(MRI),,,부비동-조영제 주입 전/후 촬영판독,2480
HE205,470000,,조영제 별도산정/급여 인정기준 외 실시한 경우 비급여,MRI Orbit 조영제사용,3,N,,두경부,행위,영상진단 및 방사선 치료료,자기공명영상진단료(MRI),,,안와-조영제 주입 전/후 촬영판독,2481
HE106,470000,,급여 인정기준 외 실시한 경우 비급여,MRI Temporal bone,3,,,두경부,행위,영상진단 및 방사선 치료료,자기공명영상진단료(MRI),,,측두골-일반,2482
HE206,470000,,조영제 별도산정/급여 인정기준 외 실시한 경우 비급여,MRI Temporal bone 조영제사용 -MRI IAC(internal auditory canals),3,N,,두경부,행위,영상진단 및 방사선 치료료,자기공명영상진단료(MRI),,,측두골-조영제 주입 전/후 촬영판독,2483
HE107,470000,,급여 인정기준 외 실시한 경우 비급여,MRI TM joint,3,,,두경부,행위,영상진단 및 방사선 치료료,자기공명영상진단료(MRI),,,측두하악관절-일반,2484
HE207,470000,,조영제 별도산정/급여 인정기준 외 실시한 경우 비급여,MRI TM joint 조영제사용,3,N,,두경부,행위,영상진단 및 방사선 치료료,자기공명영상진단료(MRI),,,측두하악관절-조영제 주입 전/후 촬영판독,2485
HE108,470000,,급여 인정기준 외 실시한 경우 비급여,MRI Neck,3,,,두경부,행위,영상진단 및 방사선 치료료,자기공명영상진단료(MRI),,,경부-일반,2486
HE208,470000,,조영제 별도산정/급여 인정기준 외 실시한 경우 비급여,MRI Neck 조영제사용,3,N,,두경부,행위,영상진단 및 방사선 치료료,자기공명영상진단료(MRI),,,경부-조영제 주입 전/후 촬영판독,2487
HE127,470000,,급여 인정기준 외 실시한 경우 비급여,MRI Abdomen,3,,,복부,행위,영상진단 및 방사선 치료료,자기공명영상진단료(MRI),,,복부-일반,2488
HE227,470000,,조영제 별도산정/급여 인정기준 외 실시한 경우 비급여,MRI Abdomen 조영제사용,3,N,,복부,행위,영상진단 및 방사선 치료료,자기공명영상진단료(MRI),,,복부-조영제 주입 전/후 촬영판독,2489
HE128,470000,,급여 인정기준 외 실시한 경우 비급여,MRI Pelvis,3,,,복부,행위,영상진단 및 방사선 치료료,자기공명영상진단료(MRI),,,골반-일반,2490
HE228,470000,,조영제 별도산정/급여 인정기준 외 실시한 경우 비급여,MRI Pelvis 조영제사용 |조영제사용,3,N,,복부,행위,영상진단 및 방사선 치료료,자기공명영상진단료(MRI),,,골반-조영제 주입 전/후 촬영판독,2491
HE129,470000,,급여 인정기준 외 실시한 경우 비급여,MRI Pancreas,3,,,복부,행위,영상진단 및 방사선 치료료,자기공명영상진단료(MRI),,,췌장-일반,2492
HE229,470000,,조영제 별도산정/급여 인정기준 외 실시한 경우 비급여,MRI Pancreas 조영제사용,3,N,,복부,행위,영상진단 및 방사선 치료료,자기공명영상진단료(MRI),,,췌장-조영제 주입 전/후 촬영판독,2493
HE130,470000,,급여 인정기준 외 실시한 경우 비급여,MRI Kidney and Adrenal,3,,,복부,행위,영상진단 및 방사선 치료료,자기공명영상진단료(MRI),,,신장 및 부신-일반,2494
HE230,470000,,조영제 별도산정/급여 인정기준 외 실시한 경우 비급여,MRI Kidney and Adrenal 조영제사용,3,N,,복부,행위,영상진단 및 방사선 치료료,자기공명영상진단료(MRI),,,신장 및 부신-조영제 주입 전/후 촬영판독,2495
HE131,470000,,급여 인정기준 외 실시한 경우 비급여,MRI Penile and Scrotum,3,,,복부,행위,영상진단 및 방사선 치료료,자기공명영상진단료(MRI),,,음낭 및 음경-일반,2496
HE231,470000,,조영제 별도산정/급여 인정기준 외 실시한 경우 비급여,MRI Penile and Scrotum 조영제사용,3,N,,복부,행위,영상진단 및 방사선 치료료,자기공명영상진단료(MRI),,,음낭 및 음경-조영제 주입 전/후 촬영판독,2497
HE132,470000,,급여 인정기준 외 실시한 경우 비급여,MRI Liver,3,,,복부,행위,영상진단 및 방사선 치료료,자기공명영상진단료(MRI),,,간-일반,2498
HE232,470000,,조영제 별도산정/급여 인정기준 외 실시한 경우 비급여,MRI  Liver 조영제사용,3,N,,복부,행위,영상진단 및 방사선 치료료,자기공명영상진단료(MRI),,,간-조영제 주입 전/후 촬영판독,2499
HE133,470000,,급여 인정기준 외 실시한 경우 비급여,MR Cholangiography [MRCP],3,,,복부,행위,영상진단 및 방사선 치료료,자기공명영상진단료(MRI),,,담췌관-일반,2500
HE233,470000,,조영제 별도산정/급여 인정기준 외 실시한 경우 비급여,MRI Cholangiogram 조영제사용,3,N,,복부,행위,영상진단 및 방사선 치료료,자기공명영상진단료(MRI),,,담췌관-조영제 주입 전/후 촬영판독,2501
HE134,470000,,급여 인정기준 외 실시한 경우 비급여,MRI Prostate,3,,,복부,행위,영상진단 및 방사선 치료료,자기공명영상진단료(MRI),,,전립선-일반,2502
HE234,470000,,조영제 별도산정/급여 인정기준 외 실시한 경우 비급여,MRI Prostate 조영제사용,3,N,,복부,행위,영상진단 및 방사선 치료료,자기공명영상진단료(MRI),,,전립선-조영제 주입 전/후 촬영판독,2503
HE109,470000,,급여 인정기준 외 실시한 경우 비급여,MRI C-Spine,3,,,척추,행위,영상진단 및 방사선 치료료,자기공명영상진단료(MRI),,,경추-일반,2504
HE209,470000,,조영제 별도산정/급여 인정기준 외 실시한 경우 비급여,MRI Cervical 조영제사용,3,N,,척추,행위,영상진단 및 방사선 치료료,자기공명영상진단료(MRI),,,경추-조영제 주입 전/후 촬영판독,2505
HE110,470000,,급여 인정기준 외 실시한 경우 비급여,MRI T-Spine,3,,,척추,행위,영상진단 및 방사선 치료료,자기공명영상진단료(MRI),,,흉추-일반,2506
HE210,470000,,조영제 별도산정/급여 인정기준 외 실시한 경우 비급여,MRI Thoracic 조영제사용,3,N,,척추,행위,영상진단 및 방사선 치료료,자기공명영상진단료(MRI),,,흉추-조영제 주입 전/후 촬영판독,2507
HE111,470000,,급여 인정기준 외 실시한 경우 비급여,MRI L-Spine,3,,,척추,행위,영상진단 및 방사선 치료료,자기공명영상진단료(MRI),,,요천추-일반,2508
HE211,470000,,조영제 별도산정/급여 인정기준 외 실시한 경우 비급여,MRI Lumbosacral spine 조영제사용,3,N,,척추,행위,영상진단 및 방사선 치료료,자기공명영상진단료(MRI),,,요천추-조영제 주입 전/후 촬영판독,2509
HE112,470000,,급여 인정기준 외 실시한 경우 비급여,MRI Spine Myelogram,3,,,척추,행위,영상진단 및 방사선 치료료,자기공명영상진단료(MRI),,,척추강-일반,2510
HE212,470000,,조영제 별도산정/급여 인정기준 외 실시한 경우 비급여,MRI Myelogram 조영제사용,3,N,,척추,행위,영상진단 및 방사선 치료료,자기공명영상진단료(MRI),,,척추강-조영제 주입 전/후 촬영판독,2511
HE114,705000,,급여 인정기준 외 실시한 경우 비급여,"MRI Spine Myelogram(경추, 흉추, 요천추 동시 촬영)",3,,,척추,행위,영상진단 및 방사선 치료료,자기공명영상진단료(MRI),,,"척추강-경추, 흉추, 요천추와 동시 촬영-일반",2512
RMHF201,124850,,급여 인정기준 외 실시한 경우 비급여,MRI Brain Diffusion [기본MRI와 동시촬영],3,,,특수검사,행위,영상진단 및 방사선 치료료,자기공명영상진단료(MRI),,,확산-기본검사 동시,2513
RMHF102,345770,,조영제별도산정,MRI Perfusion [단독촬영,3,,,특수검사,행위,영상진단 및 방사선 치료료,자기공명영상진단료(MRI),,,관류 [3차원자기공명영상 포함],2514
RMHF202,190460,,,MRI Perfusion [기본MRI와 동시촬영],3,,,특수검사,행위,영상진단 및 방사선 치료료,자기공명영상진단료(MRI),,,관류 [3차원자기공명영상 포함]-기본검사 동시,2515
RMHF103,228960,,,MRI MR spectroscopy,3,,,특수검사,행위,영상진단 및 방사선 치료료,자기공명영상진단료(MRI),,,분광영상,2516
RMHF203,131260,,급여 인정기준 외 실시한 경우 비급여,MR spectroscopy [기본MRI와 동시촬영],3,,,특수검사,행위,영상진단 및 방사선 치료료,자기공명영상진단료(MRI),,,분광영상-기본검사 동시,2517
RMHF104,514270,,급여 인정기준 외 실시한 경우 비급여,MRI Cine,3,,,특수검사,행위,영상진단 및 방사선 치료료,자기공명영상진단료(MRI),,,영화 [3차원자기공명영상 포함],2518
RMHF105,400320,,급여 인정기준 외 실시한 경우 비급여(조영제 별도산정),"MRI ,Dynamic",3,,,특수검사,행위,영상진단 및 방사선 치료료,자기공명영상진단료(MRI),,,Dynamic,2519
RMHF107,591500,,급여 인정기준 외 실시한 경우 비급여,MRI Functional,3,,,특수검사,행위,영상진단 및 방사선 치료료,자기공명영상진단료(MRI),,,기능적 [3차원자기공명영상 포함],2520
RMHI13503,428330,,,3T-brain-MRA　[테슬라3.0이상+품질관리적합],3,,,혈관,행위,영상진단 및 방사선 치료료,자기공명영상진단료(MRI),,,뇌혈관-[테슬라3.0이상+품질관리적합],2521
RMHI23503,569500,,조영제 별도산정,MRI Brain Angio 조영제사용- [테슬라3.0이상+품질관리적합],3,N,,혈관,행위,영상진단 및 방사선 치료료,자기공명영상진단료(MRI),,,뇌혈관-조영제 주입 전/후 촬영판독- [테슬라3.0이상+품질관리적합],2522
RMHI13603,428330,,,3T-neck -MRA　　 [테슬라3.0이상+품질관리적합],3,,,혈관,행위,영상진단 및 방사선 치료료,자기공명영상진단료(MRI),,,경부혈관- [테슬라3.0이상+품질관리적합],2523
RMHI23603,569500,,조영제 별도산정,MRI Neck Angio 조영제사용-[테슬라3.0이상+품질관리적합],3,N,,혈관,행위,영상진단 및 방사선 치료료,자기공명영상진단료(MRI),,,경부혈관-조영제 주입 전/후 촬영판독-[테슬라3.0이상+품질관리적합],2524
HE137,470000,,급여 인정기준 외 실시한 경우 비급여,MRI Thoracic Angio,3,,,혈관,행위,영상진단 및 방사선 치료료,자기공명영상진단료(MRI),,,흉부혈관-일반,2525
HE237,470000,,조영제 별도산정/급여 인정기준 외 실시한 경우 비급여,MRI Thoracic Angio 조영제사용,3,N,,혈관,행위,영상진단 및 방사선 치료료,자기공명영상진단료(MRI),,,흉부혈관-조영제 주입 전/후 촬영판독,2526
HE138,400000,,급여 인정기준 외 실시한 경우 비급여,MRI Abdominal Angio,3,,,혈관,행위,영상진단 및 방사선 치료료,자기공명영상진단료(MRI),,,복부혈관-일반,2527
HE238,470000,,조영제 별도산정/급여 인정기준 외 실시한 경우 비급여,MRI Abdominal Angio 조영제사용,3,N,,혈관,행위,영상진단 및 방사선 치료료,자기공명영상진단료(MRI),,,복부혈관-조영제 주입 전/후 촬영판독,2528
HE139,400000,,급여 인정기준 외 실시한 경우 비급여,MRI Extremity Angio,3,,,혈관,행위,영상진단 및 방사선 치료료,자기공명영상진단료(MRI),,,사지혈관-일반,2529
HE239,400000,,조영제 별도산정/급여 인정기준 외 실시한 경우 비급여,MRI Extremity Angio 조영제사용,3,N,,혈관,행위,영상진단 및 방사선 치료료,자기공명영상진단료(MRI),,,사지혈관-조영제 주입 전/후 촬영판독,2530
HE140,400000,,급여 인정기준 외 실시한 경우 비급여,MRI Cardiovascular MRA,3,,,혈관,행위,영상진단 및 방사선 치료료,자기공명영상진단료(MRI),,,심혈관-일반,2531
HE240,470000,,조영제 별도산정/급여 인정기준 외 실시한 경우 비급여,MRI Cardiovascular MRA 조영제사용,3,N,,혈관,행위,영상진단 및 방사선 치료료,자기공명영상진단료(MRI),,,심혈관-조영제 주입 전/후 촬영판독,2532
HE124,470000,,급여 인정기준 외 실시한 경우 비급여,MRI Heart,3,,,흉부,행위,영상진단 및 방사선 치료료,자기공명영상진단료(MRI),,,심장-일반,2533
HE224,470000,,조영제 별도산정/급여 인정기준 외 실시한 경우 비급여,MRI Heart 조영제사용 |조영제사용,3,N,,흉부,행위,영상진단 및 방사선 치료료,자기공명영상진단료(MRI),,,심장-조영제 주입 전/후 촬영판독,2534
HE125,470000,,급여 인정기준 외 실시한 경우 비급여,MRI Chest,3,,,흉부,행위,영상진단 및 방사선 치료료,자기공명영상진단료(MRI),,,흉부-일반,2535
HE225,470000,,조영제 별도산정/급여 인정기준 외 실시한 경우 비급여,MRI Chest 조영제사용,3,N,,흉부,행위,영상진단 및 방사선 치료료,자기공명영상진단료(MRI),,,흉부-조영제 주입 전/후 촬영판독,2536
HE126,470000,,급여 인정기준 외 실시한 경우 비급여,MRI Breast,3,,,흉부,행위,영상진단 및 방사선 치료료,자기공명영상진단료(MRI),,,유방-일반,2537
HE226,470000,,조영제 별도산정/급여 인정기준 외 실시한 경우 비급여,MRI Breast 조영제사용,3,N,,흉부,행위,영상진단 및 방사선 치료료,자기공명영상진단료(MRI),,,유방-조영제 주입 전/후 촬영판독,2538
MZ001,,,,근육내자극요법[IMS] 한부위,3,,,물리치료료,행위,이학요법료(물리치료료),,50000,5000,FIMS(Functional Intramuscular Stimulation),2539
MX122,40000,,,도수치료 [1일당],3,,,물리치료료,행위,이학요법료(물리치료료),,,,도수치료 [1일당],2540
MY142,20000,,,증식치료 [사지관절부위],3,,,물리치료료,행위,이학요법료(물리치료료),,,,증식치료(사지관절부위),2541
MY143,30000,,,증식치료 [척추부위],3,,,물리치료료,행위,이학요법료(물리치료료),,,,증식치료(척추부위),2542
SZ083,500000,,,,3,,,근골,행위,처치 및 수술료 등,,,,추간판내고주파열치료술(IDET),2543
,1000000,,,,3,,,비뇨기,행위,처치 및 수술료 등,,,,인공 괄약근 설치술,2544
,500000,,,,3,,,비뇨기,행위,처치 및 수술료 등,,,,고환삽입술-비급여,2545
,100000,,,,3,,,비뇨기,행위,처치 및 수술료 등,,,,약물유도사정술,2546
,300000,,,,3,,,비뇨기,행위,처치 및 수술료 등,,,,음경 이물질 제거술 A,2547
,500000,,,,3,,,비뇨기,행위,처치 및 수술료 등,,,,음경 이물질 제거술 B,2548
MX033,20000,,,,3,,,비뇨기,행위,처치 및 수술료 등,,,,자기장 치료(골반통 전립선통 성교통),2549
MX033,30000,,,,3,,,비뇨기,행위,처치 및 수술료 등,,,,자기장 치료 (요실금),2550
,1000000,,,,3,,,비뇨기,행위,처치 및 수술료 등,,,,음경보형물 삽입술 A(굽은형 보형물),2551
,5000,,,,3,,,비뇨기,행위,처치 및 수술료 등,,,,음경주사 Test-비급여,2552
,500000,,,,3,,,비뇨기,행위,처치 및 수술료 등,,,,정관복원술(오십만)-비급여,2553
,200000,,,,3,,,비뇨기,행위,처치 및 수술료 등,,,,정관절제술 [결찰술],2554
,100000,,,,3,,,비뇨기,행위,처치 및 수술료 등,,,,포경수술(배면절개) 비급여,2555
,150000,,,,3,,,비뇨기,행위,처치 및 수술료 등,,,,포경수술(환상절개) 비급여,2556
HZGS00100A,800000,,"재료대별도,　양측-1,300,000원",,3,,,순환기,행위,처치 및 수술료 등,,,,하지정맥류 고주파정맥내막폐쇄술 [편측],2557
SZ634,500000,,재료비용 별도,,3,,,신경,행위,처치 및 수술료 등,,,,경피적 경막외강 신경성형술,2558
,300000,,,,3,,,"여성 생식기, 임신과 분만",행위,처치 및 수술료 등,,,,(비급여) 난관 결찰술,2559
,90000,,,,3,,,"여성 생식기, 임신과 분만",행위,처치 및 수술료 등,,,,(비급여) 미레나 삽입술,2560
,50000,,,,3,,,"여성 생식기, 임신과 분만",행위,처치 및 수술료 등,,,,소음순절제술(성형목적),2561
,30000,,,,3,,,"여성 생식기, 임신과 분만",행위,처치 및 수술료 등,,,,자궁내장치 [IUD]  재료대 별도산정,2562
,1000000,,,,3,,,"여성 생식기, 임신과 분만",행위,처치 및 수술료 등,,,,질 및 회음부 성형술 [대] 비급여,2563
,800000,,,,3,,,"여성 생식기, 임신과 분만",행위,처치 및 수술료 등,,,,질 및 회음부 성형술 [중],2564
,500000,,,,3,,,"여성 생식기, 임신과 분만",행위,처치 및 수술료 등,,,,질 및 회음부 성형술 [소],2565
EZ776,50000,,,,3,,,"외피,근골기능검사",행위,처치 및 수술료 등,,,,적외선체열진단(두부및부비동),2566
EZ776,50000,,,,3,,,"외피,근골기능검사",행위,처치 및 수술료 등,,,,적외선체열진단(악관절),2567
EZ776,50000,,,,3,,,"외피,근골기능검사",행위,처치 및 수술료 등,,,,적외선체열진단(경추및상지),2568
EZ776,50000,,,,3,,,"외피,근골기능검사",행위,처치 및 수술료 등,,,,적외선체열진단(요천추및하지),2569
EZ776,50000,,,,3,,,"외피,근골기능검사",행위,처치 및 수술료 등,,,,적외선체열진단(흉추),2570
EZ776,50000,,,,3,,,"외피,근골기능검사",행위,처치 및 수술료 등,,,,적외선체열진단(유방),2571
EZ776,50000,,,,3,,,"외피,근골기능검사",행위,처치 및 수술료 등,,,,"적외선체열진단(비뇨기과,생식기)",2572
EZ776,50000,,,,3,,,"외피,근골기능검사",행위,처치 및 수술료 등,,,,적외선체열진단(복부),2573
EZ776,50000,,,,3,,,"외피,근골기능검사",행위,처치 및 수술료 등,,,,적외선체열진단(기타),2574
EZ776,100000,,,,3,,,"외피,근골기능검사",행위,처치 및 수술료 등,,,,적외선체열진단(전신),2575
,10000,,,,3,,,피부 및 연부조직,행위,처치 및 수술료 등,,,,"기미,주근깨,점 제거술[중]-Size 0.3cm",2576
,5000,,,,3,,,피부 및 연부조직,행위,처치 및 수술료 등,,,,"기미,주근깨,점 제거술[소]-Size 0.2cm 이하",2577
,300000,,,,3,,,피부 및 연부조직,행위,처치 및 수술료 등,,,,IPL (얼굴전체) - 비급여,2578
,200000,,,,3,,,피부 및 연부조직,행위,처치 및 수술료 등,,,,IPL (이마제외 얼굴전체) - 비급여,2579
,100000,,,,3,,,피부 및 연부조직,행위,처치 및 수술료 등,,,,IPL (코주변만) - 비급여,2580
,150000,,,,3,,,피부 및 연부조직,행위,처치 및 수술료 등,,,,IPL (겨드랑이 양측-제모) - 비급여,2581
,100000,,,,3,,,피부 및 연부조직,행위,처치 및 수술료 등,,,,IPL(코밑수염제모-여자)1 회째 ,2582
,50000,,,,3,,,피부 및 연부조직,행위,처치 및 수술료 등,,,,IPL(코밑수염제모-여자) 2회째,2583
,50000,,,,3,,,피부 및 연부조직,행위,처치 및 수술료 등,,,,IPL(코밑수염제모-여자) 3회째,2584
,300000,,,,3,,,피부 및 연부조직,행위,처치 및 수술료 등,,,,IPL (허벅지 양측-제모) - 비급여,2585
,100000,,,,3,,,피부 및 연부조직,행위,처치 및 수술료 등,,,,박피술 [화학]  [대],2586
,50000,,,,3,,,피부 및 연부조직,행위,처치 및 수술료 등,,,,박피술 [화학]  [중],2587
,30000,,,,3,,,피부 및 연부조직,행위,처치 및 수술료 등,,,,박피술 [화학]  [소],2588
,20000,,,,3,,,피부 및 연부조직,행위,처치 및 수술료 등,,,,Bleomycin 병변내 주입(대)-비급여,2589
,10000,,,,3,,,피부 및 연부조직,행위,처치 및 수술료 등,,,,Bleomycin 병변내 주입(소)-비급여,2590
,10000,,,,3,,,피부 및 연부조직,행위,처치 및 수술료 등,,,,사마귀제거 [대]사마귀 3개 이상인 경우 산정,2591
,5000,,,,3,,,피부 및 연부조직,행위,처치 및 수술료 등,,,,사마귀제거 [대]사마귀 3개 미만인 경우 산정,2592
,10000,,,,3,,,피부 및 연부조직,행위,처치 및 수술료 등,,,,여드름 치료(대),2593
,5000,,,,3,,,피부 및 연부조직,행위,처치 및 수술료 등,,,,여드름 치료(중),2594
,3000,,,,3,,,피부 및 연부조직,행위,처치 및 수술료 등,,,,여드름 치료(소),2595
,20000,,,,3,,,피부 및 연부조직,행위,처치 및 수술료 등,,,,메조테라피 (mesotherapy) 1회당,2596
,100000,,,,3,,,피부 및 연부조직,행위,처치 및 수술료 등,,,,"피부전기소작,냉동술(대)",2597
,50000,,,,3,,,피부 및 연부조직,행위,처치 및 수술료 등,,,,"피부전기소작,냉동술(중)",2598
,30000,,,,3,,,피부 및 연부조직,행위,처치 및 수술료 등,,,,"피부전기소작,냉동술(소)",2599
665100070,22820,,,,3,,,,약제,,,,,압노바비스쿰에프20mg주사액,2600
650001940,40000,,,,3,Y,,예방접종-A형간염(소아용),약제,,,,,하브릭스주 0.5ml ,2601
641105710,0,,원외처방,,3,,,,약제,,,,,레비트라구강붕해정10mg,2602
642506310,0,,원외처방,,3,,,,약제,,,,,자이데나정50mg,2603
644703730,0,,원외처방,,3,,,,약제,,,,,엠빅스에스구강붕해필름50mg,2604
644913320,0,,원외처방,,3,,,,약제,,,,,제피드정100mg,2605
644913330,0,,원외처방,,3,,,,약제,,,,,제피드정200mg,2606
646901090,0,,원외처방,,3,,,,약제,,,,,프릴리지정30mg,2607
646901100,0,,원외처방,,3,,,,약제,,,,,프릴리지정60mg,2608
652602860,39854,,,,3,,,,약제,,,,,이소바이드액,2609
670800500,0,,원외처방,,3,,,,약제,,,,,시알리스정5mg,2610
642503030,0,,원외처방,,3,,,,약제,,,,,자이데나 200mg(동아),2611
642503020,0,,원외처방,,3,,,,약제,,,,,자이데나 100mg(동아),2612
641100030,0,,원외처방,,3,,,,약제,,,,,레비트라정 10mg(바이엘코리아),2613
641100040,0,,원외처방,,3,,,,약제,,,,,레비트라정 20mg(바이엘코리아),2614
670800100,0,,원외처방,,3,,,,약제,,,,,시알리스 10mg(한국릴리),2615
648900400,0,,원외처방,,3,,,,약제,,,,,비아그라정 100mg(화이자),2616
641100050,0,,원외처방,,3,,,,약제,,,,,레비트라정 5mg(바이엘코리아),2617
648900390,0,,원외처방,,3,,,,약제,,,,,비아그라정 50mg(화이자),2618
645000380,0,,원외처방,,3,,,,약제,,,,,제니칼,2619
670800110,,,원외처방,,3,,,,약제,,,,,시알리스정  20mg/Tab     한국릴리,2620
644200190,0,,원외처방,,3,,,,약제,,,,,리덕틸캅셀10mg(한국애보트),2621
644200200,0,,원외처방,,3,,,,약제,,,,,리덕틸캅셀15mg(한국애보트),2622
644701810,0,,원외처방,,3,,,,약제,,,,,엠빅스정 100mg(SK케미칼),2623
644701820,0,,원외처방,,3,,,,약제,,,,,엠빅스정 50mg(SK케미칼),2624
667200040,0,,원외처방,,3,,,,약제,,,,,싸이트로핀에이카트리지주 30IU,2625
648900910,0,,원외처방,,3,,,,약제,,,,,Varenicline 0.5mg(한국화이자)-금연,2626
648900920,0,,원외처방,,3,,,,약제,,,,,Varenicline 1mg(한국화이자)-금연,2627
670606490,0,,원외처방,,3,,,,약제,,,,,네노마정 15mg,2628
641100600,85222,,,,3,Y,Y,,약제,,,,,미레나,2629
681800010,1512,,,,3,,,,약제,,,,,박티그라,2630
621400210,92579,,,,3,,,,약제,,,,,SonoVue inj(소노뷰주),2631
642100700,12,,,,3,,,,약제,,,,,삐콤정(유한양행),2632
642201580,7,,,,3,,,,약제,,,,,에세푸릴현탁액,2633
642202290,70,,,,3,,,,약제,,,,,파자임95 이중정(부광),2634
642502030,21,,,,3,,,,약제,,,,,베스타제 당의정(동아),2635
642503030,2640,,,,3,,,,약제,,,,,자이데나 200mg(동아),2636
643501140,266,,,,3,,,,약제,,,,,복합써스펜좌약,2637
643601020,89,,,,3,,,,약제,,,,,마이드린캅셀(녹십자),2638
643601400,1200,,,,3,,,,약제,,,,,유락신연고 50g,2639
643601900,32762,,,,3,Y,,예방접종-B형간염,약제,,,,,헤파빅 200IU(1cc)(녹십자),2640
643603700,35000,,,,3,Y,,예방접종-인플루엔자,약제,,,,,플루미스트인트라나잘스프레이/독감예방,2641
643900900,17,,,,3,,,,약제,,,,,액티피드정 60mg(삼일),2642
645300990,23,,,,3,,,,약제,,,,,스파몬정/Tab (한림제약),2643
648901020,10687,,,,3,,,,약제,,,,,Coverject 20mcg(파마시아앤업죤),2644
649802480,1425,,,,3,,,,약제,,,,,에스젠질크림,2645
650101100,5000,,,,3,,,,약제,,,,,콜크린액 90ml(태준제약)-건강검진용,2646
655800160,40000,,,,3,Y,,예방접종-A형간염,약제,,,,,이팍살베르나프리필드시린지12IU-A형간염,2647
657200750,21,,,,3,,,,약제,,,,,환인키누프릴정 2.5mg(환인제약),2648
657400590,7,,,,3,,,,약제,,,,,백색바세린 (성광),2649
659600290,4560,,,,3,,,,약제,,,,,예나스테론주 250mg(제이텍바이오젠),2650
670602610,15202,,,,3,,,,약제,,,,,하이알라제주(히알우로니다제),2651
643507040,1467,,,,3,,,,약제,,,,,구구정20mg,2652
674900100,7470,,,,3,,,,약제,,,,,아젤리아크림 -30g,2653
684900040,23382,,,,3,,,,약제,,,,,파이브로베인주1%,2654
-,8,,,,3,,,,약제,,,,,칼라민로션(성광제약),2655
653801170,0,,원외처방,,3,,,,약제,,,,,Bisacodyl 5mg (신일),2656
668900910,18000,,,,3,Y,,예방접종-B형간염,약제,,,,,유박스-B주10mcg/0.5ml,2657
670500090,20000,,,,3,Y,,예방접종-사백신 일본뇌염,약제,,,,,일본뇌염사백신주1ML,2658
655500270,26000,,,,3,Y,,"예방접종-홍역,볼거리,풍진",약제,,,,,"MMR2(홍역,볼거리,풍진)예방접종-MMR",2659
644701660,30000,,,,3,Y,,예방접종-TD(만10세이상),약제,,,,,에스케이티디백신주(프리필드),2660
676800020,31900,,,,3,,,,약제,,,,,트롬보젝주 3%,2661
650002730,47000,,,,3,Y,,예방접종-DTaP ＆ Imovax혼합,약제,,,,,인판릭스-DTap-IPV,2662
686500010,60000,,,,3,Y,,,약제,,,,,경피용비씨지백신(한국백신),2663
655800050,70000,,,,3,Y,,예방접종-A형간염,약제,,,,,이팍살베르나프리필드시린지24IU-A형간염,2664
655500030,100000,,,,3,Y,,,약제,,,,,로타텍,2665
653602320,150000,,,,3,Y,,예방접종-수막구균,약제,,,,,멘비오--수막구균예방백신,2666
646500900,100000,,,,3,Y,,예방접종-폐렴구균,약제,,,,,프리베나13주 0.5ml(사노피파스퇴르)폐렴-소아용,2667
655500020,170000,,,,3,Y,,예방접종-자궁경부예방접종,약제,,,,,가다실--자궁경부예방접종,2668
655500900,190000,,,,3,Y,,예방접종-대상포진,약제,,,,,조스타박스주,2669
,330000,,660000050 외 3종,,3,,,,약제,,,,,노보-헬리젠 데포(초기용)-4vial/1box,2670
,360000,,660000130 외 3종,,3,,,,약제,,,,,노보-헬리젠 데포(유지용)--4vial/1box,2671
-,3,,,,3,,,,약제,,,,,농글리세린,2672
668900920,23000,,,,3,Y,,예방접종-B형간염,약제,,,,,헤파박스진TF 1ml,2673
650400010,29000,,,,3,Y,,예방접종-수두생백신,약제,,,,,바리-엘백신주,2674
666700010,35000,,,,3,Y,,예방접종-일본뇌염 생백신,약제,,,,,씨디.제박스주,2675
684100070,352400,,,,3,,,,약제,,,,,F-18-FP-CIT (동위원소)-5mci,2676
659600130,8715,,,,3,,,,약제,,,,,메칠렌블루 주사1%(제이텍),2677
665900110,40000,,,,3,Y,,"예방접종-백일해,디프테리아,파상풍",약제,,,,,아다셀주(한독)-Tdap,2678
668901890,41000,,,,3,Y,,예방접종-b형헤모필루스인플루엔자,약제,,,,,유히브주,2679
665900120,47000,,,,3,Y,,예방접종-DTaP ＆ Imovax혼합,약제,,,,,테트락심-DTaP-IPV,2680
670500570,30250,,,,3,,,예방접종-일본뇌염백신-사백신,약제,,,,,세포배양일본뇌염백신0.4ml-사백신,2681
670500530,36500,,,,3,Y,,예방접종-일본뇌염백신-사백신,약제,,,,,보령세포배양일본뇌염백신주0.7ml,2682
659900050,347,,,,3,,,,약제,,,,,로와콜연질캅셀,2683
650003030,30000,,,,3,Y,,예방접종-인플루엔자,약제,,,,,플루아릭스테트라프리필드시린지-4가,2684
644206370,708,,,,3,,,,약제,,,,,하이드라섹산30mg,2685
644206380,514,,,,3,,,,약제,,,,,하이드라섹산10mg,2686
646601400,233386,,,,3,,,,약제,,,,,플로실 헤모스태틱 매트리스,2687
,352000,,20180801가격변동,,3,,,알러지 & 면역관련 약물,약제,,,,,티로신에스(초기용),2688
,352000,,20180801가격변동,,3,,,알러지 & 면역관련 약물,약제,,,,,티로신에스(유지용),2689
648902270,100000,,,,3,Y,,예방접종-폐렴구균,약제,,,,,프리베나13주(성인용)폐렴,2690
646901810,735,,,,3,,,,약제,,,,,레졸로정 1mg,2691
654802040,12910,,,,3,,,,약제,,,,,액상하이랙스주1ml,2692
AQA00101,6000,,20180101,국민연금장해진단서,3,,,,제증명수수료,,,,,국민연금장애심사용 진단서,2693
AQA00200,36530,,20180101,노인장기요양보험 의사소견서,3,,,,제증명수수료,,,,,소견서(노인장기요양보험),2694
AQA00201,18920,,,방문간호지시서,3,,,,제증명수수료,,,,,방문간호지시서,2695
AQA00202,51350,,20180101,노인장기요양보험(5등급예상 치매진단)의사소견서,3,,,,제증명수수료,,,,,소견서(노인장기요양보험),2696
AQA00301,20000,,20180101,병무용진단서,3,,,,제증명수수료,,,,,병무용진단서,2697
AQA00400,10000,,,보장구검진소견서,3,,,,제증명수수료,,,,,보장구검진소견서,2698
AQA00501,10000,,20180101,사망진단서,3,,,,제증명수수료,,,,,사망진단서,2699
AQA00701,2000,,20180101,사산(사태)증명서,3,,,,제증명수수료,,,,,사산(사태)증명서,2700
AQA00801,30000,,20180101,사체검안서,3,,,,제증명수수료,,,,,사체검안서,2701
AQA00802,1000,,의료법 시행규칙 제10조 [서식6],사체검안서(재발행),3,,,,제증명수수료,,,,,시체검안서,2702
AQA00901,20000,,20180101,사체부검료,3,,,,제증명수수료,,,,,사체부검료,2703
AQA01001,50000,,20180101,상해 진단서<3주미만> (1부),3,,,,제증명수수료,,,,,상해 진단서(3주미만),2704
AQA01003,100000,,20180101,상해 진단서<3주이상> (1부),3,,,,제증명수수료,,,,,상해 진단서(3주이상),2705
AQA01101,10000,,20180101,성별감정서,3,,,,제증명수수료,,,,,성별감정서,2706
AQA01200,150000,,,신체감정료(과목당),3,,,,제증명수수료,,,,,신체감정료(과목당),2707
AQA01301,15000,,20180101,장애진단서(신체적 장애),3,,,신체적장애,제증명수수료,,,,,장애진단서(신체적 장애),2708
AQA01304,40000,,20180101,장애진단서(정신적 장애),3,,,정신적장애,제증명수수료,,,,,장애진단서(정신적 장애),2709
AQA01401,20000,,20180101,연령감정서,3,,,,제증명수수료,,,,,연령감정서,2710
AQA01402,150000,,20180101,연령감정서 치과용,3,,,,제증명수수료,,,,,연령감정서 치과용,2711
AQA01403,3000,,20180101,"입,퇴원확인서",3,,,,제증명수수료,,,,,입퇴원확인서,2712
AQA01501,10000,,20180101,일반소견서(보험회사 제출용),3,,,,제증명수수료,,,,,일반소견서(보험회사 제출용),2713
AQA01503,15000,,20180101,영문일반소견서(보험회사 제출용),3,,,,제증명수수료,,,,,영문일반소견서(보험회사 제출용),2714
AQA01601,10000,,20180101,일반진단서,3,,,,제증명수수료,,,,,일반진단서,2715
AQA01901,1000,,20170921~ 20000원에서 1000원으로 변경,장애인증명서,3,,,,제증명수수료,,,,,장애인증명서,2716
AQA02001,100000,,20180101,장애진단서,3,,,후유장애,제증명수수료,,,,,장애진단서,2717
AQA02101,100000,,20180101,정신감정서,3,,,,제증명수수료,,,,,정신감정서,2718
AQA02201,15000,,20180101,영문 등 외국어 일반진단서,3,,,,제증명수수료,,,,,영문 등 외국어 일반진단서,2719
AQA02301,50000,,20180101,진료비추정서<천만원미만> (1부),3,,,,제증명수수료,,,,,향후 진료비추정서(천만원미만),2720
AQA02303,100000,,20180101,진료비추정서<천만원이상> (1부),3,,,,제증명수수료,,,,,향후 진료비추정서(천만원이상),2721
AQA02401,3000,,,진료확인서,3,,,,제증명수수료,,,,,진료확인서,2722
AQA02501,3000,,20180101,출생증명서,3,,,,제증명수수료,,,,,출생증명서,2723
AQA02503,4500,,20180101,"출생증명서,영문 등 외국어 [퇴원후,1부]",3,,,,제증명수수료,,,,,영문 등 외국어 출생증명서,2724
AQA02601,1000,,20180101,통원확인서,3,,,,제증명수수료,,,,,통원확인서[병명 미기재],2725
AQA02801,10000,,20180101,근로능력평가용진단서(1부),3,,,,제증명수수료,,,,,근로능력평가용진단서(1부),2726
AQA03001,10000,,20180101,수술확인서 [1부],3,,,,제증명수수료,,,,,수술확인서 [1부],2727
AQB00101,1000,,20180101,"진료기록사본(기본5부, 매당)",3,,,,제증명수수료,,,,,"진료기록사본(기본5부, 매당)",2728
AQB00102,100,,20170921~ 200원에서 100원으로 변경,진료기록사본(기본5부초과 매당),3,,,,제증명수수료,,,,,"진료기록사본(6매이상, 매당)",2729
AQF00101,5000,,20180101,PACS영상 CD Copy(매당),3,,,,제증명수수료,,,,,진료기록영상(CD)-PACS영상(COPY),2730
AQF00201,5000,,20180101,내시경 PACS영상 CD Copy [매당],3,,,,제증명수수료,,,,,진료기록영상(CD)-내시경PACS영상(COPY),2731
AQF00401,5000,,20180101,심혈관 PACS 영상비용 CD Copy [매당],3,,,,제증명수수료,,,,,진료기록영상(CD)-심혈관PACS영상(COPY),2732
AQF00501,5000,,20180101,핵의학PACS영상 CD Copy(매당),3,,,,제증명수수료,,,,,진료기록영상(CD)-핵의학PACS영상(COPY),2733
AQF00701,5000,,1장당,영상의학과/PACS영상 Film Copy(매당),3,,,,제증명수수료,,,,,영상의학과/PACS영상 Film Copy(매당),2734
AQF00801,5000,,1장당,핵의학PACS영상 Film Copy(매당),3,,,,제증명수수료,,,,,핵의학PACS영상 Film Copy(매당),2735
BZ00001,19690,,,환의 상하 한벌 (귀가용),3,,,,제증명수수료,,,,,환의 상하 한벌 (귀가용),2736
WZ00200,1000,,,"보호자식대(공기밥, 1개)",3,,,식대,행위,기타,,,,"보호자식대(공기밥, 1개)",2737
BM2001JQ,,,"7.5*10cm,10*18cm,5*7.5cm",,3,,,상처고정용및보호용,치료재료,,,17600,5280,Mepitel 5*7.5cm,2738
BM1304WW,4700,,,,3,,,의약품 주입여과기,치료재료,,,,,SAFELOCK FILTER LINE SET,2739
BJ4801ZO,703278,,,,3,,,경막외강 신경박리술용,치료재료,,,,,NAVICATH STEERABLE CATHETER,2740
BJ4502JT,1419830,,,,3,,,레볼루션 카테터,치료재료,,,,,REVOLUTION　IVUS,2741
BK3024BN,67000,,,,3,,,CHEST BOTTLE,치료재료,,,,,PLEUR-EVAC CHEST DRAINAGE SYSTEM S-1100 SERIES,2742
BL3001BQ,334,,,,3,,,OSTOMY용 ACCESSORY,치료재료,,,,,CONVACARE PROTECTIVE BARRIER WIPES,2743
BJ4802IU,703278,,,,3,,,경막외강 신경박리술 및 감압 신경성형술용,치료재료,,,,,BIOVISION,2744
BJ4804XU,700000,,,,3,,,경막외강 신경박리술 및 감압 신경성형술용,치료재료,,,,,BIOVISION,2745
BJ4801RA,489832,,,,3,,,경막외강 신경박리술용,치료재료,,,,,ST REED,2746
BI0601AD,399604,,,,3,,,고주파 설근부 축소술용,치료재료,,,,,COBLATION REFLEX ULTRA WAND,2747
BJ4301DU,880000,,,,3,,,고주파 정맥내막폐쇄요법용,치료재료,,,,,VNUS CLOSURE FAST,2748
BTS01019,,,"10*20 , 15*25mm",,3,,,동종진피(IMPLANT용),치료재료,,,109461,89559,MEGADERM,2749
BC1301PE,132000,,,,3,,,발톱고정용 재료,치료재료,,,,,K-D CLAMP,2750
BJ1001BL,3520,,,,3,,,배액관 고정용판,치료재료,,,,,DRAIN KEEPER,2751
BJ1009GA,1950,,,,3,,,배액관 고정용판,치료재료,,,,,MULTIFIX L-1,2752
BJ1001XV,8600,,,,3,,,배액관 고정용판,치료재료,,,,,SPIDER FX EMBOLIC PROTECTION DEVICE,2753
BM5003EM,,,"R1541 ,R1547",,3,,,"불투명.투명멸균드레싱 재료(단순, 건조드레싱류)",치료재료,,,1600,900,STERI STRIP REINFORCED SKIN CLOSURER1541,2754
BM5008JK,1220,,,,3,,,"불투명.투명멸균드레싱 재료(단순, 건조드레싱류)",치료재료,,,,,엘라반멸균반창고,2755
BM5101LX,4635,,,,3,,,"불투명.투명멸균드레싱 재료(단순, 건조드레싱류)",치료재료,,,,,Soft Cloth Tape 1m (10/1가격),2756
BK7005AR,18630,,,,3,,,압박고정용 (탄력반창고),치료재료,,,,,ELATEX,2757
BJ5001OQ,550000,,,,3,,,이물제거용,치료재료,,,,,GUNTHER TULIP FILTER RETRIEVAL SET,2758
BC0101AT,,,"1CC,2.5CC,0.5CC",,3,,,인체조직유래 2차 가공뼈,치료재료,,,846000,278000,DBX PUTTY,2759
BC0102QT,,,"1CC,2.5CC",,3,,,인체조직유래 2차 가공뼈,치료재료,,,810000,363000,BONGENER,2760
BC0202IE,,,Dynagraft II Putty 종류차이,,3,,,인체조직유래 2차 가공뼈,치료재료,,,810000,363000,DYNAGRAFT Ⅱ,2761
BK7101EA,1700,,,,3,,,자착성(탄력)붕대,치료재료,,,,,3M COBAN SELF-ADHERENT WRAP,2762
BK7101IK,13950,,,,3,,,자착성(탄력)붕대,치료재료,,,,,CEB IDEAL COHESIVE,2763
BJ4802BP,70000,,,,3,,,지속적 대퇴신경차단술(CONTINUOUS FEMORAL NERVE BLOCK),치료재료,,,,,CONTIPLEX TUOHY SET,2764
BJ4831BP,70000,,,,3,,,지속적 사각근간 상박신경총 통증자가조절법(어깨 및 상완골 수술),치료재료,,,,,CONTIPLEX TUOHY SET,2765
BB3001BP,45000,,,,3,,,창상봉합용 액상접착제,치료재료,,,,,HISTOACRYL 1050060,2766
BM2201IE,,,"(standard,forte)",,3,,,창상피복제,치료재료,,,128040,85360,NASOPORE,2767
BF0101AY,640000,,,,3,,,척추경막외 유착방지제,치료재료,,,,,ADCON-GEL,2768
BF0001DB,4300000,,,,3,,,척추고정용,치료재료,,,,,DISCOCERV,2769
BF0001KV,4170000,,,,3,,,척추고정용,치료재료,,,,,MOBI-C WITH PLUG & FIT,2770
BF0002GZ,3479633,,,,3,,,척추고정용,치료재료,,,,,MOBI-C,2771
BF0004AT,4169455,,,,3,,,척추고정용,치료재료,,,,,PRODISC-C,2772
BF0201SH,1597688,,,,3,,,척추극독기간 고정용,치료재료,,,,,YES DISC-Lumbar,2773
BF0202SH,1597688,,,,3,,,척추극돌기간 고정용,치료재료,,,,,YES DISC-cervical,2774
BF0402AW,2680010,,,,3,,,척추극돌기간고정용,치료재료,,,,,DIAM,2775
BF0201GT,1600000,,,,3,,,추간판내 고주파 열치료술,치료재료,,,,,양극성 겸자(CVG101),2776
BJ7001EW,24874,,,,3,,,혈관 중재적 시술후 지혈용,치료재료,,,,,NONPNEUMATIC TOURNIQUET,2777
BJ7001LQ,90000,,,,3,,,혈관 중재적 시술후 지혈용,치료재료,,,,,QUIKCLOT INTERVENTIONAL HEMOSTATIC BANDAGE,2778
BJ4504JT,1419830,,,,3,,,혈관내영상카테타,치료재료,,,,,85900P EAGLE EYE PLATINUM DIGITAL IVUS CATHETER,2779
BJ6090BM,580000,,,,3,,,혈관중재적시술용,치료재료,,,,,GUIDEZILLA GUIDE EXTENSION CATHETER(씨엔테크),2780
,667,,,,3,,,기타,치료재료,,,,,Arm Sling,2781
,8510,,,"L.M,XL",3,,,기타,치료재료,,,,,Crutch,2782
,1366,,,,3,,,기타,치료재료,,,,,Bed Pan (대변기),2783
,1170,,,,3,,,기타,치료재료,,,,,Urine Bottle(소변기),2784
,,,,,3,,,기타,치료재료,,,10745,9536,환의 상하 한벌 (귀가용),2785
,9004,,,,3,,,기타,치료재료,,,,,홋이불(씨트),2786
,1252,,,"대,중,소",3,,,기타,치료재료,,,1252,1171,Cast Shoes,2787
,3221,,,,3,,,기타,치료재료,,,,,Velpo Band,2788
,2087,,,"대,중,소",3,,,기타,치료재료,,,2087,1950,Soft Collar Brace,2789
BM5001HP,22000,,,,3,,,건조 드레싱류,치료재료,,,,,제로이드인텐시브크림 80ml,2790
BM5002HP,26400,,,,3,,,건조 드레싱류,치료재료,,,,,제로이드인텐시브로션 200ml,2791
BK7111DQ,,,"4cm,6cm,8cm,10cm.,12cm",,3,,,자착성(탄력)붕대,치료재료,,,25500,5000,Peha-Haft (Latex Free) 4cm*20m,2792
,1500000,,,,3,,,치과임플란트,치료재료,,,,,Novel Guide(FinishedSurgicalTemplat,2793
,200000,,,,3,,,치과임플란트,치료재료,,,,,"Implant, abutment change, A, Mat",2794
,400000,,,,3,,,치과임플란트,치료재료,,,,,"Implant, abutment change, B, Mat",2795
,200000,,,,3,,,치과임플란트,치료재료,,,,,"Implant, Magnetic change, Mat",2796
,100000,,,,3,,,치과임플란트,치료재료,,,,,"Implant, Cr. Remake fee, A, Mat",2797
,10000,,,,3,,,치과임플란트,치료재료,,,,,"Overdenture clip change, Mat",2798
,100000,,,,3,,,치과임플란트,치료재료,,,,,Pressure Injection Resin System,2799
,20000,,,,3,,,치과임플란트,치료재료,,,,,"Hard resin, ant. Teeth, Mat",2800
,50000,,,,3,,,치과임플란트,치료재료,,,,,"Implant, UCLA screw change, Mat",2801
,30000,,,,3,,,치과임플란트,치료재료,,,,,"Hard resin, post. Teeth, Mat",2802
,1000000,,,,3,,,치과임플란트,치료재료,,,,,Novel Guide(FinishedSurgicalTemplate1-4Implants),2803
,150000,,,,3,,,치과임플란트,치료재료,,,,,"R.D, Magnetic change, Mat",2804
,20000,,,,3,,,치과임플란트,치료재료,,,,,"Overdenture O-ring change, Mat",2805
,200000,,,,3,,,치과임플란트,치료재료,,,,,"Implant, Cr. Remake fee, B, Mat",2806
,100000,,,,3,,,치과임플란트,치료재료,,,,,Konus Telescopic Milling fee,2807
,30000,,,,3,,,치과임플란트,치료재료,,,,,"Implant, coping screw change, Mat",2808
,150000,,,,3,,,치과임플란트,치료재료,,,,,"R.D, Attachment Change, Mat",2809
,21902,,,,3,,,치과임플란트,치료재료,,,,,colla-tape,2810
,16735,,,,3,,,치과임플란트,치료재료,,,,,본탁스크류 10s,2811
L7501035,57274,,,,3,,,치과임플란트,치료재료,,,,,EXFEEL External Fixture( 고정체),2812
L7553020,92390,,,,3,,,치과임플란트,치료재료,,,,,ANGLED ABUTMENT(EZ/ME) 지대주,2813
L7552039,42749,,,,3,,,치과임플란트,치료재료,,,,,EZ POST (RE) 지대주,2814
L7501037,57274,,,,3,,,치과임플란트,치료재료,,,,,Ez plus　internal fixture(EZ) ( 고정체),2815
L7501040,57274,,,,3,,,치과임플란트,치료재료,,,,,RESUME  External Fixture( 고정체),2816
L7503001,145522,,,,3,,,치과임플란트,치료재료,,,,,"S-CLEAN(CLEAN,ONEQ)-HA",2817
L7552029,34262,,,,3,,,치과임플란트,치료재료,,,,,Cemented Abutment(지대주),2818
L7553013,47286,,,,3,,,치과임플란트,치료재료,,,,,Augulated Abutment(지대주),2819
L7553001,150327,,,,3,,,치과임플란트,치료재료,,,,,S-CLEAN(CLEAN ONE Q)-HA고정체(덴티스),2820
L7502010,74202,,,,3,,,치과임플란트,치료재료,,,,,ONEQ REGULAR(SUB)-SLA 고정체(덴티스),2821
L7552029,34262,,,,3,,,치과임플란트,치료재료,,,,,"Cemented Abutment(int, Ext, Sub)지대주(덴티스)",2822
L7553013,47286,,,,3,,,치과임플란트,치료재료,,,,,"Angnlated Abutment(int, Ext, Sub)지대주(덴티스)",2823
L7501035,57274,,,,3,,,치과임플란트,치료재료,,,,,Exfeel External Fixture고정체(메가젠),2824
L7501037,57274,,,,3,,,치과임플란트,치료재료,,,,,Ez plus　Fixture고정체(메가젠),2825
L7501040,57274,,,,3,,,치과임플란트,치료재료,,,,,Rescue  Fixture고정체(메가젠),2826
L7553021,49548,,,,3,,,치과임플란트,치료재료,,,,,Angled Abutment지대주(메가젠),2827
L7552035,42749,,,,3,,,치과임플란트,치료재료,,,,,"Ez post(Exfeel,external)지대주(메가젠)",2828
L7552040,41085,,,,3,,,치과임플란트,치료재료,,,,,"Ez post(Ezplusl,internal)지대주(메가젠)",2829
L7552039,42749,,,,3,,,치과임플란트,치료재료,,,,,Ez post cemented type지대주(메가젠),2830
L7502019,77995,,,,3,,,치과임플란트,치료재료,,,,,AnyOne internal Fixture,2831
L7502018,77995,,,,3,,,치과임플란트,치료재료,,,,,AnyOne internal Fixture,2832
L7552038,42753,,,,3,,,치과임플란트,치료재료,,,,,AnyOne EZ-Post,2833
L7553024,51378,,,,3,,,치과임플란트,치료재료,,,,,AnyOne Angled Abutment,2834
,142392,,,,3,,,치과임플란트,치료재료,,,,,Tapered Screw - Vent Tutoplast pericadium 15X15,2835
,180363,,,,3,,,치과임플란트,치료재료,,,,,Tapered Screw - Vent Tutoplast pericadium 20X30,2836
,118690,,,,3,,,치과임플란트,치료재료,,,,,Tapered Screw - Vent Tutoplast spongiosa microchip 0.5CC,2837
,213641,,,,3,,,치과임플란트,치료재료,,,,,Tapered Screw - Vent Tutoplast spongiosa microchip 1.0CC,2838
,109461,,,,3,,,치과임플란트,치료재료,,,,,Mega-Derm 15*25mm,2839
,89559,,,,3,,,치과임플란트,치료재료,,,,,Mega-Derm 10*20 mm,2840
L7401221,113300,,,,3,,,치과임플란트,치료재료,,,,,Bio-oss 0.5g,2841
L7401055,,," 0.2ml , 1.0ml",,3,,,치과임플란트,치료재료,,,76060,60000,Endobon Xenograft 0.5ml,2842
L7414221,195700,,,,3,,,치과임플란트,치료재료,,,,,Bio-Gide 25*25,2843
L7414220,161450,,,,3,,,치과임플란트,치료재료,,,,,Bio-Gide 13*25,2844
L7401220,73854,,,,3,,,치과임플란트,치료재료,,,,,Bio-oss 0.25g,2845
BL702017,,,"15*20MM, 20*30MM",,3,,,치과임플란트,치료재료,,,205949,163766,OSSEOGUARD MEMBRANE 15*20MM,2846
,660000,,,,3,,,보형물,치료재료,,,,,TESTICULAR IMPLANT ,2847
L8001001,44000,,,,3,,,월경조절술,기타,,,,,Nova-T(노바티),2848
CZ214,28831,2015-12-09 17:43:31,위탁검사,,2,,,내분비검사,행위,검사료,,,,"항뮬러관호르몬[불임,폐경]",2849
SZ083,500000,2015-12-09 17:55:50,치료재료 별도산정,추가,2,N,N,근골,행위,처치 및 수술료 등,,,,추간판내 고주파 열치료술,2850
SZ084,50000,2015-12-09 17:56:37,,추가,2,,,근골,행위,처치 및 수술료 등,,,,체외충격파치료[근골격계질환],2851
R3562,522290,2015-12-09 17:57:58,급여 인정기준 외 실시한 인조테이프 이용 요실금수술은 비급여/치료재료 별도산정,추가,2,,N,비뇨기,행위,처치 및 수술료 등,,,,요실금수술-개복에 의한 수술,2852
R3563,244030,2015-12-09 17:58:47,급여 인정기준 외 실시한 인조테이프 이용 요실금수술은 비급여/치료재료 별도산정,추가,2,,N,비뇨기,행위,처치 및 수술료 등,,,,요실금수술-인공물질 또는 자가지방주입,2853
R3564,380930,2015-12-09 17:59:28,급여 인정기준 외 실시한 인조테이프 이용 요실금수술은 비급여/치료재료 별도산정,추가,2,,N,비뇨기,행위,처치 및 수술료 등,,,,요실금수술-질강을 통한 수술-자가근막을 이용한 경우[근막채취료포함],2854
R3565,256750,2015-12-09 18:00:00,급여 인정기준 외 실시한 인조테이프 이용 요실금수술은 비급여/치료재료 별도산정,추가,2,,N,비뇨기,행위,처치 및 수술료 등,,,,요실금수술-질강을 통한 수술-기타의 경우,2855
BF0701BP,919949,2015-12-09 18:02:21,,추가,2,,,흡수성 PLATE 고정용 SCREW,치료재료,,,,,INION S-1 PLATE 해당수술시 1EA 산정,2856
BF0801BP,319985,2015-12-09 18:03:10,,추가,2,,,흡수성 PLATE 고정용 SCREW,치료재료,,,,,INION S-1 SCREW 해당수술시 1EA 산정,2857
BB3202DI,,2015-12-09 18:06:11,,8cm/16cm,2,,,피부봉합용 봉합기,치료재료,,,178200,151050,ZIPLINE SURGICAL SKIN CLOSURE,2858
BJ1001XV,22500,2015-12-09 18:06:48,,,2,,,배액관 고정용판,치료재료,,,,,Tube fix 수술당 1개 사용,2859
EZ776,100000,2015-12-22 12:26:54,,전신,2,,,"외피, 근골기능검사",행위,검사료,,,,체온열검사:적외선체열진단(전신),2860
EZ776,50000,2015-12-22 12:27:54,,"부분,기타",2,,,"외피, 근골기능검사",행위,검사료,,,,체온열검사:적외선체열진단(기타 부분),2861
,,2015-12-22 13:45:11,연조직(30만원)/ 경조직(50만원),,2,,,치아질환 처치,행위,치과 처치 및 수술료,,500000,300000,"임플란트 2차 수술, 복잡",2862
PDZ07,100000,2015-12-22 13:54:20,,후유장애진단서,2,,,,제증명수수료,,,,,장애진단서,2863
BC7005BW,2400000,2016-01-14 17:31:47,,,2,,,두개골 고정용 IMPLANTS,치료재료,,,,,MEDPORE CRANIAL PRODUCTS,2864
668901890,41000,2016-01-14 17:39:08,,,2,,,,약제,,,,,악티브주(사노피파스퇴르주식회사)-예방접종,2865
670500530,36030,2016-01-14 17:42:18,,,2,,,,약제,,,,,세포배양일본뇌염백신주 0.7ml(녹십자)-예방접종,2866
CZ394,25000,,,LZ00900,5,,,감염증 기타 검사,행위,검사료,,,,인플루엔자 A·B 바이러스항원검사 [현장검사],2867
HZOS00100,500000,,,,5,,,근골,행위,처치 및 수술료 등,,,,추간판내고주파열응고술(Nucleoplasty),2868
HZOS00200,500000,,,,5,,,근골,행위,처치 및 수술료 등,,,,추간판내고주파열치료술(IDET),2869
HE142,450000,,급여 인정기준 외 실시한 경우 비급여,,5,,,근골격계,행위,영상진단 및 방사선 치료료,자기공명영상진단료(MRI),,,관절조영 자기공명영상진단,2870
HE115,450000,,급여 인정기준 외 실시한 경우 비급여,,5,,,근골격계,행위,영상진단 및 방사선 치료료,자기공명영상진단료(MRI),,,견관절-일반,2871
HE116,450000,,급여 인정기준 외 실시한 경우 비급여,,5,,,근골격계,행위,영상진단 및 방사선 치료료,자기공명영상진단료(MRI),,,주관절-일반,2872
HE216,450000,,조영제 별도산정 급여 인정기준 외 실시한 경우 비급여,,5,N,,근골격계,행위,영상진단 및 방사선 치료료,자기공명영상진단료(MRI),,,주관절-조영제 주입 전/후 촬영판독,2873
HE117,450000,,급여 인정기준 외 실시한 경우 비급여,,5,,,근골격계,행위,영상진단 및 방사선 치료료,자기공명영상진단료(MRI),,,수관절-일반,2874
HE217,450000,,조영제 별도산정 급여 인정기준 외 실시한 경우 비급여,,5,N,,근골격계,행위,영상진단 및 방사선 치료료,자기공명영상진단료(MRI),,,수관절-조영제 주입 전/후 촬영판독,2875
HE118,450000,,급여 인정기준 외 실시한 경우 비급여,,5,,,근골격계,행위,영상진단 및 방사선 치료료,자기공명영상진단료(MRI),,,고관절-일반,2876
HE119,450000,,급여 인정기준 외 실시한 경우 비급여,,5,,,근골격계,행위,영상진단 및 방사선 치료료,자기공명영상진단료(MRI),,,천장골관절-일반,2877
HE218,450000,,조영제 별도산정 급여 인정기준 외 실시한 경우 비급여,,5,N,,근골격계,행위,영상진단 및 방사선 치료료,자기공명영상진단료(MRI),,,고관절-조영제 주입 전/후 촬영판독,2878
HE219,450000,,조영제 별도산정 급여 인정기준 외 실시한 경우 비급여,,5,N,,근골격계,행위,영상진단 및 방사선 치료료,자기공명영상진단료(MRI),,,천장골관절-조영제 주입 전/후 촬영판독,2879
HE120,450000,,급여 인정기준 외 실시한 경우 비급여,,5,,,근골격계,행위,영상진단 및 방사선 치료료,자기공명영상진단료(MRI),,,슬관절-일반,2880
HE220,450000,,조영제 별도산정 급여 인정기준 외 실시한 경우 비급여,,5,N,,근골격계,행위,영상진단 및 방사선 치료료,자기공명영상진단료(MRI),,,슬관절-조영제 주입 전/후 촬영판독,2881
HE121,450000,,급여 인정기준 외 실시한 경우 비급여,,5,,,근골격계,행위,영상진단 및 방사선 치료료,자기공명영상진단료(MRI),,,발목관절-일반,2882
HE221,450000,,조영제 별도산정 급여 인정기준 외 실시한 경우 비급여,,5,N,,근골격계,행위,영상진단 및 방사선 치료료,자기공명영상진단료(MRI),,,발목관절-조영제 주입 전/후 촬영판독,2883
HE122,450000,,급여 인정기준 외 실시한 경우 비급여,,5,,,근골격계,행위,영상진단 및 방사선 치료료,자기공명영상진단료(MRI),,,관절외 상지-일반,2884
HE222,450000,,조영제 별도산정 급여 인정기준 외 실시한 경우 비급여,,5,N,,근골격계,행위,영상진단 및 방사선 치료료,자기공명영상진단료(MRI),,,관절외 상지-조영제 주입 전/후 촬영판독,2885
HE123,450000,,급여 인정기준 외 실시한 경우 비급여,,5,,,근골격계,행위,영상진단 및 방사선 치료료,자기공명영상진단료(MRI),,,관절외 하지-일반,2886
HE223,450000,,조영제 별도산정 급여 인정기준 외 실시한 경우 비급여,,5,N,,근골격계,행위,영상진단 및 방사선 치료료,자기공명영상진단료(MRI),,,관절외 하지-조영제 주입 전/후 촬영판독,2887
HE215,450000,,조영제 별도산정 급여 인정기준 외 실시한 경우 비급여,,5,N,,근골격계,행위,영상진단 및 방사선 치료료,자기공명영상진단료(MRI),,,견관절-조영제 주입 전/후 촬영판독,2888
HZOG01100,100000,,,,5,,,기타,행위,처치 및 수술료 등,,,,충수절제술 비급여(Incidental Appendectomy),2889
,50000,,급여 인정기준 외 실시한 경우 비급여,,5,,,기타,행위,영상진단 및 방사선 치료료,자기공명영상진단료(MRI),,,자기공명영상-외부필름판독,2890
SZ04600,8000,,,,5,,,기타검사,행위,기타,,,,소변임신반응검사,2891
SZ04800,10000,,,,5,,,기타검사,행위,기타,,,,자궁암 조기검진(질세포진검사)(비급여),2892
SJ09000,12000,,,,5,,,기타검사,행위,기타,,,,MMPI(직원채용신검),2893
SZ09800,30000,,,,5,,,기타검사,행위,기타,,,,흡인음경팽창도측정(비급여),2894
SZ03100,50000,,,,5,,,기타검사,행위,기타,,,,약물주입발기측정(비급여),2895
SZ00800,100000,,,,5,,,기타검사,행위,기타,,,,구해면체 반사지연검사(비급여-BCRL Test),2896
SZ02500,100000,,,,5,,,기타검사,행위,기타,,,,시청각자극발기측정(비급여),2897
SZ02900,100000,,,,5,,,기타검사,행위,기타,,,,야간음경발기력측정(비급여),2898
CZ212,30077,,,,5,,,내분비검사,행위,검사료,,,,PAPP-A 검사,2899
SZ05300,15000,,,,5,,,내분비검사,행위,기타,,,,(정밀)체성분 분석검사,2900
CZ214,22266,,,LWCZ214,5,,,내분비검사,행위,검사료,,,,"항뮬러관호르몬[불임,폐경]",2901
CZ206,42590,,,,5,,,내분비검사,행위,검사료,,,,프로인슐린,2902
HI101,392270,,급여 인정기준 외 실시한 경우 비급여,,5,,,뇌,행위,영상진단 및 방사선 치료료,자기공명영상진단료(MRI),,,뇌-일반 (테슬라 3.0이상+품질관리적합),2903
HI201,521610,,조영제 별도산정 급여 인정기준 외 실시한 경우 비급여,,5,N,,뇌,행위,영상진단 및 방사선 치료료,자기공명영상진단료(MRI),,,뇌-조영제 주입 전/후 촬영판독 (테슬라 3.0이상+품질관리적합),2904
HI103,426300,,급여 인정기준 외 실시한 경우 비급여,,5,,,두경부,행위,영상진단 및 방사선 치료료,자기공명영상진단료(MRI),,,안면-일반 (테슬라 3.0이상+품질관리적합),2905
HI104,426300,,급여 인정기준 외 실시한 경우 비급여,,5,,,두경부,행위,영상진단 및 방사선 치료료,자기공명영상진단료(MRI),,,부비동-일반 (테슬라3.0이상+품질관리적합),2906
HI108,426300,,급여 인정기준 외 실시한 경우 비급여,,5,,,두경부,행위,영상진단 및 방사선 치료료,자기공명영상진단료(MRI),,,경부-일반 (테슬라 3.0이상+품질관리적합),2907
HI203,601559,,조영제 별도산정 급여 인정기준 외 실시한 경우 비급여,,5,Y,,두경부,행위,영상진단 및 방사선 치료료,자기공명영상진단료(MRI),,,안면-조영제 주입 전/후 촬영판독 (테슬라 3.0이상+품질관리적합),2908
HI105,426300,,급여 인정기준 외 실시한 경우 비급여,,5,N,N,두경부,행위,영상진단 및 방사선 치료료,자기공명영상진단료(MRI),,,안와-일반 (테슬라 3.0이상+품질관리적합),2909
HI106,426300,,급여 인정기준 외 실시한 경우 비급여,,5,,,두경부,행위,영상진단 및 방사선 치료료,자기공명영상진단료(MRI),,,측두골-일반 (테슬라 3.0이상+품질관리적합),2910
HI204,601559,,조영제 별도산정 급여 인정기준 외 실시한 경우 비급여,,5,Y,,두경부,행위,영상진단 및 방사선 치료료,자기공명영상진단료(MRI),,,부비동-조영제 주입 전/후 촬영판독 (테슬라3.0이상+품질관리적합),2911
HI205,601559,,조영제 별도산정 급여 인정기준 외 실시한 경우 비급여,,5,Y,,두경부,행위,영상진단 및 방사선 치료료,자기공명영상진단료(MRI),,,안와-조영제 주입 전/후 촬영판독 (테슬라 3.0이상+픔질관리적합),2912
HI206,601559,,조영제 별도산정 급여 인정기준 외 실시한 경우 비급여,,5,Y,,두경부,행위,영상진단 및 방사선 치료료,자기공명영상진단료(MRI),,,측두골-조영제 주입 전/후 촬영판독 (테슬라 3.0이상+품질관리적합),2913
HI107,426300,,급여 인정기준 외 실시한 경우 비급여,,5,,,두경부,행위,영상진단 및 방사선 치료료,자기공명영상진단료(MRI),,,측두하악관절-일반 (테슬라 3.0이상+품질관리적합),2914
HI207,601559,,조영제 별도산정 급여 인정기준 외 실시한 경우 비급여,,5,Y,,두경부,행위,영상진단 및 방사선 치료료,자기공명영상진단료(MRI),,,측두하악관절-조영제 주입 전/후 촬영판독 (테슬라 3.0이상+품질관리적합),2915
HI208,601599,,조영제 별도산정 급여 인정기준 외 실시한 경우 비급여,,5,Y,,두경부,행위,영상진단 및 방사선 치료료,자기공명영상진단료(MRI),,,경부-조영제 주입 전/후 촬영판독 (테슬라 3.0이상+품질관리적합),2916
HE127,450000,,급여 인정기준 외 실시한 경우 비급여,,5,,,복부,행위,영상진단 및 방사선 치료료,자기공명영상진단료(MRI),,,복부-일반,2917
HE130,450000,,급여 인정기준 외 실시한 경우 비급여,,5,,,복부,행위,영상진단 및 방사선 치료료,자기공명영상진단료(MRI),,,신장 및 부신-일반,2918
HE227,450000,,조영제 별도산정 급여 인정기준 외 실시한 경우 비급여,,5,N,,복부,행위,영상진단 및 방사선 치료료,자기공명영상진단료(MRI),,,복부-조영제 주입 전/후 촬영판독,2919
HE230,450000,,조영제 별도산정 급여 인정기준 외 실시한 경우 비급여,,5,N,,복부,행위,영상진단 및 방사선 치료료,자기공명영상진단료(MRI),,,신장 및 부신-조영제 주입 전/후 촬영판독,2920
HE134,450000,,급여 인정기준 외 실시한 경우 비급여,,5,,,복부,행위,영상진단 및 방사선 치료료,자기공명영상진단료(MRI),,,전립선-일반,2921
HE232,450000,,조영제 별도산정 급여 인정기준 외 실시한 경우 비급여,,5,N,,복부,행위,영상진단 및 방사선 치료료,자기공명영상진단료(MRI),,,간-조영제 주입 전/후 촬영판독,2922
HE132,450000,,급여 인정기준 외 실시한 경우 비급여,,5,,,복부,행위,영상진단 및 방사선 치료료,자기공명영상진단료(MRI),,,간-일반,2923
HE128,450000,,급여 인정기준 외 실시한 경우 비급여,,5,,,복부,행위,영상진단 및 방사선 치료료,자기공명영상진단료(MRI),,,골반-일반,2924
HE228,450000,,조영제 별도산정 급여 인정기준 외 실시한 경우 비급여,,5,N,,복부,행위,영상진단 및 방사선 치료료,자기공명영상진단료(MRI),,,골반-조영제 주입 전/후 촬영판독,2925
HE129,450000,,급여 인정기준 외 실시한 경우 비급여,,5,,,복부,행위,영상진단 및 방사선 치료료,자기공명영상진단료(MRI),,,췌장-일반,2926
HE229,450000,,조영제 별도산정 급여 인정기준 외 실시한 경우 비급여,,5,N,,복부,행위,영상진단 및 방사선 치료료,자기공명영상진단료(MRI),,,췌장-조영제 주입 전/후 촬영판독,2927
HE131,450000,,급여 인정기준 외 실시한 경우 비급여,,5,,,복부,행위,영상진단 및 방사선 치료료,자기공명영상진단료(MRI),,,음낭 및 음경-일반,2928
HE231,450000,,조영제 별도산정 급여 인정기준 외 실시한 경우 비급여,,5,N,,복부,행위,영상진단 및 방사선 치료료,자기공명영상진단료(MRI),,,음낭 및 음경-조영제 주입 전/후 촬영판독,2929
HE133,450000,,급여 인정기준 외 실시한 경우 비급여,,5,,,복부,행위,영상진단 및 방사선 치료료,자기공명영상진단료(MRI),,,담췌관-일반,2930
HE234,450000,,급여 인정기준 외 실시한 경우 비급여,,5,N,,복부,행위,영상진단 및 방사선 치료료,자기공명영상진단료(MRI),,,전립선-조영제 주입 전/후 촬영판독,2931
HE233,450000,,조영제 별도산정 급여 인정기준 외 실시한 경우 비급여,,5,N,,복부,행위,영상진단 및 방사선 치료료,자기공명영상진단료(MRI),,,담췌관-조영제 주입 전/후 촬영판독,2932
C6095,44742,,,,5,,,분자병리검사,행위,검사료,,,,기타검사-실시간역전사중합효소연쇄반응법-인플루엔자바이러스 A,2933
CZ818,19984,,,,5,,,분자병리검사,행위,검사료,,,,"유전자 돌연변이검사[기타 검사]-유전자명별-JAK2 유전자, V617F 돌연변이[대립유전자특이중합효소연쇄반응법]",2934
C5956,32820,,급여 인정기준 외 실시한 경우 비급여,,5,,,분자병리검사,행위,검사료,,,,중합효소연쇄반응-HPV(인유두종바이러스),2935
C5959,55150,,급여 인정기준 외 실시한 경우 비급여,,5,,,분자병리검사,행위,검사료,,,,인유두종바이러스 유전자형 검사[DNA Microarray 법],2936
HZUR00900,5000,,,,5,,,비뇨기,행위,주사료,,,,음경주사 Test-비급여,2937
HZUR00100,20000,,,,5,,,비뇨기,행위,처치 및 수술료 등,,,,3MIX(Papa+Regi+Car20ug),2938
HZUR01800,150000,,,,5,,,비뇨기,행위,처치 및 수술료 등,,,,포경수술(배면절개) 비급여,2939
HZUR01300,200000,,,,5,,,비뇨기,행위,처치 및 수술료 등,,,,정관절제술 [결찰술],2940
HZUR01801,200000,,,,5,,,비뇨기,행위,처치 및 수술료 등,,,,포경수술(환상절개) 비급여,2941
HZUR00602,400000,,,,5,,,비뇨기,행위,처치 및 수술료 등,,,,음경바셀린종제거술 [소],2942
HZUR00200,500000,,,,5,,,비뇨기,행위,처치 및 수술료 등,,,,고환삽입술-비급여,2943
HZUR00501,500000,,,,5,,,비뇨기,행위,처치 및 수술료 등,,,,음경 이물질 제거술 A,2944
HZUR01200,500000,,,,5,,,비뇨기,행위,처치 및 수술료 등,,,,정관복원술(오십만)-비급여,2945
HZUR01400,500000,,,,5,,,비뇨기,행위,처치 및 수술료 등,,,,조루증 수술(오십만)-비급여,2946
HZUR01701,600000,,,,5,,,비뇨기,행위,처치 및 수술료 등,,,,파라핀 제거술 A(침범범위가 proximal 인 경우 산정,2947
HZUR00601,700000,,,,5,,,비뇨기,행위,처치 및 수술료 등,,,,음경바셀린종제거술 [대],2948
HZUR00502,800000,,,,5,,,비뇨기,행위,처치 및 수술료 등,,,,음경 이물질 제거술 B,2949
HZUR00700,800000,,,,5,,,비뇨기,행위,처치 및 수술료 등,,,,음경보형물 교정술,2950
HZUR01500,900000,,,,5,,,비뇨기,행위,처치 및 수술료 등,,,,조루증 수술-음경배부신경차단술(구십만)-비급여,2951
HZUR00300,1000000,,,,5,,,비뇨기,행위,처치 및 수술료 등,,,,굴곡음경교정 수술(백만)-비급여,2952
HZUR00503,1000000,,,,5,,,비뇨기,행위,처치 및 수술료 등,,,,음경 이물질 제거술 C(flap 또는 graft를 한 경우에,2953
HZUR00801,1000000,,,,5,,,비뇨기,행위,처치 및 수술료 등,,,,음경보형물 삽입술 A(굽은형 보형물),2954
HZUR01702,1000000,,,,5,,,비뇨기,행위,처치 및 수술료 등,,,,파라핀 제거술 B(침범범위가 1/2 인 경우에 산정,2955
HZUR00802,1500000,,,,5,,,비뇨기,행위,처치 및 수술료 등,,,,음경보형물 삽입술 B(팽창형(2-piece)인 경우에 산정,2956
HZUR01703,1500000,,,,5,,,비뇨기,행위,처치 및 수술료 등,,,,파라핀 제거술 C(침범범위가 total 인 경우에 산정,2957
HZUR00803,2000000,,,,5,,,비뇨기,행위,처치 및 수술료 등,,,,음경보형물 삽입술 C(팽창형(3-piece)인 경우에 산정,2958
HZUR01001,2000000,,,,5,,,비뇨기,행위,처치 및 수술료 등,,,,음경확대술(이백만)-비급여,2959
A2Z00102(02~01),,,,1인실,5,,,상급병실료 차액,행위,기본진료료,,156980,131810,1인실,2960
A2Z00101(02~01),,,,특실,5,,,상급병실료 차액,행위,기본진료료,,236980,211810,특실,2961
HZNS00700,300000,,,,5,,,수술료,행위,처치 및 수술료 등,,,,풍선확장 기능을 포함한 경막외강 내 유착부위 박리시술,2962
OZ304,1000000,,,,5,,,순환기,행위,처치 및 수술료 등,,,,레이저정맥폐쇄술〔유도료 포함〕,2963
SZ634,500000,,,,5,,,신경,행위,처치 및 수술료 등,,,,경피적 경막외강 신경성형술,2964
FZ055,13000,,(별표)신경인지 기능검사 반영,신경인지기능검사-감각운동협응검사-각종손잡이검사,5,,,신경계기능검사,행위,검사료,,,,신경인지기능검사-감각운동협응검사-손잡이검사,2965
FZ024,15000,,(별표)신경인지 기능검사 반영,신경인지기능검사-각성도 및 주의력검사-CNT-선로잇기검사(Trail Making),5,,,신경계기능검사,행위,검사료,,,,신경인지기능검사-각성도 및 주의력검사-기호잇기검사,2966
FZ025,15000,,,,5,,,신경계기능검사,행위,검사료,,,,신경인지기능검사-각성도 및 주의력검사-숫자-기호바꾸기검사,2967
FZ040,15000,,(별표)신경인지 기능검사 반영,신경인지기능검사-언어능력검사-어휘력 검사,5,,,신경계기능검사,행위,검사료,,,,신경인지기능검사-언어능력검사-단어 유창성검사,2968
FZ063,18000,,(별표)신경인지 기능검사 반영,신경인지기능검사-전두엽 및 고위인지기능검사-비엔나 system-보속성검사(PERSEV),5,,,신경계기능검사,행위,검사료,,,,신경인지기능검사-전두엽 및 고위인지기능검사-보속성검사,2969
FZ064,18000,,,,5,,,신경계기능검사,행위,검사료,,,,신경인지기능검사-전두엽 및 고위인지기능검사-실행증검사,2970
FZ039,20000,,(별표)신경인지 기능검사 반영,신경인지기능검사-언어능력검사-Listening & Reading Comprehension,5,,,신경계기능검사,행위,검사료,,,,신경인지기능검사-언어능력검사-성인 진단적 이해력검사,2971
FZ045,20000,,(별표)신경인지 기능검사 반영,신경인지기능검사-지각 및 시공간능력검사-손가락이름대기검사(Finger Naming Test),5,,,신경계기능검사,행위,검사료,,,,신경인지기능검사-지각 및 시공간능력검사-좌-우 구분검사,2972
FZ045,20000,,(별표)신경인지 기능검사 반영,신경인지기능검사-지각 및 시공간능력검사-신체부위가리키기검사,5,,,신경계기능검사,행위,검사료,,,,신경인지기능검사-지각 및 시공간능력검사-좌-우 구분검사,2973
FZ046,20000,,(별표)신경인지 기능검사 반영,신경인지기능검사-지각 및 시공간능력검사-시계그리기,5,,,신경계기능검사,행위,검사료,,,,신경인지기능검사-지각 및 시공간능력검사-구성능력검사,2974
FZ046,20000,,(별표)신경인지 기능검사 반영,신경인지기능검사-지각 및 시공간능력검사-토막짜기,5,,,신경계기능검사,행위,검사료,,,,신경인지기능검사-지각 및 시공간능력검사-구성능력검사,2975
FZ060,20000,,(별표)신경인지 기능검사 반영,신경인지기능검사-전두엽 및 고위인지기능검사-CNT-단어색채검사(Word-Color Test),5,,,신경계기능검사,행위,검사료,,,,신경인지기능검사-전두엽 및 고위인지기능검사-스트룹검사,2976
FZ057,22675,,,,5,,,신경계기능검사,행위,검사료,,,,신경인지기능검사-전두엽 및 고위인지기능검사-카테고리검사,2977
FZ051,22750,,(별표)신경인지 기능검사 반영,신경인지기능검사-지각 및 시공간능력검사보고그리기검사[시각],5,,,신경계기능검사,행위,검사료,,,,신경인지기능검사-지각 및 시공간능력검사-인식력검사[시각],2978
FZ021,25000,,(별표)신경인지 기능검사 반영,신경인지기능검사-각성도 및 주의력검사-비엔나 system-경계심검사(VIGIL) [시각],5,,,신경계기능검사,행위,검사료,,,,신경인지기능검사-각성도 및 주의력검사-경계력검사 [시각],2979
FZ022,25000,,(별표)신경인지 기능검사 반영,신경인지기능검사-각성도 및 주의력검사-글자듣기에 의한 주의력검사 등 [청각],5,,,신경계기능검사,행위,검사료,,,,신경인지기능검사-각성도 및 주의력검사-경계력검사[청각],2980
FZ023,25000,,,,5,,,신경계기능검사,행위,검사료,,,,신경인지기능검사-각성도 및 주의력검사-무시증후군검사,2981
FZ031,25000,,(별표)신경인지 기능검사 반영,신경인지기능검사-기억력검사-공간기억력검사(Visual Retention test) [시각],5,,,신경계기능검사,행위,검사료,,,,신경인지기능검사-기억력검사-단기기억력검사[시각],2982
FZ032,25000,,(별표)신경인지 기능검사 반영,신경인지기능검사-기억력검사-숫자대기검사 [청각],5,,,신경계기능검사,행위,검사료,,,,신경인지기능검사-기억력검사-단기기억력검사[청각],2983
FZ032,25000,,(별표)신경인지 기능검사 반영,신경인지기능검사-기억력검사-Sentence Repetiotion [청각],5,,,신경계기능검사,행위,검사료,,,,신경인지기능검사-기억력검사-단기기억력검사[청각],2984
FZ032,25000,,(별표)신경인지 기능검사 반영,신경인지기능검사-기억력검사-언어기억력검사(Verbal Memory Test) [청각],5,,,신경계기능검사,행위,검사료,,,,신경인지기능검사-기억력검사-단기기억력검사[청각],2985
FZ032,25000,,(별표)신경인지 기능검사 반영,신경인지기능검사-기억력검사-CNT-숫자따라말하기검사(Digit Span) [청각],5,,,신경계기능검사,행위,검사료,,,,신경인지기능검사-기억력검사-단기기억력검사[청각],2986
FZ033,25000,,(별표)신경인지 기능검사 반영,신경인지기능검사-기억력검사-Ray(Auditory) Verbal Learning Test,5,,,신경계기능검사,행위,검사료,,,,신경인지기능검사-기억력검사-캘리포니아 언어학습검사,2987
FZ033,25000,,(별표)신경인지 기능검사 반영,신경인지기능검사-기억력검사-단어항목학습(List Learning),5,,,신경계기능검사,행위,검사료,,,,신경인지기능검사-기억력검사-캘리포니아 언어학습검사,2988
FZ033,25000,,(별표)신경인지 기능검사 반영,신경인지기능검사-기억력검사-단어항목회상(List Recall),5,,,신경계기능검사,행위,검사료,,,,신경인지기능검사-기억력검사-캘리포니아 언어학습검사,2989
FZ033,25000,,(별표)신경인지 기능검사 반영,신경인지기능검사-기억력검사-CNT-언어기억검사(Verbal Learning),5,,,신경계기능검사,행위,검사료,,,,신경인지기능검사-기억력검사-캘리포니아 언어학습검사,2990
FZ056,25000,,(별표)신경인지 기능검사 반영,신경인지기능검사-전두엽 및 고위인지기능검사-추상적 사고력검사,5,,,신경계기능검사,행위,검사료,,,,신경인지기능검사-전두엽 및 고위인지기능검사-논리적 사고력검사,2991
FZ011,30000,,(별표)신경인지 기능검사 반영,신경인지기능검사-각성도 및 주의력검사-연속수행과제검사 [시각],5,,,신경계기능검사,행위,검사료,,,,신경인지기능검사-각성도 및 주의력검사-연속수행력검사 [시각],2992
FZ012,30000,,(별표)신경인지 기능검사 반영,신경인지기능검사-각성도 및 주의력검사-TOVA [청각],5,,,신경계기능검사,행위,검사료,,,,신경인지기능검사-각성도 및 주의력검사-연속수행력검사 [청각],2993
FZ036,30000,,,,5,,,신경계기능검사,행위,검사료,,,,신경인지기능검사-기억력검사-자서전적 기억평가면접,2994
FZ041,30000,,(별표)신경인지 기능검사 반영,신경인지기능검사-언어능력검사-Peabody 어휘선별검사,5,,,신경계기능검사,행위,검사료,,,,신경인지기능검사-언어능력검사-보스톤 사물이름대기검사,2995
FZ044,30000,,,,5,,,신경계기능검사,행위,검사료,,,,신경인지기능검사-지각 및 시공간능력검사-레이 복합도형검사,2996
FZ034,35000,,,,5,,,신경계기능검사,행위,검사료,,,,신경인지기능검사-기억력검사-홉킨스 언어학습검사,2997
FY705,35000,,,,5,,,신경계기능검사,행위,검사료,,,,증상 및 행동 평가 척도(불안척도)-신경증불안평가,2998
FY713,35000,,,,5,,,신경계기능검사,행위,검사료,,,,증상 및 행동 평가 척도(우울척도)-신경증우울평가,2999
FZ037,45363,,(별표)신경인지 기능검사 반영,신경인지기능검사-기억력검사-웩슬러 기억 평정척도-MAS,5,,,신경계기능검사,행위,검사료,,,,신경인지기능검사-기억력검사-웩슬러 기억 평정척도,3000
HZOG00800,30000,,,,5,,,"여성 생식기, 임신과 분만",행위,처치 및 수술료 등,,,,자궁내장치 [IUD] 재료대 별도산정,3001
HZOG00400,50000,,,,5,,,"여성 생식기, 임신과 분만",행위,처치 및 수술료 등,,,,소음순절제술(성형목적),3002
HZOG00200,90000,,,,5,,,"여성 생식기, 임신과 분만",행위,처치 및 수술료 등,,,,(비급여) 미레나 삽입술,3003
HZOG00100,300000,,,,5,,,"여성 생식기, 임신과 분만",행위,처치 및 수술료 등,,,,(비급여) 난관 결찰술,3004
HZOG01003,500000,,,,5,,,"여성 생식기, 임신과 분만",행위,처치 및 수술료 등,,,,질 및 회음부 성형술 [소],3005
HZOG01002,800000,,,,5,,,"여성 생식기, 임신과 분만",행위,처치 및 수술료 등,,,,질 및 회음부 성형술 [중],3006
HZOG01001,1000000,,,,5,,,"여성 생식기, 임신과 분만",행위,처치 및 수술료 등,,,,질 및 회음부 성형술 [대] 비급여,3007
CZ261,19750,,,,5,,,자가면역질환검사,행위,검사료,,,,항GM1항체 [IgG],3008
CZ262,24304,,,,5,,,자가면역질환검사,행위,검사료,,,,항GM1항체 [IgM],3009
CZ432,14786,,,,5,,,자가면역질환검사,행위,검사료,,,,항CCP항체[IgG],3010
CZ425,42500,,,,5,,,자가면역질환검사,행위,검사료,,,,항GD1b항체 [IgM],3011
CZ427,50544,,,,5,,,자가면역질환검사,행위,검사료,,,,항MAG항체,3012
HE141,450000,,급여 인정기준 외 실시한 경우 비급여,,5,,,전신,행위,영상진단 및 방사선 치료료,자기공명영상진단료(MRI),,,일반,3013
HE241,705000,,급여 인정기준 외 실시한 경우 비급여,,5,N,,전신,행위,영상진단 및 방사선 치료료,자기공명영상진단료(MRI),,,조영제 주입 전?후 촬영판독,3014
NZ005,150000,,,,5,,,정신요법료,행위,정신요법료,,,,안구운동 민감소실및 재처리요법,3015
AQH411,250000,,,,5,,,종합검진,행위,기타,,,,종합검진(남자)A급,3016
AQH412,270000,,,,5,,,종합검진,행위,기타,,,,종합검진 (여자) A급,3017
HE113,225000,,급여 인정기준 외 실시한 경우 비급여,,5,,,척추,행위,영상진단 및 방사선 치료료,자기공명영상진단료(MRI),,,요천추-흉추와 동시 촬영-일반,3018
HE213,235000,,조영제 별도산정 급여 인정기준 외 실시한 경우 비급여,,5,N,,척추,행위,영상진단 및 방사선 치료료,자기공명영상진단료(MRI),,,요천추-흉추와 동시 촬영-조영제 주입 전?후 촬영판독,3019
HE109,450000,,급여 인정기준 외 실시한 경우 비급여,,5,,,척추,행위,영상진단 및 방사선 치료료,자기공명영상진단료(MRI),,,경추-일반,3020
HE209,450000,,조영제 별도산정 급여 인정기준 외 실시한 경우 비급여,,5,N,,척추,행위,영상진단 및 방사선 치료료,자기공명영상진단료(MRI),,,경추-조영제 주입 전/후 촬영판독,3021
HE110,450000,,급여 인정기준 외 실시한 경우 비급여,,5,,,척추,행위,영상진단 및 방사선 치료료,자기공명영상진단료(MRI),,,흉추-일반,3022
HE210,450000,,조영제 별도산정 급여 인정기준 외 실시한 경우 비급여,,5,N,,척추,행위,영상진단 및 방사선 치료료,자기공명영상진단료(MRI),,,흉추-조영제 주입 전/후 촬영판독,3023
HE111,450000,,급여 인정기준 외 실시한 경우 비급여,,5,,,척추,행위,영상진단 및 방사선 치료료,자기공명영상진단료(MRI),,,요천추-일반,3024
HE211,450000,,조영제 별도산정 급여 인정기준 외 실시한 경우 비급여,,5,N,,척추,행위,영상진단 및 방사선 치료료,자기공명영상진단료(MRI),,,요천추-조영제 주입 전/후 촬영판독,3025
HE112,450000,,급여 인정기준 외 실시한 경우 비급여,,5,,,척추,행위,영상진단 및 방사선 치료료,자기공명영상진단료(MRI),,,척추강-일반,3026
HE212,450000,,조영제 별도산정 급여 인정기준 외 실시한 경우 비급여,,5,N,,척추,행위,영상진단 및 방사선 치료료,자기공명영상진단료(MRI),,,척추강-조영제 주입 전/후 촬영판독,3027
HE214,450000,,조영제 별도산정 급여 인정기준 외 실시한 경우 비급여,,5,N,,척추,행위,영상진단 및 방사선 치료료,자기공명영상진단료(MRI),,,"척추강-경추, 흉추, 요천추와 동시 촬영-조영제 주입 전?후 촬영판독",3028
HE114,675000,,급여 인정기준 외 실시한 경우 비급여,,5,,,척추,행위,영상진단 및 방사선 치료료,자기공명영상진단료(MRI),,,"척추강-경추, 흉추, 요천추와 동시 촬영-일반",3029
SEB612,320060,,급여 인정기준 외 실시한경우 비급여,,5,,,초음파 검사,행위,검사료,,,,특수초음파-심장-심장내 초음파,3030
SEB611,290960,,급여 인정기준 외 실시한경우 비급여,,5,,,초음파 검사,행위,검사료,,,,특수초음파-심장-경식도 심초음파,3031
SEB610,35460,,급여 인정기준 외 실시한경우 비급여,,5,,,초음파 검사,행위,검사료,,,,특수초음파-심장-(선천성심질환에검사)경식도 심초음파,3032
SEB564,319180,,급여 인정기준 외 실시한경우 비급여,,5,,,초음파 검사,행위,검사료,,,,유도초음파-유도초음파(Ⅳ),3033
SEB563,125280,,급여 인정기준 외 실시한경우 비급여,,5,,,초음파 검사,행위,검사료,,,,유도초음파-유도초음파(Ⅲ),3034
SEB562,106400,,급여 인정기준 외 실시한경우 비급여,,5,,,초음파 검사,행위,검사료,,,,"유도초음파-유도초음파(Ⅱ) : 조직생검, 새침흡인",3035
SEB561,53200,,급여 인정기준 외 실시한경우 비급여,,5,,,초음파 검사,행위,검사료,,,,"유도초음파-유도초음파(Ⅰ) : 천자, 배액 시 시술부위 확인",3036
SEB518,289060,,급여 인정기준 외 실시한경우 비급여,,5,,,초음파 검사,행위,검사료,,,,"진단초음파-임산부-(기형아정밀계측)제2,3삼분기",3037
SEB517,246740,,급여 인정기준 외 실시한경우 비급여,,5,,,초음파 검사,행위,검사료,,,,"진단초음파-임산부-(정밀)제2,3삼분기",3038
SEB516,149660,,급여 인정기준 외 실시한경우 비급여,,5,,,초음파 검사,행위,검사료,,,,"진단초음파-임산부-(고위험임신)제2,3삼분기",3039
SEB515,115140,,급여 인정기준 외 실시한경우 비급여,,5,,,초음파 검사,행위,검사료,,,,"진단초음파-임산부-(일반)제2,3삼분기",3040
SEB514,186130,,급여 인정기준 외 실시한경우 비급여,,5,,,초음파 검사,행위,검사료,,,,진단초음파-임산부-(기형아정밀계측)제1삼분기,3041
SEB513,145140,,급여 인정기준 외 실시한경우 비급여,,5,,,초음파 검사,행위,검사료,,,,진단초음파-임산부-(정밀)제1삼분기,3042
SEB512,55200,,급여 인정기준 외 실시한경우 비급여,,5,,,초음파 검사,행위,검사료,,,,진단초음파-임산부-(임신여부만 확인)제1삼분기,3043
SEB511,81330,,급여 인정기준 외 실시한경우 비급여,,5,,,초음파 검사,행위,검사료,,,,진단초음파-임산부-(일반)제1삼분기,3044
SEB504,154210,,급여 인정기준 외 실시한경우 비급여,,5,,,초음파 검사,행위,검사료,,,,진단초음파-신경-(사지신경 종합검사)말초신경 초음파,3045
SEB503,59120,,급여 인정기준 외 실시한경우 비급여,,5,,,초음파 검사,행위,검사료,,,,진단초음파-신경- 말초신경(편측),3046
SEB502,198210,,급여 인정기준 외 실시한경우 비급여,,5,,,초음파 검사,행위,검사료,,,,진단초음파-신경-(만1세미만소아 척수)중추신경계,3047
SEB501,198210,,급여 인정기준 외 실시한경우 비급여,,5,,,초음파 검사,행위,검사료,,,,진단초음파-신경-(만1세미만소아 경천문 뇌)중추신경계,3048
SEB490,85970,,급여 인정기준 외 실시한경우 비급여,,5,,,초음파 검사,행위,검사료,,,,진단초음파-혈관-대동맥 도플러,3049
SEB489,158510,,급여 인정기준 외 실시한경우 비급여,,5,,,초음파 검사,행위,검사료,,,,진단초음파-혈관-(하지 정맥류 검사를 실시)사지혈관 도플러,3050
SEB488,141140,,급여 인정기준 외 실시한경우 비급여,,5,,,초음파 검사,행위,검사료,,,,진단초음파-혈관-(하지-정맥)사지혈관 도플러 (양측),3051
SEB487,141140,,급여 인정기준 외 실시한경우 비급여,,5,,,초음파 검사,행위,검사료,,,,진단초음파-혈관-(하지-동맥)사지혈관 도플러 (양측),3052
SEB486,45890,,급여 인정기준 외 실시한경우 비급여,,5,,,초음파 검사,행위,검사료,,,,진단초음파-혈관-(동정맥루의 혈류 및 협착 측정)사지혈관 도플러,3053
SEB485,89120,,급여 인정기준 외 실시한경우 비급여,,5,,,초음파 검사,행위,검사료,,,,진단초음파-혈관-(상지-정맥)사지혈관 도플러 (양측),3054
SEB484,89120,,급여 인정기준 외 실시한경우 비급여,,5,,,초음파 검사,행위,검사료,,,,진단초음파-혈관-(상지-동맥)사지혈관 도플러 (양측),3055
SEB483,58060,,급여 인정기준 외 실시한경우 비급여,,5,,,초음파 검사,행위,검사료,,,,진단초음파-혈관-(기타 동맥)두개외 혈관 도플러,3056
SEB482,110620,,급여 인정기준 외 실시한경우 비급여,,5,,,초음파 검사,행위,검사료,,,,진단초음파-혈관-(경동맥)두개외 혈관 도플러,3057
SEB481,129580,,급여 인정기준 외 실시한경우 비급여,,5,,,초음파 검사,행위,검사료,,,,진단초음파-혈관-뇌혈류,3058
SEB471,83840,,급여 인정기준 외 실시한경우 비급여,,5,,,초음파 검사,행위,검사료,,,,진단초음파-연부조직-정밀,3059
SEB470,65260,,급여 인정기준 외 실시한경우 비급여,,5,,,초음파 검사,행위,검사료,,,,진단초음파-연부조직-일반,3060
SEB469,139680,,급여 인정기준 외 실시한경우 비급여,,5,,,초음파 검사,행위,검사료,,,,진단초음파-관절-류마티스성질환3부위이상관절종합,3061
SEB468,90050,,급여 인정기준 외 실시한경우 비급여,,5,,,초음파 검사,행위,검사료,,,,진단초음파-관절-발목관절(편측)Ankle,3062
SEB467,90050,,급여 인정기준 외 실시한경우 비급여,,5,,,초음파 검사,행위,검사료,,,,진단초음파-관절-손목관절(편측)Wrist,3063
SEB466,90050,,급여 인정기준 외 실시한경우 비급여,,5,,,초음파 검사,행위,검사료,,,,진단초음파-관절-견관절(편측)Shoulder,3064
SEB465,90050,,급여 인정기준 외 실시한경우 비급여,,5,,,초음파 검사,행위,검사료,,,,진단초음파-관절-고관절(편측)Hip,3065
SEB464,71900,,급여 인정기준 외 실시한경우 비급여,,5,,,초음파 검사,행위,검사료,,,,진단초음파-관절-슬관절(편측)Knee,3066
SEB463,71900,,급여 인정기준 외 실시한경우 비급여,,5,,,초음파 검사,행위,검사료,,,,진단초음파-관절-주관절(편측)Elbow,3067
SEB462,65260,,급여 인정기준 외 실시한경우 비급여,,5,,,초음파 검사,행위,검사료,,,,진단초음파-관절-발가락(편측)Toe,3068
SEB461,65260,,급여 인정기준 외 실시한경우 비급여,,5,,,초음파 검사,행위,검사료,,,,진단초음파-관절-손가락(편측),3069
SEB457,152210,,급여 인정기준 외 실시한경우 비급여,,5,,,초음파 검사,행위,검사료,,,,진단초음파-여성생식기-정밀,3070
SEB456,132860,,급여 인정기준 외 실시한경우 비급여,,5,,,초음파 검사,행위,검사료,,,,진단초음파-여성생식기-자궁내생리식염수를 주입하여 검사한 경우,3071
SEB455,103870,,급여 인정기준 외 실시한경우 비급여,,5,,,초음파 검사,행위,검사료,,,,진단초음파-여성생식기-일반,3072
SEB454,90770,,급여 인정기준 외 실시한경우 비급여,,5,,,초음파 검사,행위,검사료,,,,진단초음파-남성생식기-음낭 Scrotum,3073
SEB45301,97970,,급여 인정기준 외 실시한경우 비급여,,5,,,초음파 검사,행위,검사료,,,,진단초음파-남성생식기-(도플러)음경 Penis,3074
SEB453,90770,,급여 인정기준 외 실시한경우 비급여,,5,,,초음파 검사,행위,검사료,,,,진단초음파-남성생식기-음경 Penis,3075
SEB452,64220,,급여 인정기준 외 실시한경우 비급여,,5,,,초음파 검사,행위,검사료,,,,진단초음파-남성생식기-전립선·정낭(경복부로 실시),3076
SEB451,115500,,급여 인정기준 외 실시한경우 비급여,,5,,,초음파 검사,행위,검사료,,,,진단초음파-남성생식기-전립선·정낭(경직장으로 실시),3077
SEB450,80290,,급여 인정기준 외 실시한경우 비급여,,5,,,초음파 검사,행위,검사료,,,,진단초음파-비뇨기계-방광 Bladder,3078
SEB44901,97900,,급여 인정기준 외 실시한경우 비급여,,5,,,초음파 검사,행위,검사료,,,,진단초음파-비뇨기계-(도플러)신장·부신,3079
SEB449,89010,,급여 인정기준 외 실시한경우 비급여,,5,,,초음파 검사,행위,검사료,,,,진단초음파-비뇨기계-신장·부신,3080
SEB448,98500,,급여 인정기준 외 실시한경우 비급여,,5,,,초음파 검사,행위,검사료,,,,진단초음파-비뇨기계-신장·부신·방광,3081
SEB447,109680,,급여 인정기준 외 실시한경우 비급여,,5,,,초음파 검사,행위,검사료,,,,진단초음파-복부-항문초음파만 시행한 경우,3082
SEB446,131620,,급여 인정기준 외 실시한경우 비급여,,5,,,초음파 검사,행위,검사료,,,,진단초음파-복부-직장·항문 Rectum·Anus,3083
SEB445,77220,,급여 인정기준 외 실시한경우 비급여,,5,,,초음파 검사,행위,검사료,,,,진단초음파-복부-서혜부 Inguinal region,3084
SEB444,111840,,급여 인정기준 외 실시한경우 비급여,,5,,,초음파 검사,행위,검사료,,,,진단초음파-복부-소장·대장 Small Bowel·Colon,3085
SEB443,111740,,급여 인정기준 외 실시한경우 비급여,,5,,,초음파 검사,행위,검사료,,,,진단초음파-복부-충수 Appendix,3086
SEB436,388420,,급여 인정기준 외 실시한경우 비급여,,5,,,초음파 검사,행위,검사료,,,,진단초음파-심장-태아정밀 심초음파,3087
SEB435,292420,,급여 인정기준 외 실시한경우 비급여,,5,,,초음파 검사,행위,검사료,,,,진단초음파-심장-(운동)부하심초음파,3088
SEB434,307550,,급여 인정기준 외 실시한경우 비급여,,5,,,초음파 검사,행위,검사료,,,,진단초음파-심장-(약물)부하심초음파,3089
SEB433,258480,,급여 인정기준 외 실시한경우 비급여,,5,,,초음파 검사,행위,검사료,,,,진단초음파-심장-(전문)경흉부심초음파,3090
SEB432,177260,,급여 인정기준 외 실시한경우 비급여,,5,,,초음파 검사,행위,검사료,,,,진단초음파-심장-(일반)경흉부심초음파,3091
SEB431,112300,,급여 인정기준 외 실시한경우 비급여,,5,,,초음파 검사,행위,검사료,,,,진단초음파-심장-(단순)경흉부심초음파,3092
SEB430,35460,,급여 인정기준 외 실시한경우 비급여,,5,,,초음파 검사,행위,검사료,,,,진단초음파-심장-(선천성심질환에검사별도산정)경흉부심초음파,3093
SEB422,86000,,급여 인정기준 외 실시한경우 비급여,,5,,,초음파 검사,행위,검사료,,,,진단초음파-흉부-유방·액와부 제외한 흉부 초음파,3094
SEB421,124340,,급여 인정기준 외 실시한경우 비급여,,5,,,초음파 검사,행위,검사료,,,,진단초음파-흉부-유방·액와부 초음파,3095
SEB416,60940,,급여 인정기준 외 실시한경우 비급여,,5,,,초음파 검사,행위,검사료,,,,진단초음파-비·부비동 초음파,3096
SEB415,92260,,급여 인정기준 외 실시한경우 비급여,,5,,,초음파 검사,행위,검사료,,,,진단초음파-경부-갑상선·부갑상선 제외한 경부,3097
SEB414,92260,,급여 인정기준 외 실시한경우 비급여,,5,,,초음파 검사,행위,검사료,,,,진단초음파-경부- 갑상선·부갑상선,3098
SEB413,91900,,급여 인정기준 외 실시한경우 비급여,,5,,,초음파 검사,행위,검사료,,,,진단초음파-안-계측 (양측),3099
SEB412,91900,,급여 인정기준 외 실시한경우 비급여,,5,,,초음파 검사,행위,검사료,,,,진단초음파-안-안와 Orbit(양측),3100
SEB411,91900,,급여 인정기준 외 실시한경우 비급여,,5,,,초음파 검사,행위,검사료,,,,진단초음파-안-안구 (양측),3101
SEB402,31170,,급여 인정기준 외 실시한경우 비급여,,5,,,초음파 검사,행위,검사료,,,,기본초음파-단순초음파(Ⅱ) Simple Ultrasonography,3102
SEB401,15580,,급여 인정기준 외 실시한경우 비급여,,5,,,초음파 검사,행위,검사료,,,,기본초음파-단순초음파(Ⅰ) One Point Ultrasonography,3103
SZ04700,25000,,,,5,,,초음파 검사료,행위,검사료,초음파검사료,,,자궁경부촬영확대술,3104
EZ868,30000,,,SZ07201,5,,,초음파 검사료,행위,검사료,,,,초음파 동맥경화도 검사 (맥파전달속도측정),3105
SZ04000A,50000,,,,5,,,초음파 검사료,행위,검사료,초음파검사료,,,안과/인공수정체도수검사 IOL Master(편측),3106
RHZ00100,200000,,,,5,,,초음파 검사료,행위,검사료,초음파검사료,,,초음파 IVUS,3107
JM0007T,10000,,,,5,,,치과보철료,행위,치과의 보철료,,,,Pin 핀,3108
JK0010M,10000,,,,5,,,치과보철료,행위,치과의 보철료,,,,"Overdenture clip change, Mat 오버덴쳐 클립 교환 [재료]",3109
JM0016T,10000,,,,5,,,치과보철료,행위,치과의 보철료,,,,"plaque control,simple 치태조절 및 예방술식, 단순",3110
JM0048T,10000,,,,5,,,치과보철료,행위,치과의 보철료,,,,Laser 충치예방치료 [1치당] 예방 목적시술 국비/감면 환자 공히 감면 부담,3111
JM0083T,10000,,,,5,,,치과보철료,행위,치과의 보철료,,,,보철 치료(CHECK UP)중 주: 보철 장착 당일에는 산정하지 않는다.,3112
JK0011M,20000,,,,5,,,치과보철료,행위,치과의 보철료,,,,"Overdenture O-ring change, Mat 오버덴쳐 오-링 교환 [재료]",3113
JK0012M,20000,,,,5,,,치과보철료,행위,치과의 보철료,,,,"Endura resin, ant. Teeth, Mat 경질 레진 전치 [재료]",3114
JK0006M,30000,,,,5,,,치과보철료,행위,치과의 보철료,,,,"Implant, coping screw change, Mat 인공치매식, 코핑 스크류 교환 [재료]",3115
JK0013M,30000,,,,5,,,치과보철료,행위,치과의 보철료,,,,"Endura resin, post. Teeth, Mat 경질 레진 구치 [재료]",3116
JM0014T,30000,,,,5,,,치과보철료,행위,치과의 보철료,,,,Resin temporary crown 레진 가공 의치 [1치당],3117
JM0017T,30000,,,,5,,,치과보철료,행위,치과의 보철료,,,,"plaque control, complex 치태조절 및 예방술식, 복잡",3118
JM0018T,30000,,,,5,,,치과보철료,행위,치과의 보철료,,,,T.B.I 잇솔질 교습 [회당] 예방목적시술 1인 1회(평생) 국비대상자 국비 산정(감면 환자는 최초 1회도 감면산정) 이후 국비/감면 환자 공히 감면부?/td>,3119
JM0019T,30000,,,,5,,,치과보철료,행위,치과의 보철료,,,,"Teeth bleaching, simple 치아 표백술, 단순 미용 목적시술 국비/감면 환자 공히 전액 본인부담",3120
JM0022T,30000,,,,5,,,치과보철료,행위,치과의 보철료,,,,Study impression [1악당] 모형 분석용 인상 [1악당],3121
JM0024T,30000,,,,5,,,치과보철료,행위,치과의 보철료,,,,Occlusal splint 관리 교합안정장치 관리,3122
JM0027T,30000,,,,5,,,치과보철료,행위,치과의 보철료,,,,"Oral exam, consult. 구강 검사 및 상담 치료기간중 1회산정",3123
JM0045T,30000,,,,5,,,치과보철료,행위,치과의 보철료,,,,Pit & fissure sealant 치면 열구 전색,3124
JM0050T,30000,,,,5,,,치과보철료,행위,치과의 보철료,,,,"구취측정 검사 구취 측정기 사용 측정시 적용, 치료기간중 1회 산정",3125
JK0007M,50000,,,,5,,,치과보철료,행위,치과의 보철료,,,,"Implant, UCLA screw change, Mat 인공치매식, 유씨엘에이 스크류 교환 [재료]",3126
JM0008T,50000,,,,5,,,치과보철료,행위,치과의 보철료,,,,"Denture repair, simple 의치수리, 단순",3127
JM0012T,50000,,,,5,,,치과보철료,행위,치과의 보철료,,,,Direct denture soft reline 탄성 의치상 이장술,3128
JM0013T,50000,,,,5,,,치과보철료,행위,치과의 보철료,,,,"Flipper, simple 임시 의치, 단순",3129
JM0020T,50000,,,,5,,,치과보철료,행위,치과의 보철료,,,,"Teeth bleaching, complex 치아 표백술, 복잡 미용 목적시술 국비/감면 환자 공히 전액 본인부담",3130
JM0026T,50000,,,,5,,,치과보철료,행위,치과의 보철료,,,,Resin facing repair [1치당] Resin facing 수리 [1치당],3131
JM0028T,50000,,,,5,,,치과보철료,행위,치과의 보철료,,,,"Dx of implant, simple 치아 매식 진단료, 단순",3132
JM0032T,50000,,,,5,,,치과보철료,행위,치과의 보철료,,,,Over denture clip 교환 치아지지 가철성 의치 클립 교환,3133
JM0033T,50000,,,,5,,,치과보철료,행위,치과의 보철료,,,,Over denture O-ring & ERA 교환 치아지지 가철성 의치 오-링&이알에이 교환,3134
JM0037T,50000,,,,5,,,치과보철료,행위,치과의 보철료,,,,"Implant, coping screw change fee 치아매식, 코핑 스크류 교환",3135
JM0039T,50000,,,,5,,,치과보철료,행위,치과의 보철료,,,,"implant repair, simple 치아매식 수리, 단순",3136
JM0041T,50000,,,,5,,,치과보철료,행위,치과의 보철료,,,,"Implant, temporary resin Cr., simple 치아매식, 임시 레진치, 단순",3137
JM0049T,50000,,,,5,,,치과보철료,행위,치과의 보철료,,,,Laser 미백치료 [1치당] 미용목적 국비/감면 환자 공히 본인부담,3138
JM0085T,50000,,,,5,,,치과보철료,행위,치과의 보철료,,,,보격장치 [고정식],3139
JM0061T,50000,,,,5,,,치과보철료,행위,치과의 보철료,,,,Perio test [인공치아 개당] 치주 테스트 [인공치아 개당],3140
JM0062T,50000,,,,5,,,치과보철료,행위,치과의 보철료,,,,"Surgical stent, 단순 [임플란트3개이하] 서지컬 스텐트(수술용 스텐트), 단순 [임플란트3개이하]",3141
JM0046T,60000,,,,5,,,치과보철료,행위,치과의 보철료,,,,"Orthodontics, Morthly fee 교정 월정비",3142
JM0051T,60000,,,,5,,,치과보철료,행위,치과의 보철료,,,,Sp cr 기성금관,3143
JM0056T,60000,,,,5,,,치과보철료,행위,치과의 보철료,,,,Laser Solder 레이져 솔더,3144
JM0006T,70000,,,,5,,,치과보철료,행위,치과의 보철료,,,,Screw post 나선형 합정,3145
JM0001T,80000,,,,5,,,치과보철료,행위,치과의 보철료,,,,Composite resin filling (light curing) 광중합 복합 레진 충전,3146
JM0003T,80000,,,,5,,,치과보철료,행위,치과의 보철료,,,,Light curing G.I filling 광중합 G.I 충전,3147
JM0047T,80000,,,,5,,,치과보철료,행위,치과의 보철료,,,,Scaling 치석제거,3148
JK0008M,100000,,,,5,,,치과보철료,행위,치과의 보철료,,,,"Implant, Cr. Remake fee, A, Mat 인공치매식, 크라운 재제작비, A [재료]",3149
JK0014M,100000,,,,5,,,치과보철료,행위,치과의 보철료,,,,Konus Telescopic Milling fee 코너스 텔레스코픽 크라운 밀링 기공비 [재료],3150
JK0015M,100000,,,,5,,,치과보철료,행위,치과의 보철료,,,,Pressure Injection Resin System [재료],3151
JM0004T,100000,,,,5,,,치과보철료,행위,치과의 보철료,,,,"P.F.M repair, simple 포세린관 수리, 단순",3152
JM0009T,100000,,,,5,,,치과보철료,행위,치과의 보철료,,,,"Denture repair, complex 의치수리, 복잡",3153
JM0010T,100000,,,,5,,,치과보철료,행위,치과의 보철료,,,,"Direct denture reline, simple 의치 직접 이장술, 단순",3154
JM0025T,100000,,,,5,,,치과보철료,행위,치과의 보철료,,,,Fluorid therapy [1악당] 불소 도포 [1악당] 예방목적시술 국비/감면 환자 공히 감면부담,3155
JM0029T,100000,,,,5,,,치과보철료,행위,치과의 보철료,,,,"Dx of implant, complex 치아 매식 진단료, 복잡",3156
JM0031T,100000,,,,5,,,치과보철료,행위,치과의 보철료,,,,P.R.P .피.알.피,3157
JM0038T,100000,,,,5,,,치과보철료,행위,치과의 보철료,,,,"Implant, UCLA screw change fee 치아매식, 유씨엘에이 스크류 교환",3158
JM0040T,100000,,,,5,,,치과보철료,행위,치과의 보철료,,,,"implant repair, complex 치아매식 수리, 복잡",3159
JM0086T,100000,,,,5,,,치과보철료,행위,치과의 보철료,,,,보격장치 [가철식],3160
JM0084T,100000,,,,5,,,치과보철료,행위,치과의 보철료,,,,SURGICAL UNCOVERING [1치당] 치관노출술 [1치당],3161
JM0053T,100000,,,,5,,,치과보철료,행위,치과의 보철료,,,,Milling 비,3162
JM0057T,100000,,,,5,,,치과보철료,행위,치과의 보철료,,,,Peri implantitis treatment 임플란트 주위염 치료 주: 임플란트 1차 및 2차 수술 기간중 발생된 염증 치료는 별도 산정하지 않는다.,3163
JM0058T,100000,,,,5,,,치과보철료,행위,치과의 보철료,,,,"Implant second surgery ,Simple 임플란트 2차 수술, 간단",3164
JM0063T,100000,,,,5,,,치과보철료,행위,치과의 보철료,,,,"Surgical stent, 복잡 [임플란트4개이상] 서지컬 스텐트(수술용 스텐트), 복잡 [임플란트4개이상]",3165
JM0064T,100000,,,,5,,,치과보철료,행위,치과의 보철료,,,,임플란트목적 레이저치료,3166
JP0042G,150000,,,,5,,Y,치과보철료,행위,치과의 보철료,,,,"Flipper, complex, G 임시치, 복잡",3167
JP0061G,150000,,,,5,,Y,치과보철료,행위,치과의 보철료,,,,"Semirigid joint, G 세미리지드 연결체",3168
JK0001M,150000,,,,5,,,치과보철료,행위,치과의 보철료,,,,"R.D, Attachment Change, Mat 가철성 의치 어테치먼트 교환 [재료]",3169
JK0002M,150000,,,,5,,,치과보철료,행위,치과의 보철료,,,,"R.D, Magnetic change, Mat 가철성 의치, 자석 교환 [재료]",3170
JM0011T,150000,,,,5,,,치과보철료,행위,치과의 보철료,,,,"Direct denture reline, complex 의치 직접 이장술, 복잡",3171
JM0021T,150000,,,,5,,,치과보철료,행위,치과의 보철료,,,,S.S crown 유구치 가공 치관,3172
JP0114G,160000,,,,5,,Y,치과보철료,행위,치과의 보철료,,,,"Spark elosin, G",3173
JP0022G,180000,,,,5,,Y,치과보철료,행위,치과의 보철료,,,,"Post&Core, Para, G 포스트관, 파라 포스트",3174
JP0040G,190000,,,,5,,Y,치과보철료,행위,치과의 보철료,,,,"Rebase, indirect, simple, G 의치 이장술, 간접법, 단순",3175
JK0003M,200000,,,,5,,,치과보철료,행위,치과의 보철료,,,,"Implant, Magnetic change, Mat 인공치매식, 자석 교환 [재료]",3176
JK0004M,200000,,,,5,,,치과보철료,행위,치과의 보철료,,,,"Implant, abutment change, A, Mat 인공치매식, 지대치 교환, A [재료]",3177
JK0009M,200000,,,,5,,,치과보철료,행위,치과의 보철료,,,,"Implant, Cr. Remake fee, B, Mat 인공치매식, 크라운 재제작비, B [재료]",3178
JM0005T,200000,,,,5,,,치과보철료,행위,치과의 보철료,,,,"P.F.M repair, complex 포세린관 수리, 복잡",3179
JM0015T,200000,,,,5,,,치과보철료,행위,치과의 보철료,,,,Face mask impression 안면 체형,3180
JM0034T,200000,,,,5,,,치과보철료,행위,치과의 보철료,,,,Over denture magnetic 교환 치아지지 가철성 의치 자석체 교환,3181
JM0042T,200000,,,,5,,,치과보철료,행위,치과의 보철료,,,,"Implant, temporary resin Cr., complex 치아매식, 임시 레진치, 복잡",3182
JM0043T,200000,,,,5,,,치과보철료,행위,치과의 보철료,,,,"bone graft, simple 골 이식술, 단순",3183
JP0023G,220000,,,,5,,Y,치과보철료,행위,치과의 보철료,,,,"Post&Core, glassfiber, G 포스트관, 그래스화이버",3184
JP0020G,230000,,,,5,,Y,치과보철료,행위,치과의 보철료,,,,"Post&Core, gold simple, G 포스트관, 귀금속, 단순",3185
JP0087G,230000,,,,5,,Y,치과보철료,행위,치과의 보철료,,,,"Implant, Tem. MDI, G 매식술, 임시 MDI",3186
JP0004G,250000,,,,5,,Y,치과보철료,행위,치과의 보철료,,,,"Crown, Metal, G 주조관, N-C 합금",3187
JP0005G,250000,,,,5,,Y,치과보철료,행위,치과의 보철료,,,,"Atrficial gold crown for RD, G 가철성 의치용 금속 교합면 인공치 (S-gold)",3188
JM0002T,250000,,,,5,,,치과보철료,행위,치과의 보철료,,,,Esthetic resin filling 심미 레진 충전 미용 목적 시술시 국비/감면 환자 공히 전액 본인부담,3189
JP0021G,260000,,,,5,,Y,치과보철료,행위,치과의 보철료,,,,"Post&Core, gold complex, G 포스트관, 귀금속, 복잡",3190
JP0018G,270000,,,,5,,Y,치과보철료,행위,치과의 보철료,,,,"Inlay, Por. or resin, simple,G 인레이, 포세라인 or 레진, 단순",3191
JP0019G,280000,,,,5,,Y,치과보철료,행위,치과의 보철료,,,,"Inlay, Por. or resin, complex, G 인레이, 포세라인 or 레진, 복잡",3192
JP0111G,280000,,,,5,,Y,치과보철료,행위,치과의 보철료,,,,"ERA,1ea, G",3193
JP0014G,290000,,,,5,,Y,치과보철료,행위,치과의 보철료,,,,"Crown, Maryland, non-Prec., G 주조관, 메리랜드, 비귀금속",3194
JP0016G,300000,,,,5,,Y,치과보철료,행위,치과의 보철료,,,,"Inlay, Prec. Gold simple, G 인레이, 귀금속, 단순",3195
JP0041G,300000,,,,5,,Y,치과보철료,행위,치과의 보철료,,,,"Rebase, indirect, complex, G 의치 이장술, 간접법, 복잡",3196
JP0053G,300000,,,,5,,Y,치과보철료,행위,치과의 보철료,,,,"Attachment, simple, G 부착장치, 단순",3197
JM0023T,300000,,,,5,,,치과보철료,행위,치과의 보철료,,,,"Occlusal splint, simple [1악당] 교합안정장치, 단순 [1악당]",3198
JM0035T,300000,,,,5,,,치과보철료,행위,치과의 보철료,,,,"Implant, magnetic change fee 치아매식, 자석체 교환",3199
JM0036T,300000,,,,5,,,치과보철료,행위,치과의 보철료,,,,"Implant, abutment change fee 치아매식, 지대체 교환",3200
JM0065T,300000,,,,5,,,치과보철료,행위,치과의 보철료,,,,임플란트목적 상악동거상술 [편측],3201
JM0059T,300000,,,,5,,,치과보철료,행위,치과의 보철료,,,,"Implant second surgery, Complex [연조직] 임플란트 2차 수술, 복잡 [연조직]",3202
JP0052G,340000,,,,5,,Y,치과보철료,행위,치과의 보철료,,,,"Attachment, Magnetic, G 자석장치",3203
JP0003G,350000,,골드함량 46%,,5,,Y,치과보철료,행위,치과의 보철료,,,,"Crown, Palladium, G 주조금관, Pd 합금",3204
JP0007G,350000,,,,5,,Y,치과보철료,행위,치과의 보철료,,,,"Crown, PFM, B, G 도재소부전장관, 비귀금속, B",3205
JP0017G,350000,,,,5,,Y,치과보철료,행위,치과의 보철료,,,,"Inlay, Prec. Gold complex, G 인레이, 귀금속, 복잡",3206
JP0049G,350000,,,,5,,Y,치과보철료,행위,치과의 보철료,,,,"F.D., Temporary, G",3207
JP0054G,350000,,,,5,,Y,치과보철료,행위,치과의 보철료,,,,"Attachment, medium, G 부착장치, 보통",3208
JP0112G,350000,,,,5,,Y,치과보철료,행위,치과의 보철료,,,,"Magnetic,1ea, G",3209
JP0006G,370000,,,,5,,Y,치과보철료,행위,치과의 보철료,,,,"Crown, PFM, A, G 도재소부전장관, 비귀금속, A",3210
JP0015G,370000,,,,5,,Y,치과보철료,행위,치과의 보철료,,,,"Crown, Maryland, Prec., G 금주조관, 메리랜드, 귀금속",3211
JP0010G,380000,,,,5,,Y,치과보철료,행위,치과의 보철료,,,,"Crown, collarless PFM, G 도재소부전장관, 무깃, 비귀금속",3212
JP0067G,380000,,,,5,,Y,치과보철료,행위,치과의 보철료,,,,"Orthodontics, fixed type, simp., G 교정, Fixed type, 단순",3213
JP0013G,400000,,,,5,,Y,치과보철료,행위,치과의 보철료,,,,"Crown, Laminate veneer, G 전부도재관, 순면버니어",3214
JP0051G,400000,,,,5,,Y,치과보철료,행위,치과의 보철료,,,,"Interrim or immediate obturator, G 즉시 or 임시폐쇄장치",3215
JP0113G,400000,,,,5,,Y,치과보철료,행위,치과의 보철료,,,,"Locator, G",3216
JK0005M,400000,,,,5,,,치과보철료,행위,치과의 보철료,,,,"Implant, abutment change, B, Mat 인공치매식, 지대치 교환, B [재료]",3217
JP0121G,420000,,,,5,,Y,치과보철료,행위,치과의 보철료,,,,"Crown, Super - Gold, G 주조금관, 금합금",3218
JP0033G,430000,,,,5,,Y,치과보철료,행위,치과의 보철료,,,,"R.P.D., Temporary, G 임시 가철성 국소의치",3219
JP0055G,440000,,,,5,,Y,치과보철료,행위,치과의 보철료,,,,"Attachment, complex, G 부착장치, 복잡",3220
JP0009G,450000,,,,5,,Y,치과보철료,행위,치과의 보철료,,,,"Crown, PFG, B, G 도재소부전장관, 귀금속, B",3221
JP0085G,450000,,,,5,,Y,치과보철료,행위,치과의 보철료,,,,"Implant, O-ring, E.R.A., G 매식술, 오-링, E.R.A.",3222
JP0120G,460000,,골드함량 72%,,5,,Y,치과보철료,행위,치과의 보철료,,,,"Crown, Gold - Pt, G　주조금관, 백금합금",3223
JP0086G,460000,,,,5,,Y,치과보철료,행위,치과의 보철료,,,,"Implant, MDI, G 매식 술, MDI",3224
JP0012G,470000,,,,5,,Y,치과보철료,행위,치과의 보철료,,,,"Crown, all ceramic, G 전부도재관, 전세라믹",3225
JP0048G,500000,,,,5,,Y,치과보철료,행위,치과의 보철료,,,,"F.D., Immediate, resin plate, G 즉치총의치,레진상",3226
JP0058G,500000,,,,5,,Y,치과보철료,행위,치과의 보철료,,,,"Konus Teles. crown, inner&outer,Palladium, G 코누스 텔레스코픽 내,외관 PD합금",3227
JP0063G,500000,,,,5,,,치과보철료,행위,치과의 보철료,,,,"Locator, G 로케이터, G",3228
JP0084G,500000,,,,5,,Y,치과보철료,행위,치과의 보철료,,,,"Implant, Magnetic, G 매식술, 자성체",3229
JM0052T,500000,,,,5,,,치과보철료,행위,치과의 보철료,,,,Cornus Denture [내관 & 외관],3230
JM0082T,500000,,,,5,,,치과보철료,행위,치과의 보철료,,,,골증대술,3231
JM0060T,500000,,,,5,,,치과보철료,행위,치과의 보철료,,,,"Implant second surgery, Complex [경조직] 임플란트 2차 수술, 복잡 [경조직]",3232
JP0008G,520000,,,,5,,Y,치과보철료,행위,치과의 보철료,,,,"Crown, PFG, A, G 도재소부전장관, 귀금속, A",3233
JP0011G,520000,,,,5,,Y,치과보철료,행위,치과의 보철료,,,,"Crown, collarless PFG, G 도재소부전장관, 무깃, 귀금속",3234
JP0059G,550000,,,,5,,Y,치과보철료,행위,치과의 보철료,,,,"Konus Teles. crown, inner&outer,PFM, G 코누스 텔레스코픽 내,외관 비귀금속",3235
JP0116G,550000,,,,5,,Y,치과보철료,행위,치과의 보철료,,,,"CAD-CAM Ceramic crown, G 캐드캠 세라믹 크라운",3236
JP0110G,570000,,,,5,,Y,치과보철료,행위,치과의 보철료,,,,"Implant crown, A-gold, G 매식치 A-gold 도재관",3237
JP0029G,600000,,,,5,,Y,치과보철료,행위,치과의 보철료,,,,"R.P.D., Half, non-Prec., G 편측가철성국소의치, 비귀금속",3238
JP0043G,600000,,,,5,,Y,치과보철료,행위,치과의 보철료,,,,"Occlusal splint, complex, G 교합안정장치, 복잡",3239
JP0047G,600000,,,,5,,Y,치과보철료,행위,치과의 보철료,,,,"F.D., Immediate, mesh, G 즉시총의치,망사",3240
JP0057G,600000,,,,5,,Y,치과보철료,행위,치과의 보철료,,,,"Konus Teles. crown, inner&outer,Super G., G 코누스 텔레스코픽 내,외관 금합금",3241
JP0075G,600000,,,,5,,Y,치과보철료,행위,치과의 보철료,,,,"Implant crown, PFM, G 매식치 비귀금속 도재관",3242
JP0073G,620000,,,,5,,Y,치과보철료,행위,치과의 보철료,,,,"Implant crown, Super-gold, G 매식치금관, 슈퍼골드",3243
JP0060G,650000,,,,5,,Y,치과보철료,행위,치과의 보철료,,,,"Konus Teles. crown, inner&outer,PFG, G 코누스 텔레스코픽 내,외관 귀금속",3244
JP0072G,660000,,,,5,,Y,치과보철료,행위,치과의 보철료,,,,"Implant crown, Pt-gold, G 매식치금관, 백금가공",3245
JP0028G,700000,,,,5,,Y,치과보철료,행위,치과의 보철료,,,,"R.P.D., Half, non-Prec. Elect., G 편측가철성국소의치, 고주파비귀금속",3246
JP0056G,700000,,,,5,,Y,치과보철료,행위,치과의 보철료,,,,"Konus Teles. crown, inner&outer,PT.G., G 코누스 텔레스코픽 내,외관 백금합금",3247
JP0117G,700000,,,,5,,Y,치과보철료,행위,치과의 보철료,,,,"CAD-CAM Ceramic crown,임플란트용(simple), G 캐드캠 세라믹 크라운,임플란트용(단순)",3248
JP0074G,800000,,,,5,,Y,치과보철료,행위,치과의 보철료,,,,"Implant crown, PFG, G 매식치 귀금속 도재관",3249
JP0118G,800000,,,,5,,Y,치과보철료,행위,치과의 보철료,,,,"CAD-CAM Ceramic crown,임플란트용(complex), G 캐드캠 세라믹 크라운,임플란트용(복잡)",3250
JP0038G,880000,,,,5,,Y,치과보철료,행위,치과의 보철료,,,,"R.P.D., Telescopic, simple, G 테레스코픽 국소 의치, 간단",3251
JP0062G,900000,,,,5,,Y,치과보철료,행위,치과의 보철료,,,,"Flexible denture Flexible denture (비귀금속),복잡",3252
JP0088G,1000000,,,,5,,Y,치과보철료,행위,치과의 보철료,,,,"Implant,국산, G 매식술,국산, G",3253
JK0017M,1000000,,,,5,,,치과보철료,행위,치과의 보철료,,,,"Novel Guide [Finished Surgical Template 1-4 Implants] 노벨가이드 [서지컬 템플레이트,임플란트4개이하]",3254
JM0044T,1000000,,,,5,,,치과보철료,행위,치과의 보철료,,,,"bone graft, complex 골 이식술, 복잡",3255
JM0066T,1000000,,,,5,,,치과보철료,행위,치과의 보철료,,,,임플란트목적 하치조측방전위술 [편측],3256
JM0073T,1000000,,,,5,,,치과보철료,행위,치과의 보철료,,,,MANDIBULAR RECONSTRUCTION A 악안면골재건정복술 A,3257
JM0078T,1000000,,,,5,,,치과보철료,행위,치과의 보철료,,,,FIXED ORTHODONTIC TX A 악안면기형안골교정술 A,3258
JM0054T,1000000,,,,5,,,치과보철료,행위,치과의 보철료,,,,"임플란트목적 상악동거상술,측방접근 [단순]",3259
JP0039G,1100000,,,,5,,Y,치과보철료,행위,치과의 보철료,,,,"R.P.D., Telescopic, complex, G 테레스코픽 국소 의치, 복잡",3260
JP0080G,1150000,,,,5,,Y,치과보철료,행위,치과의 보철료,,,,"Implant, hader bar, G 매식술, 헤더바",3261
JP0031G,1200000,,,,5,,Y,치과보철료,행위,치과의 보철료,,,,"R.P.D.,non-Prec., G 가철성 국소의치, 비귀금속",3262
JP0046G,1200000,,,,5,,Y,치과보철료,행위,치과의 보철료,,,,"F.D., resin plate, G 총의치, 레진상",3263
JP0099G,1200000,,,,5,,Y,치과보철료,행위,치과의 보철료,,,,"Implant, hader bar,Fixture 2ea, G 매식술, 헤더바,Fixture 2ea",3264
JP0106G,1200000,,,,5,,Y,치과보철료,행위,치과의 보철료,,,,"Implant, milled bar,Titanium,Fixture 3ea, G 매식술, 밀드바,Titanium,Fixture 3ea",3265
JP0070G,1350000,,,,5,,Y,치과보철료,행위,치과의 보철료,,,,"Implant, simple, G 치아 매식술, 단순",3266
JP0032G,1400000,,,,5,,Y,치과보철료,행위,치과의 보철료,,,,"R.P.D., electronic non-Prec., G 가철성 국소의치, 고주파 비귀금속",3267
JP0036G,1400000,,,,5,,Y,치과보철료,행위,치과의 보철료,,,,"R.P.D., Attachment, simple, G 어태치먼트 국소 의치, 간단",3268
JP0045G,1400000,,,,5,,Y,치과보철료,행위,치과의 보철료,,,,"F.D., Mesh or base metal, G 총의치, 비귀금속편, 망사",3269
JP0107G,1400000,,,,5,,Y,치과보철료,행위,치과의 보철료,,,,"Implant, milled bar,Titanium,Fixture 4ea, G 매식술, 밀드바,Titanium,Fixture 4ea",3270
JP0071G,1450000,,,,5,,Y,치과보철료,행위,치과의 보철료,,,,"Implant, complex, G 치아 매식술, 복잡, ASTRA",3271
JP0050G,1500000,,,,5,,Y,치과보철료,행위,치과의 보철료,,,,"Definitive obturator, metal base, G 최종폐쇄장치",3272
JP0076G,1500000,,,,5,,Y,치과보철료,행위,치과의 보철료,,,,"Implant overdenture, simple, G 임플란트 지지의치, 단순",3273
JP0092G,1500000,,,,5,,Y,치과보철료,행위,치과의 보철료,,,,"Implant, complex, G 치아 매식술, 복잡, NOBEL",3274
JP0096G,1500000,,,,5,,Y,치과보철료,행위,치과의 보철료,,,,"Implant, Hybrid denture,Titanium,Fixture 4ea, G 매식술, 혼합형틀니,Titanium,Fixture 4ea",3275
JP0100G,1500000,,,,5,,Y,치과보철료,행위,치과의 보철료,,,,"Implant, hader bar,Fixture 3ea, G 매식술, 헤더바,Fixture 3ea",3276
JP0102G,1500000,,,,5,,Y,치과보철료,행위,치과의 보철료,,,,"Implant, milled bar, Gold,Fixture 3ea, G 매식술, 밀드바, Gold,Fixture 3ea",3277
JK0016M,1500000,,,,5,,,치과보철료,행위,치과의 보철료,,,,"Novel Guide [Finished Surgical Template 5 Implants and more] 노벨가이드 [서지컬템플레이트,임플란트5개이상]",3278
JM0067T,1500000,,,,5,,,치과보철료,행위,치과의 보철료,,,,임플란트목적 하치조측방전위술 [양측],3279
JM0055T,1500000,,,,5,,,치과보철료,행위,치과의 보철료,,,,"임플란트목적 상악동거상술,측방접근 [복잡]",3280
JP0034G,1600000,,,,5,,Y,치과보철료,행위,치과의 보철료,,,,"R.P.D., Overdenture, simple, G 치아지지가철성의치, 간단",3281
JP0037G,1600000,,,,5,,Y,치과보철료,행위,치과의 보철료,,,,"R.P.D., Attachment, complex, G 어태치먼트 국소 의치, 복잡",3282
JP0044G,1600000,,,,5,,Y,치과보철료,행위,치과의 보철료,,,,"F.D., Prec., base metal, G 총의치, 귀금속편",3283
JP0108G,1600000,,,,5,,Y,치과보철료,행위,치과의 보철료,,,,"Implant, milled bar,Titanium,Fixture 5ea, G 매식술, 밀드바,Titanium,Fixture 5ea",3284
JP0035G,1800000,,,,5,,Y,치과보철료,행위,치과의 보철료,,,,"R.P.D., Overdenture, complex, G 치아지지가철성의치, 복잡",3285
JP0077G,1800000,,,,5,,Y,치과보철료,행위,치과의 보철료,,,,"Implant overdenture, complex, G 임플란트 지지의치, 복잡",3286
JP0097G,1800000,,,,5,,Y,치과보철료,행위,치과의 보철료,,,,"Implant, Hybrid denture,Titanium,Fixture 5ea, G 매식술, 혼합형틀니,Titanium,Fixture 5ea,",3287
JP0101G,1800000,,,,5,,Y,치과보철료,행위,치과의 보철료,,,,"Implant, hader bar,Fixture 4ea, G 매식술, 헤더바,Fixture 4ea",3288
JP0109G,1800000,,,,5,,Y,치과보철료,행위,치과의 보철료,,,,"Implant, milled bar,Titanium,Fixture 6eaG 매식술, 밀드바,Titanium,Fixture 6ea",3289
JP0103G,1900000,,,,5,,Y,치과보철료,행위,치과의 보철료,,,,"Implant, milled bar, Gold,Fixture 4ea, G 매식술, 밀드바, Gold,Fixture 4ea",3290
JM0074T,2000000,,,,5,,,치과보철료,행위,치과의 보철료,,,,MANDIBULAR RECONSTRUCTION B 악안면골재건정복술 B,3291
JM0079T,2000000,,,,5,,,치과보철료,행위,치과의 보철료,,,,FIXED ORTHODONTIC TX B 악안면기형안골교정술 B,3292
JP0098G,2100000,,,,5,,Y,치과보철료,행위,치과의 보철료,,,,"Implant, Hybrid denture,Titanium,Fixture 6ea, G 매식술, 혼합형틀니 ,Titanium,Fixture 6ea",3293
JP0104G,2300000,,,,5,,Y,치과보철료,행위,치과의 보철료,,,,"Implant, milled bar, Gold,Fixture 5ea, G 매식술, 밀드바, Gold,Fixture 5ea",3294
JP0078G,2500000,,,,5,,Y,치과보철료,행위,치과의 보철료,,,,"Implant, Hybrid denture, G 매식술, 혼합형틀니",3295
JP0105G,2700000,,,,5,,Y,치과보철료,행위,치과의 보철료,,,,"Implant, milled bar, Gold,Fixture 6eaG 매식술, 밀드바, Gold,Fixture 6ea",3296
JM0075T,3000000,,,,5,,,치과보철료,행위,치과의 보철료,,,,MANDIBULAR RECONSTRUCTION C 악안면골재건정복술 C,3297
JM0080T,3000000,,,,5,,,치과보철료,행위,치과의 보철료,,,,FIXED ORTHODONTIC TX C 악안면기형안골교정술 C,3298
JM0076T,4000000,,,,5,,,치과보철료,행위,치과의 보철료,,,,MANDIBULAR RECONSTRUCTION D 악안면골재건정복술 D,3299
JM0081T,4000000,,,,5,,,치과보철료,행위,치과의 보철료,,,,FIXED ORTHODONTIC TX D 악안면기형안골교정술 D,3300
JM0077T,5000000,,,,5,,,치과보철료,행위,치과의 보철료,,,,MANDIBULAR RECONSTRUCTION E 악안면골재건정복술 E,3301
EX934,30000,,,,5,,,치아검사,행위,치과처치 및 수술료,,,,인상채득 및 모형제작[1악당],3302
HZEN00501,200000,,,,5,,,코,행위,처치 및 수술료 등,,,,코골음성형술 [단순]비급여(구개수/구개만실시),3303
HZEN00502,400000,,,,5,,,코,행위,처치 및 수술료 등,,,,코골음성형술 [복잡]비급여(구개수/구개[인두포함,3304
HF201,121620,,급여 인정기준 외 실시한 경우 비급여,,5,,,특수검사,행위,영상진단 및 방사선 치료료,자기공명영상진단료(MRI),,,확산-기본검사 동시,3305
HF203,128030,,급여 인정기준 외 실시한 경우 비급여,,5,,,특수검사,행위,영상진단 및 방사선 치료료,자기공명영상진단료(MRI),,,분광영상-기본검사 동시,3306
HF202,187230,,급여 인정기준 외 실시한 경우 비급여,,5,,,특수검사,행위,영상진단 및 방사선 치료료,자기공명영상진단료(MRI),,,관류 [3차원자기공명영상 포함]-기본검사 동시,3307
HF101,224820,,급여 인정기준 외 실시한 경우 비급여,,5,,,특수검사,행위,영상진단 및 방사선 치료료,자기공명영상진단료(MRI),,,확산,3308
HF103,225730,,급여 인정기준 외 실시한 경우 비급여,,5,,,특수검사,행위,영상진단 및 방사선 치료료,자기공명영상진단료(MRI),,,분광영상,3309
HF102,342540,,급여 인정기준 외 실시한 경우 비급여,,5,,,특수검사,행위,영상진단 및 방사선 치료료,자기공명영상진단료(MRI),,,관류 [3차원자기공명영상 포함],3310
HF104,511040,,급여 인정기준 외 실시한 경우 비급여,,5,,,특수검사,행위,영상진단 및 방사선 치료료,자기공명영상진단료(MRI),,,영화 [3차원자기공명영상 포함],3311
HF105,397090,,급여 인정기준 외 실시한 경우 비급여,,5,,,특수검사,행위,영상진단 및 방사선 치료료,자기공명영상진단료(MRI),,,Dynamic,3312
HF106,450000,,급여 인정기준 외 실시한 경우 비급여,,5,,,특수검사,행위,영상진단 및 방사선 치료료,자기공명영상진단료(MRI),,,이중조영,3313
HF107,588720,,급여 인정기준 외 실시한 경우 비급여,,5,,,특수검사,행위,영상진단 및 방사선 치료료,자기공명영상진단료(MRI),,,기능적 [3차원자기공명영상 포함],3314
FZ733,50000,,,자발및 주시 안진검사,5,,,평형 및 청각기능검사,행위,검사료,,,,비디오전기안진검사,3315
FZ733,50000,,,두위 및 두위변환 안진검사,5,,,평형 및 청각기능검사,행위,검사료,,,,비디오전기안진검사,3316
FZ733,100000,,,"정밀 : 신경과 (자발안진, 주진, 주시, 체위변환)",5,,,평형 및 청각기능검사,행위,검사료,,,,비디오전기안진검사,3317
FZ733,31010,,,냉온교대 검사,5,,,평형 및 청각기능검사,행위,검사료,,,,비디오전기안진검사,3318
FZ733,50000,,,시운동성 안진 및 시운동후 안진검사,5,,,평형 및 청각기능검사,행위,검사료,,,,비디오전기안진검사,3319
FZ733,50000,,,급속안구 운동검사,5,,,평형 및 청각기능검사,행위,검사료,,,,비디오전기안진검사,3320
FZ733,50000,,,시표추적검사,5,,,평형 및 청각기능검사,행위,검사료,,,,비디오전기안진검사,3321
HZDE02303,3000,,부가가치세 별도,,5,,,피부 및 연부조직,행위,처치 및 수술료 등,,,,여드름 치료(소),3322
HZDE02101,5000,,,,5,,,피부 및 연부조직,행위,처치 및 수술료 등,,,,Bleomycin 병변내 주입(소)-비급여,3323
HZDE02202,5000,,,,5,,,피부 및 연부조직,행위,처치 및 수술료 등,,,,사마귀제거 [대]사마귀 3개 미만인 경우 산정,3324
HZDE02302,5000,,부가가치세 별도,,5,,,피부 및 연부조직,행위,처치 및 수술료 등,,,,여드름 치료(중),3325
HZDE00103,10000,,부가가치세 별도,,5,,,피부 및 연부조직,행위,처치 및 수술료 등,,,,"기미,주근깨,점 제거술[소]-Size 0.2cm 이하",3326
HZDE02001,10000,,,,5,,,피부 및 연부조직,행위,처치 및 수술료 등,,,,Bleomycin 병변내 주입(대)-비급여,3327
HZDE02201,10000,,,,5,,,피부 및 연부조직,행위,처치 및 수술료 등,,,,사마귀제거 [대]사마귀 3개 이상인 경우 산정,3328
HZDE02301,10000,,부가가치세 별도,,5,,,피부 및 연부조직,행위,처치 및 수술료 등,,,,여드름 치료(대),3329
HZFM00100,14000,,,,5,,,피부 및 연부조직,행위,처치 및 수술료 등,,,,메조테라피 (mesotherapy) 1회당,3330
HZDE00102,20000,,부가가치세 별도,,5,,,피부 및 연부조직,행위,처치 및 수술료 등,,,,"기미,주근깨,점 제거술[중]-Size 0.3cm",3331
HZDE00101,30000,,부가가치세 별도,,5,,,피부 및 연부조직,행위,처치 및 수술료 등,,,,"기미,주근깨,점 제거술[대]-Size 0.4cm 이상",3332
HZDE01903,30000,,,,5,,,피부 및 연부조직,행위,처치 및 수술료 등,,,,박피술 [화학] [소],3333
HZDE01102,50000,,부가가치세 별도,,5,,,피부 및 연부조직,행위,처치 및 수술료 등,,,,IPL(코밑수염제모-여자) 2회째,3334
HZDE01103,50000,,부가가치세 별도,,5,,,피부 및 연부조직,행위,처치 및 수술료 등,,,,IPL(코밑수염제모-여자) 3회째,3335
HZDE01902,50000,,,,5,,,피부 및 연부조직,행위,처치 및 수술료 등,,,,박피술 [화학] [중],3336
HZDE00503,100000,,부가가치세 별도,,5,,,피부 및 연부조직,행위,처치 및 수술료 등,,,,IPL (코주변만) - 비급여,3337
HZDE01101,100000,,부가가치세 별도,,5,,,피부 및 연부조직,행위,처치 및 수술료 등,,,,IPL(코밑수염제모-여자)1 회째,3338
HZDE01901,100000,,,,5,,,피부 및 연부조직,행위,처치 및 수술료 등,,,,박피술 [화학] [대],3339
HZDE00600B,150000,,부가가치세 별도,,5,,,피부 및 연부조직,행위,처치 및 수술료 등,,,,IPL (겨드랑이 양측-제모) - 비급여,3340
HZDE00502,200000,,부가가치세 별도,,5,,,피부 및 연부조직,행위,처치 및 수술료 등,,,,IPL (이마제외 얼굴전체) - 비급여,3341
HZDE00501,300000,,부가가치세 별도,,5,,,피부 및 연부조직,행위,처치 및 수술료 등,,,,IPL (얼굴전체) - 비급여,3342
HZDE01400B,300000,,부가가치세 별도,,5,,,피부 및 연부조직,행위,처치 및 수술료 등,,,,IPL (허벅지 양측-제모) - 비급여,3343
HE138,400000,,급여 인정기준 외 실시한 경우 비급여,,5,,,혈관,행위,영상진단 및 방사선 치료료,자기공명영상진단료(MRI),,,복부혈관-일반,3344
HE238,400000,,급여 인정기준 외 실시한 경우 비급여,,5,N,,혈관,행위,영상진단 및 방사선 치료료,자기공명영상진단료(MRI),,,복부혈관-조영제 주입 전/후 촬영판독,3345
HE139,400000,,급여 인정기준 외 실시한 경우 비급여,,5,,,혈관,행위,영상진단 및 방사선 치료료,자기공명영상진단료(MRI),,,사지혈관-일반,3346
HE239,400000,,급여 인정기준 외 실시한 경우 비급여,,5,N,,혈관,행위,영상진단 및 방사선 치료료,자기공명영상진단료(MRI),,,사지혈관-조영제 주입 전/후 촬영판독,3347
HE140,400000,,급여 인정기준 외 실시한 경우 비급여,,5,,,혈관,행위,영상진단 및 방사선 치료료,자기공명영상진단료(MRI),,,심혈관-일반,3348
HE240,400000,,급여 인정기준 외 실시한 경우 비급여,,5,N,,혈관,행위,영상진단 및 방사선 치료료,자기공명영상진단료(MRI),,,심혈관-조영제 주입 전/후 촬영판독,3349
HI135,428270,,급여 인정기준 외 실시한 경우 비급여,,5,,,혈관,행위,영상진단 및 방사선 치료료,자기공명영상진단료(MRI),,,뇌혈관-일반 (테슬라 3.0이상+품질관리적합),3350
HI235,569440,,급여 인정기준 외 실시한 경우 비급여,,5,N,,혈관,행위,영상진단 및 방사선 치료료,자기공명영상진단료(MRI),,,뇌혈관-조영제 주입 전/후 촬영판독(테슬라 3.0이상+품질관리적합),3351
HI136,428330,,급여 인정기준 외 실시한 경우 비급여,,5,,,혈관,행위,영상진단 및 방사선 치료료,자기공명영상진단료(MRI),,,경부혈관-일반 (테슬라3.0이상+품질관리적합),3352
HI236,604479,,급여 인정기준 외 실시한 경우 비급여,,5,Y,,혈관,행위,영상진단 및 방사선 치료료,자기공명영상진단료(MRI),,,경부혈관-조영제 주입 전/후 촬영판독 (테슬라3.0이상+품질관리적합),3353
HE137,450000,,급여 인정기준 외 실시한 경우 비급여,,5,,,혈관,행위,영상진단 및 방사선 치료료,자기공명영상진단료(MRI),,,흉부혈관-일반,3354
HE237,450000,,급여 인정기준 외 실시한 경우 비급여,,5,N,,혈관,행위,영상진단 및 방사선 치료료,자기공명영상진단료(MRI),,,흉부혈관-조영제 주입 전/후 촬영판독,3355
HE125,450000,,급여 인정기준 외 실시한 경우 비급여,,5,,,흉부,행위,영상진단 및 방사선 치료료,자기공명영상진단료(MRI),,,흉부-일반,3356
HE126,450000,,급여 인정기준 외 실시한 경우 비급여,,5,,,흉부,행위,영상진단 및 방사선 치료료,자기공명영상진단료(MRI),,,유방-일반,3357
HE124,450000,,급여 인정기준 외 실시한 경우 비급여,,5,,,흉부,행위,영상진단 및 방사선 치료료,자기공명영상진단료(MRI),,,심장-일반,3358
HE224,450000,,조영제 별도산정 급여 인정기준 외 실시한 경우 비급여,,5,N,,흉부,행위,영상진단 및 방사선 치료료,자기공명영상진단료(MRI),,,심장-조영제 주입 전/후 촬영판독,3359
HE225,450000,,조영제 별도산정 급여 인정기준 외 실시한 경우 비급여,,5,N,,흉부,행위,영상진단 및 방사선 치료료,자기공명영상진단료(MRI),,,흉부-조영제 주입 전/후 촬영판독,3360
HE226,450000,,조영제 별도산정 급여 인정기준 외 실시한 경우 비급여,,5,N,,흉부,행위,영상진단 및 방사선 치료료,자기공명영상진단료(MRI),,,유방-조영제 주입 전/후 촬영판독,3361
WZ00200,1000,,,,5,,,식대,행위,기타,,,,"보호자식대(공기밥,1개)",3362
WZ00100,6000,,,,5,,,식대,행위,기타,,,,"보호자식대(일반식,1식)",3363
SEA001,53790,,"직장, S상 결장경 검사",,5,,,진정내시경관리료,행위,검사료,,,,진정내시경 환자관리료Ⅰ,3364
SEA002,78050,,상부소화관내시경검사,,5,,,진정내시경관리료,행위,검사료,,,,진정내시경 환자관리료II,3365
SEA003,119620,,"결장경, 담도경, ERCP 내시경적역행성 담췌관조영술",,5,,,진정내시경관리료,행위,검사료,,,,진정내시경 환자관리료III,3366
SEA004,165440,,"기본기관지경검사, ERCP 경유두적담(췌)관경검사",,5,,,진정내시경관리료,행위,검사료,,,,진정내시경 환자관리료IV,3367
QA67001,0,,,,5,,,보조기류 (의치창 제작),치료재료,,,,,비데,3368
QA63002,0,,,,5,,,보조기류 (의치창 제작),치료재료,,,,,맹인용시계(음성),3369
QA64001,0,,,,5,,,보조기류 (의치창 제작),치료재료,,,,,인공후두,3370
QA64002,0,,,,5,,,보조기류 (의치창 제작),치료재료,,,,,인공뇨장,3371
QA65001,0,,,,5,,,보조기류 (의치창 제작),치료재료,,,,,맹인용컴퓨터,3372
QA65002,0,,,,5,,,보조기류 (의치창 제작),치료재료,,,,,브레일라이트,3373
QA66001,0,,,,5,,,보조기류 (의치창 제작),치료재료,,,,,독서확대기,3374
QA68001,0,,,,5,,,보조기류 (의치창 제작),치료재료,,,,,욕창방석,3375
QA68002,0,,,,5,,,보조기류 (의치창 제작),치료재료,,,,,욕창매트리스,3376
QA69001,0,,,,5,,,보조기류 (의치창 제작),치료재료,,,,,팩시밀리,3377
QA69002,0,,,,5,,,보조기류 (의치창 제작),치료재료,,,,,홍채렌즈,3378
QA11011,2150000,,,,5,,,보조기류 (의치창 제작),치료재료,,,,,어깨가슴의지(국-재래/국-실리콘미용수),3379
QA11012,951000,,,,5,,,보조기류 (의치창 제작),치료재료,,,,,어깨가슴의지(국-재래/국-PVC미용수),3380
QA11013,1142000,,,,5,,,보조기류 (의치창 제작),치료재료,,,,,어깨가슴의지(국-재래/중-작업수),3381
QA11014,2755000,,,,5,,,보조기류 (의치창 제작),치료재료,,,,,어깨가슴의지(독-골격/국-실리콘미용수),3382
QA11015,1993000,,,,5,,,보조기류 (의치창 제작),치료재료,,,,,어깨가슴의지(독-골격/국-PVC미용수),3383
QA12011,2150000,,,,5,,,보조기류 (의치창 제작),치료재료,,,,,어깨관절의지(국-재래/국-실리콘미용수),3384
QA12012,951000,,,,5,,,보조기류 (의치창 제작),치료재료,,,,,어깨관절의지(국-재래/국-PVC미용수),3385
QA12013,1142000,,,,5,,,보조기류 (의치창 제작),치료재료,,,,,어깨관절의지(국-재래/중-작업수),3386
QA12014,2730000,,,,5,,,보조기류 (의치창 제작),치료재료,,,,,어깨관절의지(독-골격/국-실리콘미용수),3387
QA12015,1975000,,,,5,,,보조기류 (의치창 제작),치료재료,,,,,어깨관절의지(독-골격/국-PVC미용수),3388
QA13014,1038000,,,,5,,,보조기류 (의치창 제작),치료재료,,,,,짧은위팔의지(국-재래/중-작업수),3389
QA13015,866000,,,,5,,,보조기류 (의치창 제작),치료재료,,,,,짧은위팔의지(국-재래/국-PVC미용수),3390
QA13016,1924000,,,,5,,,보조기류 (의치창 제작),치료재료,,,,,짧은위팔의지(국-재래/국-실리콘미용수),3391
QA13017,2260000,,,,5,,,보조기류 (의치창 제작),치료재료,,,,,짧은위팔의지(국-재래/독-기능수/미-작업수),3392
QA13021,1662000,,,,5,,,보조기류 (의치창 제작),치료재료,,,,,표준위팔의지(독-골격/국-PVC미용수),3393
QA13022,2375000,,,,5,,,보조기류 (의치창 제작),치료재료,,,,,표준위팔의지(독-골격/국-실리콘미용수),3394
QA13023,1576000,,,,5,,,보조기류 (의치창 제작),치료재료,,,,,표준위팔의지(독-재래/국-PVC미용수),3395
QA13024,2284000,,,,5,,,보조기류 (의치창 제작),치료재료,,,,,표준위팔의지(독-재래/국-실리콘미용수),3396
QA13025,2583000,,,,5,,,보조기류 (의치창 제작),치료재료,,,,,표준위팔의지(독-재래/독-기능수/미-작업수),3397
QA13026,866000,,,,5,,,보조기류 (의치창 제작),치료재료,,,,,표준위팔의지(국-재래/국-PVC미용수),3398
QA13027,1924000,,,,5,,,보조기류 (의치창 제작),치료재료,,,,,표준위팔의지(국-재래/국-실리콘미용수),3399
QA13028,2260000,,,,5,,,보조기류 (의치창 제작),치료재료,,,,,표준위팔의지(국-재래/독-기능수/미-작업수),3400
QA13029,975000,,,,5,,,보조기류 (의치창 제작),치료재료,,,,,표준위팔의지(국-재래/중-작업수),3401
QA14011,1719000,,,,5,,,보조기류 (의치창 제작),치료재료,,,,,팔꿈치관절의지(독-재래/국-PVC미용수),3402
QA14012,2404000,,,,5,,,보조기류 (의치창 제작),치료재료,,,,,팔꿈치관절의지(독-재래/국-실리콘미용수),3403
QA14013,2726000,,,,5,,,보조기류 (의치창 제작),치료재료,,,,,팔꿈치관절의지(독-재래/독-기능수/미-작업수),3404
QA14014,945000,,,,5,,,보조기류 (의치창 제작),치료재료,,,,,팔꿈치관절의지(국-재래/국-PVC미용수),3405
QA14015,1957000,,,,5,,,보조기류 (의치창 제작),치료재료,,,,,팔꿈치관절의지(국-재래/국-실리콘미용수),3406
QA14016,2279000,,,,5,,,보조기류 (의치창 제작),치료재료,,,,,팔꿈치관절의지(국-재래/독-기능수/미-작업수),3407
QA14017,1058000,,,,5,,,보조기류 (의치창 제작),치료재료,,,,,팔꿈치관절의지(국-재래/중-작업수),3408
QA15011,745000,,,,5,,,보조기류 (의치창 제작),치료재료,,,,,아주짧은아래팔의지(국-재래/국-PVC미용수),3409
QA15012,1664000,,,,5,,,보조기류 (의치창 제작),치료재료,,,,,아주짧은아래팔의지(국-재래/국-실리콘미용수),3410
QA15013,1984000,,,,5,,,보조기류 (의치창 제작),치료재료,,,,,아주짧은아래팔의지(국-재래/독-기능수/미-작업수),3411
QA15014,890000,,,,5,,,보조기류 (의치창 제작),치료재료,,,,,아주짧은아래팔의지(국-재래/중-작업수),3412
QA15021,729000,,,,5,,,보조기류 (의치창 제작),치료재료,,,,,(짧은)표준아래팔의지(국-재래/국-PVC미용수),3413
QA15022,1648000,,,,5,,,보조기류 (의치창 제작),치료재료,,,,,(짧은)표준아래팔의지(국-재래/국-실리콘미용수),3414
QA15023,1976000,,,,5,,,보조기류 (의치창 제작),치료재료,,,,,(짧은)표준아래팔의지(국-재래/독-기능수/미-작업수),3415
QA15024,883000,,,,5,,,보조기류 (의치창 제작),치료재료,,,,,(짧은)표준아래팔의지(국-재래/중-작업수),3416
QA15025,11075000,,,,5,,,보조기류 (의치창 제작),치료재료,,,,,(짧은)표준아래팔의지(독일-전자의수),3417
QA16011,115000,,,,5,,,보조기류 (의치창 제작),치료재료,,,,,손의지(국-PVC미용수),3418
QA16012,858000,,,,5,,,보조기류 (의치창 제작),치료재료,,,,,손의지(국-실리콘미용수),3419
QA17011,46000,,,,5,,,보조기류 (의치창 제작),치료재료,,,,,손가락의지(국-PVC미용수),3420
QA17012,325000,,,,5,,,보조기류 (의치창 제작),치료재료,,,,,손가락의지(국-실리콘미용수),3421
QA21011,7126000,,,,5,,,보조기류 (의치창 제작),치료재료,,,,,한쪽편골반의지(골격/회전),3422
QA21012,2215000,,,,5,,,보조기류 (의치창 제작),치료재료,,,,,한쪽편골반의지(재래/국산),3423
QA22021,7111000,,,,5,,,보조기류 (의치창 제작),치료재료,,,,,엉덩이관절의지(골격/회전),3424
QA22032,2215000,,,,5,,,보조기류 (의치창 제작),치료재료,,,,,엉덩이관절의지(재래/국산),3425
QA23000,6216000,,,,5,,,보조기류 (의치창 제작),치료재료,,,,,대퇴의지(골격/회전/기계/표준/골반대),3426
QA23021,5696000,,,,5,,,보조기류 (의치창 제작),치료재료,,,,,대퇴의지(골격/회전/기계/ 표준/허리반도),3427
QA23022,6870000,,,,5,,,보조기류 (의치창 제작),치료재료,,,,,대퇴의지(골격/회전/기압/기능1/허리반도),3428
QA23023,7317000,,,,5,,,보조기류 (의치창 제작),치료재료,,,,,대퇴의지(골격/회전/기압/기능2/허리반도),3429
QA23024,8925000,,,,5,,,보조기류 (의치창 제작),치료재료,,,,,대퇴의지(골격/회전/유압/기능1/허리반도),3430
QA23025,9372000,,,,5,,,보조기류 (의치창 제작),치료재료,,,,,대퇴의지(골격/회전/유압/기능2/허리반도),3431
QA23031,6015000,,,,5,,,보조기류 (의치창 제작),치료재료,,,,,대퇴의지(골격/회전/기계/표준/진공),3432
QA23032,7021000,,,,5,,,보조기류 (의치창 제작),치료재료,,,,,대퇴의지(골격/회전/기압/기능1/진공),3433
QA23033,6758000,,,,5,,,보조기류 (의치창 제작),치료재료,,,,,대퇴의지(골격/회전/기압/기능2/진공),3434
QA23034,9068000,,,,5,,,보조기류 (의치창 제작),치료재료,,,,,대퇴의지(골격/회전/유압/기능1/진공),3435
QA23035,9515000,,,,5,,,보조기류 (의치창 제작),치료재료,,,,,대퇴의지(골격/회전/유압/기능2/진공),3436
QA23036,10427000,,,,5,,,보조기류 (의치창 제작),치료재료,,,,,대퇴의지(골격/회전/유압/기능3/진공),3437
QA23037,10924000,,,,5,,,보조기류 (의치창 제작),치료재료,,,,,대퇴의지(골격/회전/유압/기능4/진공),3438
QA23038,30565000,,,,5,,,보조기류 (의치창 제작),치료재료,,,,,대퇴의지(골격/회전/C-leg/기능4/진공/신형),3439
QA23039,26540000,,,,5,,,보조기류 (의치창 제작),치료재료,,,,,대퇴의지(골격/회전/C-leg/기능4/진공/구형),3440
QA23041,6294000,,,,5,,,보조기류 (의치창 제작),치료재료,,,,,대퇴의지(골격/회전/기계/ 표준/실리콘),3441
QA23042,7468000,,,,5,,,보조기류 (의치창 제작),치료재료,,,,,대퇴의지(골격/회전/기압/기능1/실리콘),3442
QA23043,7915000,,,,5,,,보조기류 (의치창 제작),치료재료,,,,,대퇴의지(골격/회전/기압/기능2/실리콘),3443
QA23044,9515000,,,,5,,,보조기류 (의치창 제작),치료재료,,,,,대퇴의지(골격/회전/유압/기능1/실리콘),3444
QA23045,9962000,,,,5,,,보조기류 (의치창 제작),치료재료,,,,,대퇴의지(골격/회전/유압/기능2/실리콘),3445
QA23046,10886000,,,,5,,,보조기류 (의치창 제작),치료재료,,,,,대퇴의지(골격/회전/유압/기능3/실리콘),3446
QA23047,11452000,,,,5,,,보조기류 (의치창 제작),치료재료,,,,,대퇴의지(골격/회전/유압/기능4/실리콘),3447
QA23048,30887000,,,,5,,,보조기류 (의치창 제작),치료재료,,,,,대퇴의지(골격/회전/C-leg/기능4/실리콘/신형),3448
QA23049,26973000,,,,5,,,보조기류 (의치창 제작),치료재료,,,,,대퇴의지(골격/회전/C-leg/기능4/실리콘/구형),3449
QA23051,3200000,,,,5,,,보조기류 (의치창 제작),치료재료,,,,,넓적다리의지(재래/표준),3450
QA23052,3595000,,,,5,,,보조기류 (의치창 제작),치료재료,,,,,넓적다리의지(재래/골반대),3451
QA23053,3346000,,,,5,,,보조기류 (의치창 제작),치료재료,,,,,넓적다리의지(골격/건보용),3452
QA23054,4003000,,,,5,,,보조기류 (의치창 제작),치료재료,,,,,넓적다리의지(골격/건보용/실리콘),3453
QA24011,5275000,,,,5,,,보조기류 (의치창 제작),치료재료,,,,,무릎관절의지(골격/기계/표준),3454
QA24012,5417000,,,,5,,,보조기류 (의치창 제작),치료재료,,,,,무릎관절의지(골격/잠김형/표준),3455
QA24013,7553000,,,,5,,,보조기류 (의치창 제작),치료재료,,,,,무릎관절의지(골격/유압2/표준),3456
QA24014,5433000,,,,5,,,보조기류 (의치창 제작),치료재료,,,,,무릎관절의지(골격/기능1/일반형),3457
QA24015,6460000,,,,5,,,보조기류 (의치창 제작),치료재료,,,,,무릎관절의지(골격/기능1/유압),3458
QA24016,6907000,,,,5,,,보조기류 (의치창 제작),치료재료,,,,,무릎관절의지(골격/기능2/유압),3459
QA24017,7831000,,,,5,,,보조기류 (의치창 제작),치료재료,,,,,무릎관절의지(골격/기능3/유압),3460
QA24018,8398000,,,,5,,,보조기류 (의치창 제작),치료재료,,,,,무릎관절의지(골격/기능4/유압),3461
QA24021,3213000,,,,5,,,보조기류 (의치창 제작),치료재료,,,,,무릎관절의지(재래),3462
VM062,1700,,,,5,,,붕대 류,치료재료,,,,,8자 붕대(소),3463
BJ4503BM,1094947,,,,5,,,혈관내영상카테타,치료재료,,,,,OPTICROSS CORONARY IMAGING CATHETER(전규격)듀렉스,3464
BL3004EA,6800,,,,5,,,OSTOMY용 ACCESSORY,치료재료,,,,,3M No sting Barrier film,3465
BJ4803GZ,638624,,,,5,,,경막외강 신경박리술용,치료재료,,,,,EPISOL (GS MEDICAL) 메디스타,3466
BE4303DL,1940000,,,,5,,,기타 관절치환용 재료,치료재료,,,,,(OR) TRABECULAR METAL FEMORAL CONE AUGMENT 이원,3467
BL7601NM,59930,,,,5,,,기타근관충전재(MTA),치료재료,,,,,(DT)PRO ROOT MTA(1/2가),3468
BJ1001BL,3393,,,,5,,,배액관 고정용판,치료재료,,,,,DRAIN KEEPER (1개/월)　 이노메디,3469
BJ1009GA,2940,,,,5,,,배액관 고정용판,치료재료,,,,,MULTIFIX L-1 (UNIMEDICS) 태성메디칼,3470
BJ1010CO,7400,,,,5,,,배액관 고정용판,치료재료,,,,,ACE GRIP ENDO FIX (ACE MEDICAL),3471
3011500001,970,,,,5,,,"병원비품 류(체온계, 변기, 시트등)",치료재료,,,,,Urine bottle with cap 1000ml (소변기),3472
3011600002,1380,,,,5,,,"병원비품 류(체온계, 변기, 시트등)",치료재료,,,,,Bed Pan(대변기) (pvc),3473
QA55003,1059000,,,,5,,,보조기류 (의치창 제작),치료재료,,,,,보청기(기본형/Ignite-P 20/고막형),3474
QA55004,1278000,,,,5,,,보조기류 (의치창 제작),치료재료,,,,,보청기(일반형 1/Ignite-P 30/귀속형),3475
QA55005,1754000,,,,5,,,보조기류 (의치창 제작),치료재료,,,,,보청기(일반형 1/Ignite-P 30/소형 귀속형),3476
QA55006,1429000,,,,5,,,보조기류 (의치창 제작),치료재료,,,,,보청기(일반형 1/Ignite-P 30/고막형),3477
QA55007,1807000,,,,5,,,보조기류 (의치창 제작),치료재료,,,,,보청기(일반형 2/X Series-P 70/귀속형),3478
QA55008,2417000,,,,5,,,보조기류 (의치창 제작),치료재료,,,,,보청기(일반형 2/X Series-P 70/초소형 귀속형),3479
QA55009,1930000,,,,5,,,보조기류 (의치창 제작),치료재료,,,,,보청기(일반형 2/X Series-P 70/고막형),3480
QA55010,2069000,,,,5,,,보조기류 (의치창 제작),치료재료,,,,,보청기(일반형 2/SoundLens-P 11 70/초소형 고막형),3481
QA55011,2103000,,,,5,,,보조기류 (의치창 제작),치료재료,,,,,보청기(고급형/X Series-P 90/귀속형),3482
QA55012,2853000,,,,5,,,보조기류 (의치창 제작),치료재료,,,,,보청기(고급형/X Series-P 90/소형 귀속형),3483
QA55014,2440000,,,,5,,,보조기류 (의치창 제작),치료재료,,,,,보청기(고급형/SoundLens-P 11 90/초소형 고막형),3484
QA55015,2392000,,,,5,,,보조기류 (의치창 제작),치료재료,,,,,보청기(최고급형/X Series-P 110/귀속형),3485
QA55016,3099000,,,,5,,,보조기류 (의치창 제작),치료재료,,,,,보청기(최고급형/X Series-P 110/소형 귀속형),3486
QA55017,2511000,,,,5,,,보조기류 (의치창 제작),치료재료,,,,,보청기(최고급형/X Series-P 110/고막형),3487
QA55018,2598000,,,,5,,,보조기류 (의치창 제작),치료재료,,,,,보청기(최고급형/SoundLens-P 11 110/초소형 고막형),3488
QA55019,1653000,,,,5,,,보조기류 (의치창 제작),치료재료,,,,,보청기(고출력일반형/I-Power/귀속형),3489
QA55020,1754000,,,,5,,,보조기류 (의치창 제작),치료재료,,,,,보청기(고출력일반형/I-Power/고막형),3490
QA55021,2239000,,,,5,,,보조기류 (의치창 제작),치료재료,,,,,보청기(고출력최고급형/X-Power/귀속형),3491
QA55022,2281000,,,,5,,,보조기류 (의치창 제작),치료재료,,,,,보청기(고출력최고급형/X-Power/고막형),3492
QA56001,440000,,,,5,,,보조기류 (의치창 제작),치료재료,,,,,보청기(보급형Aries/귀걸이형),3493
QA56002,570000,,,,5,,,보조기류 (의치창 제작),치료재료,,,,,보청기(기본형/Ignite 20 Power Plus/귀걸이형),3494
QA56003,796000,,,,5,,,보조기류 (의치창 제작),치료재료,,,,,보청기(일반형 1/Ignite 30 Power Plus/귀걸이형),3495
QA56004,1365000,,,,5,,,보조기류 (의치창 제작),치료재료,,,,,보청기(일반형 2/Xino 70/개방형),3496
QA56005,1474000,,,,5,,,보조기류 (의치창 제작),치료재료,,,,,보청기(고급형/Xino 90/개방형),3497
QA56006,2324000,,,,5,,,보조기류 (의치창 제작),치료재료,,,,,보청기(최고급형/Xino 110/개방형),3498
QA56007,611000,,,,5,,,보조기류 (의치창 제작),치료재료,,,,,보청기(고출력보급형/DP 8 귀걸이형),3499
QA55013,2206000,,,,5,,,보조기류 (의치창 제작),치료재료,,,,,보청기(고급형/X Series-P 90/고막형),3500
QA55001,969000,,,,5,,,보조기류 (의치창 제작),치료재료,,,,,보청기(기본형/Ignite-P20/귀속형),3501
QA55002,1145000,,,,5,,,보조기류 (의치창 제작),치료재료,,,,,보청기(기본형/Ignite-P 20/소형 귀속형),3502
QA33022,505000,,,,5,,,보조기류 (의치창 제작),치료재료,,,,,아트란타,3503
QA33031,569000,,,,5,,,보조기류 (의치창 제작),치료재료,,,,,긴다리보조기(골반대부착)(국산/표준),3504
QA33032,877000,,,,5,,,보조기류 (의치창 제작),치료재료,,,,,긴다리보조기(골반대부착)(외산/표준),3505
QA33033,977000,,,,5,,,보조기류 (의치창 제작),치료재료,,,,,긴다리보조기(골반대부착)(외산/반자동),3506
QA33044,333000,,,,5,,,보조기류 (의치창 제작),치료재료,,,,,긴다리보조기(국산/표준),3507
QA33045,763000,,,,5,,,보조기류 (의치창 제작),치료재료,,,,,긴다리보조기(외산/표준),3508
QA33046,895000,,,,5,,,보조기류 (의치창 제작),치료재료,,,,,긴다리보조기(외산/반자동),3509
QA33047,586000,,,,5,,,보조기류 (의치창 제작),치료재료,,,,,긴다리보조기(프라스틱형),3510
QA33048,362000,,,,5,,,보조기류 (의치창 제작),치료재료,,,,,긴다리보조기(보우레그형),3511
QA33051,553000,,,,5,,,보조기류 (의치창 제작),치료재료,,,,,양쪽긴다리보조기(국산/표준),3512
QA33052,1295000,,,,5,,,보조기류 (의치창 제작),치료재료,,,,,양쪽긴다리보조기(외산/표준),3513
QA33053,1306000,,,,5,,,보조기류 (의치창 제작),치료재료,,,,,양쪽긴다리보조기(외산/반자동),3514
QA33061,166000,,,,5,,,보조기류 (의치창 제작),치료재료,,,,,무릎관절보조기(각도조절/돈죠이/A/P/M/LCL brace),3515
QA33062,236000,,,,5,,,보조기류 (의치창 제작),치료재료,,,,,무릎관절보조기(레녹스힐),3516
QA33063,256000,,,,5,,,보조기류 (의치창 제작),치료재료,,,,,무릎관절보조기(슬관절보조기),3517
QA33064,83000,,,,5,,,보조기류 (의치창 제작),치료재료,,,,,무릎관절보조기(니써포트),3518
QA33065,92000,,,,5,,,보조기류 (의치창 제작),치료재료,,,,,무릎관절보조기(갤텍스),3519
QA33071,418000,,,,5,,,보조기류 (의치창 제작),치료재료,,,,,짧은다리보조기(PTB형/국산),3520
QA33072,656000,,,,5,,,보조기류 (의치창 제작),치료재료,,,,,짧은다리보조기(PTB형/외산),3521
QA33073,283000,,,,5,,,보조기류 (의치창 제작),치료재료,,,,,"짧은다리플라스틱보조기(고정형,90도 고정형)",3522
QA33074,135000,,,,5,,,보조기류 (의치창 제작),치료재료,,,,,짧은다리플라스틱보조기(일반형),3523
QA33081,251000,,,,5,,,보조기류 (의치창 제작),치료재료,,,,,발목관절보조기(국산/고정형),3524
QA33082,420000,,,,5,,,보조기류 (의치창 제작),치료재료,,,,,발목관절보조기(외산/고정형),3525
QA33083,302000,,,,5,,,보조기류 (의치창 제작),치료재료,,,,,발목관절보조기(국산/크렌쟉식),3526
QA33084,486000,,,,5,,,보조기류 (의치창 제작),치료재료,,,,,발목관절보조기(외산/크렌쟉식),3527
QA33085,47000,,,,5,,,보조기류 (의치창 제작),치료재료,,,,,발목관절보조기(경성),3528
QA33086,31000,,,,5,,,보조기류 (의치창 제작),치료재료,,,,,발목관절보조기(연성),3529
QA41018,84000,,,,5,,,보조기류 (의치창 제작),치료재료,,,,,정형외과용구두(기성단화/표준),3530
QA41019,75000,,,,5,,,보조기류 (의치창 제작),치료재료,,,,,정형외과용구두(기성정형화/표준),3531
QA41020,77000,,,,5,,,보조기류 (의치창 제작),치료재료,,,,,정형외과용구두(기성장화/표준),3532
QA42022,197000,,,,5,,,보조기류 (의치창 제작),치료재료,,,,,정형외과용구두(수제단화/기능1),3533
QA42023,274000,,,,5,,,보조기류 (의치창 제작),치료재료,,,,,정형외과용구두(수제단화/기능2),3534
QA42024,313000,,,,5,,,보조기류 (의치창 제작),치료재료,,,,,정형외과용구두(수제단화/기능3),3535
QA43030,167000,,,,5,,,보조기류 (의치창 제작),치료재료,,,,,정형외과용구두(수제단화/표준),3536
QA43031,243000,,,,5,,,보조기류 (의치창 제작),치료재료,,,,,정형외과용구두(수제정형화/표준),3537
QA43032,249000,,,,5,,,보조기류 (의치창 제작),치료재료,,,,,정형외과용구두(수제정형화/기능1),3538
QA43033,327000,,,,5,,,보조기류 (의치창 제작),치료재료,,,,,정형외과용구두(수제정형화/기능2),3539
QA43034,343000,,,,5,,,보조기류 (의치창 제작),치료재료,,,,,정형외과용구두(수제정형화/기능3),3540
QA44041,269000,,,,5,,,보조기류 (의치창 제작),치료재료,,,,,정형외과용구두(수제장화/표준),3541
QA44042,322000,,,,5,,,보조기류 (의치창 제작),치료재료,,,,,정형외과용구두(수제장화/기능1),3542
QA44043,353000,,,,5,,,보조기류 (의치창 제작),치료재료,,,,,정형외과용구두(수제장화/기능2),3543
QA44044,415000,,,,5,,,보조기류 (의치창 제작),치료재료,,,,,정형외과용구두(수제장화/기능3),3544
QA45051,237000,,,,5,,,보조기류 (의치창 제작),치료재료,,,,,정형외과용구두(정형제화/보험),3545
QA46011,78000,,,,5,,,보조기류 (의치창 제작),치료재료,,,,,인솔,3546
QA51011,757000,,,,5,,,보조기류 (의치창 제작),치료재료,,,,,의안(고정),3547
QA51012,1687000,,,,5,,,보조기류 (의치창 제작),치료재료,,,,,의안(동작),3548
QA52000,3312000,,,,5,,,보조기류 (의치창 제작),치료재료,,,,,의이,3549
QA53031,1266000,,,,5,,,보조기류 (의치창 제작),치료재료,,,,,보청기(귀속형/압축형/SECRET),3550
QA53032,1278000,,,,5,,,보조기류 (의치창 제작),치료재료,,,,,보청기(귀속형/파워형/MEGA X),3551
QA53033,1744000,,,,5,,,보조기류 (의치창 제작),치료재료,,,,,보청기(귀속형/디지털/AXENT),3552
QA53034,1507000,,,,5,,,보조기류 (의치창 제작),치료재료,,,,,보청기(귀속형/디지털/SEQUEL II),3553
QA53035,959000,,,,5,,,보조기류 (의치창 제작),치료재료,,,,,보청기(귀속형/디지털/ENDEAVOUR TYM),3554
QA53036,825000,,,,5,,,보조기류 (의치창 제작),치료재료,,,,,보청기(귀속형/디지털/ENDEAVOUR INTRA),3555
QA53037,825000,,,,5,,,보조기류 (의치창 제작),치료재료,,,,,보청기(귀속형/디지털/ENDEAVOUR INTRA),3556
QA53038,1283000,,,,5,,,보조기류 (의치창 제작),치료재료,,,,,보청기(귀속형/디지털/DXW),3557
QA53041,970000,,,,5,,,보조기류 (의치창 제작),치료재료,,,,,보청기(귀속형/디지털/DESTINY 200 ITC),3558
QA53042,1335000,,,,5,,,보조기류 (의치창 제작),치료재료,,,,,보청기(귀속형/디지털/DESTINY 400 ITC),3559
QA53043,1628000,,,,5,,,보조기류 (의치창 제작),치료재료,,,,,보청기(귀속형/디지털/DESTINY 800 ITC),3560
QA53044,2168000,,,,5,,,보조기류 (의치창 제작),치료재료,,,,,보청기(귀속형/디지털/DESTINY 1200 ITC),3561
QA53051,1444000,,,,5,,,보조기류 (의치창 제작),치료재료,,,,,보청기(귀속형/디지털/DESTINY 200 M-ITC),3562
QA53052,2154000,,,,5,,,보조기류 (의치창 제작),치료재료,,,,,보청기(귀속형/디지털/DESTINY 400 M-ITC),3563
QA53053,2619000,,,,5,,,보조기류 (의치창 제작),치료재료,,,,,보청기(귀속형/디지털/DESTINY 800 M-ITC),3564
QA53054,3419000,,,,5,,,보조기류 (의치창 제작),치료재료,,,,,보청기(귀속형/디지털/DESTINY 1200 M-ITC),3565
QA53061,1574000,,,,5,,,보조기류 (의치창 제작),치료재료,,,,,보청기(귀속형/디지털/DESTINY 200 CIC),3566
QA53062,2344000,,,,5,,,보조기류 (의치창 제작),치료재료,,,,,보청기(귀속형/디지털/DESTINY 200 CIC),3567
QA53063,2831000,,,,5,,,보조기류 (의치창 제작),치료재료,,,,,보청기(귀속형/디지털/DESTINY 800 CIC),3568
QA53064,3642000,,,,5,,,보조기류 (의치창 제작),치료재료,,,,,보청기(귀속형/디지털/DESTINY 1200 CIC),3569
QA54071,433000,,,,5,,,보조기류 (의치창 제작),치료재료,,,,,보청기(귀걸이/파워형/A13HDP),3570
QA54072,448000,,,,5,,,보조기류 (의치창 제작),치료재료,,,,,보청기(귀걸이/파워형/A675TSP),3571
QA54073,696000,,,,5,,,보조기류 (의치창 제작),치료재료,,,,,보청기(귀걸이/압축형/A675SEQ AV),3572
QA54074,1010000,,,,5,,,보조기류 (의치창 제작),치료재료,,,,,보청기(귀걸이/디지털/DAVINCI PXP),3573
QA54075,969000,,,,5,,,보조기류 (의치창 제작),치료재료,,,,,보청기(귀걸이/디지털/DAVINCI PSP),3574
QA54076,451000,,,,5,,,보조기류 (의치창 제작),치료재료,,,,,보청기(귀걸이/디지털/DP 7 BTE),3575
QA54081,519000,,,,5,,,보조기류 (의치창 제작),치료재료,,,,,보청기(귀걸이/디지털/DESTINY 200 BTE),3576
QA54082,902000,,,,5,,,보조기류 (의치창 제작),치료재료,,,,,보청기(귀걸이/디지털/DESTINY 200 BTE),3577
QA54083,1162000,,,,5,,,보조기류 (의치창 제작),치료재료,,,,,보청기(귀걸이/디지털/DESTINY 800 BTE),3578
QA54084,1367000,,,,5,,,보조기류 (의치창 제작),치료재료,,,,,보청기(귀걸이/디지털/DESTINY 1200 BTE),3579
QA61001,0,,,,5,,,보조기류 (의치창 제작),치료재료,,,,,철크럿치(알루미늄/경량),3580
QA61002,0,,,,5,,,보조기류 (의치창 제작),치료재료,,,,,철크럿치(알루미늄/중량),3581
QA61003,0,,,,5,,,보조기류 (의치창 제작),치료재료,,,,,목발(목),3582
QA61004,0,,,,5,,,보조기류 (의치창 제작),치료재료,,,,,지팡이(듀랄루민제),3583
QA61005,0,,,,5,,,보조기류 (의치창 제작),치료재료,,,,,흰지팡이,3584
QA62001,0,,,,5,,,보조기류 (의치창 제작),치료재료,,,,,맹인용안경,3585
QA62002,0,,,,5,,,보조기류 (의치창 제작),치료재료,,,,,변색안경,3586
QA62003,0,,,,5,,,보조기류 (의치창 제작),치료재료,,,,,저시력보조안경,3587
QA63001,0,,,,5,,,보조기류 (의치창 제작),치료재료,,,,,맹인용시계(점자),3588
VM062,1700,,,,5,,,붕대 류,치료재료,,,,,8자 붕대(중),3589
QA24022,3226000,,,,5,,,보조기류 (의치창 제작),치료재료,,,,,무릎관절의지(골격/건보용),3590
QA24023,3793000,,,,5,,,보조기류 (의치창 제작),치료재료,,,,,무릎관절의지(골격/건보용/실리콘),3591
QA24027,6280000,,,,5,,,보조기류 (의치창 제작),치료재료,,,,,무릎관절의지(골격/유압1/표준),3592
QA25017,1614000,,,,5,,,보조기류 (의치창 제작),치료재료,,,,,종아리굴곡체중부하의지(건보용/일반형),3593
QA25018,1941000,,,,5,,,보조기류 (의치창 제작),치료재료,,,,,종아리굴곡체중부하의지(건보용/실리콘형),3594
QA25021,2615000,,,,5,,,보조기류 (의치창 제작),치료재료,,,,,짧은종아리의지(표준/장식),3595
QA25022,3116000,,,,5,,,보조기류 (의치창 제작),치료재료,,,,,짧은종아리의지(실리콘/장식),3596
QA25031,2869000,,,,5,,,보조기류 (의치창 제작),치료재료,,,,,종아리의지(골격/표준),3597
QA25032,3028000,,,,5,,,보조기류 (의치창 제작),치료재료,,,,,종아리의지(골격/기능1),3598
QA25033,3475000,,,,5,,,보조기류 (의치창 제작),치료재료,,,,,종아리의지(골격/기능2),3599
QA25034,4399000,,,,5,,,보조기류 (의치창 제작),치료재료,,,,,종아리의지(골격/기능3),3600
QA25035,4965000,,,,5,,,보조기류 (의치창 제작),치료재료,,,,,종아리의지(골격/기능4),3601
QA25041,3215000,,,,5,,,보조기류 (의치창 제작),치료재료,,,,,종아리의지(골격/표준/보급형실리콘),3602
QA25042,3373000,,,,5,,,보조기류 (의치창 제작),치료재료,,,,,종아리의지(골격/기능1/표준형실리콘),3603
QA25043,3820000,,,,5,,,보조기류 (의치창 제작),치료재료,,,,,종아리의지(골격/기능2/표준형실리콘),3604
QA25044,4745000,,,,5,,,보조기류 (의치창 제작),치료재료,,,,,종아리의지(골격/기능3/표준형실리콘),3605
QA25045,5311000,,,,5,,,보조기류 (의치창 제작),치료재료,,,,,종아리의지(골격/기능4/표준형실리콘),3606
QA25051,3547000,,,,5,,,보조기류 (의치창 제작),치료재료,,,,,종아리의지(골격/표준/고급형실리콘),3607
QA25052,3705000,,,,5,,,보조기류 (의치창 제작),치료재료,,,,,종아리의지(골격/기능1/고급형실리콘),3608
QA25053,4149000,,,,5,,,보조기류 (의치창 제작),치료재료,,,,,종아리의지(골격/기능2/고급형실리콘),3609
QA25054,5086000,,,,5,,,보조기류 (의치창 제작),치료재료,,,,,종아리의지(골격/기능3/고급형실리콘),3610
QA25055,5652000,,,,5,,,보조기류 (의치창 제작),치료재료,,,,,종아리의지(골격/기능4/고급형실리콘),3611
QA25061,9037000,,,,5,,,보조기류 (의치창 제작),치료재료,,,,,종아리의지(골격/기능3/하모니형),3612
QA25062,9783000,,,,5,,,보조기류 (의치창 제작),치료재료,,,,,종아리의지(골격/기능4/하모니형),3613
QA25071,1195000,,,,5,,,보조기류 (의치창 제작),치료재료,,,,,종아리의지(골격/건보용/일반),3614
QA25072,1829000,,,,5,,,보조기류 (의치창 제작),치료재료,,,,,종아리의지(골격/건보용/실리콘),3615
QA25073,1446000,,,,5,,,보조기류 (의치창 제작),치료재료,,,,,종아리의지(재래/표준),3616
QA25074,1666000,,,,5,,,보조기류 (의치창 제작),치료재료,,,,,종아리의지(재래/장식),3617
QA25075,1935000,,,,5,,,보조기류 (의치창 제작),치료재료,,,,,종아리의지(재래/수영용),3618
QA25076,2235000,,,,5,,,보조기류 (의치창 제작),치료재료,,,,,종아리의지(골격/표준) 아동용,3619
QA25081,1358000,,,,5,,,보조기류 (의치창 제작),치료재료,,,,,싸임식발목관절의지(재래/일반형),3620
QA25082,2309000,,,,5,,,보조기류 (의치창 제작),치료재료,,,,,싸임식발목관절의지(재래/실리콘형),3621
QA25083,4240000,,,,5,,,보조기류 (의치창 제작),치료재료,,,,,싸임식발목관절의지(골격/고급형),3622
QA26011,564000,,,,5,,,보조기류 (의치창 제작),치료재료,,,,,의족(재래/피혁),3623
QA26012,1812000,,,,5,,,보조기류 (의치창 제작),치료재료,,,,,의족(재래/실리콘),3624
QA27013,479000,,,,5,,,보조기류 (의치창 제작),치료재료,,,,,발가락의지(재래/피혁),3625
QA27014,1337000,,,,5,,,보조기류 (의치창 제작),치료재료,,,,,발가락의지(재래/실리콘),3626
QA28011,1040000,,,,5,,,보조기류 (의치창 제작),치료재료,,,,,실리콘커버,3627
QA31011,423000,,,,5,,,보조기류 (의치창 제작),치료재료,,,,,어깨뼈외전보조기(견관절외전보조기),3628
QA31012,73000,,,,5,,,보조기류 (의치창 제작),치료재료,,,,,어깨뼈외전보조기(견관절외전필로우),3629
QA31013,69000,,,,5,,,보조기류 (의치창 제작),치료재료,,,,,어깨뼈외전보조기(쇄골지지 보조기),3630
QA31014,93000,,,,5,,,보조기류 (의치창 제작),치료재료,,,,,어깨뼈외전보조기(견관절탈구슬링),3631
QA31015,63000,,,,5,,,보조기류 (의치창 제작),치료재료,,,,,어깨뼈외전보조기(울트라슬링),3632
QA31016,29000,,,,5,,,보조기류 (의치창 제작),치료재료,,,,,어깨뼈외전보조기(암슬링),3633
QA31021,249000,,,,5,,,보조기류 (의치창 제작),치료재료,,,,,긴팔보조기(일반형/상박고정형),3634
QA31022,214000,,,,5,,,보조기류 (의치창 제작),치료재료,,,,,긴팔보조기(일반형/팔꿈치고정형),3635
QA31023,265000,,,,5,,,보조기류 (의치창 제작),치료재료,,,,,긴팔보조기(일반형/각도조절형),3636
QA31031,233000,,,,5,,,보조기류 (의치창 제작),치료재료,,,,,짧은팔보조기(전박골절보조기),3637
QA31042,125000,,,,5,,,보조기류 (의치창 제작),치료재료,,,,,손가락관절보조기(운동형),3638
QA31043,97000,,,,5,,,보조기류 (의치창 제작),치료재료,,,,,손가락관절보조기(고정형),3639
QA31044,26000,,,,5,,,보조기류 (의치창 제작),치료재료,,,,,손가락관절보조기(유텐실홀더형),3640
QA32011,26000,,,,5,,,보조기류 (의치창 제작),치료재료,,,,,목뼈보조기(필라델피아),3641
QA32012,21000,,,,5,,,보조기류 (의치창 제작),치료재료,,,,,목뼈보조기(토마스소프트칼라),3642
QA32013,94000,,,,5,,,보조기류 (의치창 제작),치료재료,,,,,목뼈보조기(SOMI형 경추보조기),3643
QA32014,106000,,,,5,,,보조기류 (의치창 제작),치료재료,,,,,목뼈보조기(4지주경추보조기),3644
QA32015,447000,,,,5,,,보조기류 (의치창 제작),치료재료,,,,,목뼈보조기(미네르바경추보조기),3645
QA32016,381000,,,,5,,,보조기류 (의치창 제작),치료재료,,,,,목뼈보조기(몰딩경추 보조기),3646
QA32021,188000,,,,5,,,보조기류 (의치창 제작),치료재료,,,,,척추보조기(나이트형보조기),3647
QA32022,182000,,,,5,,,보조기류 (의치창 제작),치료재료,,,,,척추보조기(테일러형보조기),3648
QA32023,194000,,,,5,,,보조기류 (의치창 제작),치료재료,,,,,척추보조기(나이트테일러형),3649
QA32024,270000,,,,5,,,보조기류 (의치창 제작),치료재료,,,,,척추보조기(쥬웨트형),3650
QA32025,182000,,,,5,,,보조기류 (의치창 제작),치료재료,,,,,척추보조기(윌리암스형),3651
QA32026,251000,,,,5,,,보조기류 (의치창 제작),치료재료,,,,,척추보조기(노턴브라운형),3652
QA32027,444000,,,,5,,,보조기류 (의치창 제작),치료재료,,,,,척추보조기(보스톤형),3653
QA32031,374000,,,,5,,,보조기류 (의치창 제작),치료재료,,,,,바디쟈켓(단순형/LSO형),3654
QA32032,377000,,,,5,,,보조기류 (의치창 제작),치료재료,,,,,바디쟈켓(복잡형/LSO형),3655
QA32041,162000,,,,5,,,보조기류 (의치창 제작),치료재료,,,,,"콜셋(등,허리.엉치뼈형)",3656
QA32042,108000,,,,5,,,보조기류 (의치창 제작),치료재료,,,,,콜셋(허리.엉치뼈형),3657
QA32043,32000,,,,5,,,보조기류 (의치창 제작),치료재료,,,,,콜셋(건보형),3658
QA32051,242000,,,,5,,,보조기류 (의치창 제작),치료재료,,,,,디스크닥터,3659
QA33011,80000,,,,5,,,보조기류 (의치창 제작),치료재료,,,,,보행보조벨트,3660
QA33012,95000,,,,5,,,보조기류 (의치창 제작),치료재료,,,,,골반보조기,3661
QA33021,302000,,,,5,,,보조기류 (의치창 제작),치료재료,,,,,고관절외전보조기,3662
QA23065,5696000,,,,5,,,보조기류 (의치창 제작),치료재료,,,,,넓적다리의지(골격/회전/기계/표준/허리반도),3663
QA25077,2249000,,,,5,,,보조기류 (의치창 제작),치료재료,,,,,종아리의지(골격/표준),3664
3011200086,3000,,,,5,,,보조기류(ARM SLING 등),치료재료,,,,,밸포밴드(중) Velpeau Brace 이노메디,3665
3011200083,1130,,,,5,,,보조기류(ARM SLING 등),치료재료,,,,,Thomas collar 중,3666
3011200082,2572,,,,5,,,보조기류(ARM SLING 등),치료재료,,,,,Thomas collar 소,3667
3011200030,9805,,,,5,,,보조기류(ARM SLING 등),치료재료,,,,,Crutch(대)　알루미늄,3668
3011200031,9805,,,,5,,,보조기류(ARM SLING 등),치료재료,,,,,Crutch(중) 알루미늄 1쌍(2개),3669
3011200033,8931,,,,5,,,보조기류(ARM SLING 등),치료재료,,,,,Crutch(특대),3670
3011200032,7628,,,,5,,,보조기류(ARM SLING 등),치료재료,,,,,목발(소),3671
VM061,900,,,,5,,,보조기류(ARM SLING 등),치료재료,,,,,Arm sling(팔걸이 소아용),3672
VM061,902,,,,5,,,보조기류(ARM SLING 등),치료재료,,,,,Arm sling( 팔걸이 성인용),3673
VM062,2130,,,,5,,,보조기류(ARM SLING 등),치료재료,,,,,8자 붕대 (대),3674
BZ101009,3634,,,,5,,,보조기류(ARM SLING 등),치료재료,,,,,벨포밴드(소) Velpeau Brace 이노메디,3675
VM070,888,,,,5,,,보조기류(ARM SLING 등),치료재료,,,,,Cast shoes(대),3676
BZ101003,888,,,,5,,,보조기류(ARM SLING 등),치료재료,,,,,Cast Shoes(중),3677
BZ101003,964,,,,5,,,보조기류(ARM SLING 등),치료재료,,,,,Cast Shoes(소),3678
BM5020HF,460,,,,5,,,"불투명.투명멸균드레싱 재료(단순, 건조드레싱류)",치료재료,,,,,CURE PAD 10*10 EVERAID,3679
BM5020HF,700,,,,5,,,"불투명.투명멸균드레싱 재료(단순, 건조드레싱류)",치료재료,,,,,CURE PAD 10*20 EVERAID,3680
BM5003EM,1269,,,,5,,,"불투명.투명멸균드레싱 재료(단순, 건조드레싱류)",치료재료,,,,,(OR) STERI STRIP REINFORCED SKIN CLOSURE 대일메디칼,3681
BM5020HF,950,,,,5,,,"불투명.투명멸균드레싱 재료(단순, 건조드레싱류)",치료재료,,,,,CURE PAD 15*20 EVERAID,3682
BM5008JK,1070,,,,5,,,"불투명.투명멸균드레싱 재료(단순, 건조드레싱류)",치료재료,,,,,ELABAN(엘라반)　비원메디칼,3683
BM5101BY,235,,,,5,,,불투명.투명멸균드레싱 재료(드레싱고정용),치료재료,,,,,웰픽스롤 반창고(SEWOON MEDICAL) 태성메디칼,3684
BZ101009,2928,,,,5,,,붕대 류,치료재료,,,,,벨포밴드(대) Velpeau Brace 이노메디,3685
4011100001,6259705,,,,5,,,외과수술용 선택품목 류,치료재료,,,,,(OR)음경보형물 700 CXM Penile Prosthesis 아시안메디칼,3686
3011200081,1130,,,,5,,,외과수술용 선택품목 류,치료재료,,,,,Thomas collar 대,3687
BL702005,20636,,,,5,,,의료용 기구 및 재료(기타),치료재료,,,,,(DT)COLLA TAPE/ 한국 바이텍,3688
BL701016,217805,,,,5,,,의료용 기구 및 재료(수술및처치용),치료재료,,,,,(DT)Tutoplast spongiosa microchip 1.0 cc,3689
K3006011,5880,,,,5,,,의료용 기구 및 재료(수술및처치용),치료재료,,,,,Chest tube 28fr,3690
K3006011,5880,,,,5,,,의료용 기구 및 재료(수술및처치용),치료재료,,,,,Thoracic Catheter(chest tube 32fr)Mallinckdort,3691
K3007011,5312,,,,5,,,의료용 기구 및 재료(수술및처치용),치료재료,,,,,Chest Tube(신생아용)-12Fr silcon 중앙메디칼,3692
K5001009,4020,,,,5,,,의료용 기구 및 재료(수술및처치용),치료재료,,,,,All Silastic Foley Cathe. 24Fr,3693
3011600008,3183,,,,5,,,인조안구체 & 기타 안과용 재료 류,치료재료,,,,,T-Lens 1ea (존슨앤존슨),3694
4011100002,1644252,,,,5,,,인체조직(BONE),치료재료,,,,,(OR)음경보형물 Malleable 600 (Road형) 한스무역,3695
BC0101AT,434642,,,,5,,,인체조직유래 2차 가공뼈,치료재료,,,,,(OR) DBX PUTTY 1cc 메디어스,3696
BC0101AT,869290,,,,5,,,인체조직유래 2차 가공뼈,치료재료,,,,,(OR) DBX PUTTY 2.5cc 메디어스,3697
BC0101IE,886210,,,,5,,,인체조직유래 2차 가공뼈,치료재료,,,,,(OR)Ortho Blast DBM Paste(3cc) 정한메디칼,3698
BC0101IE,388987,,,,5,,,인체조직유래 2차 가공뼈,치료재료,,,,,(OR)Ortho Blast DBM Paste(1cc) 정한메디칼,3699
BC0102QT,345000,,,,5,,,인체조직유래 2차 가공뼈,치료재료,,,,,(OR) BONGENER 1CC (CGBIO),3700
BC0102QT,855000,,,,5,,,인체조직유래 2차 가공뼈,치료재료,,,,,(OR) BONGENER 2.5CC (CGBIO),3701
BC0105ED,400000,,,,5,,,인체조직유래 2차 가공뼈,치료재료,,,,,(OR) X-GEN 에이지원케어,3702
BC0202IE,384957,,,,5,,,인체조직유래 2차 가공뼈,치료재료,,,,,(OR)Grafton DBM Putty (1cc),3703
BC0202IE,919899,,,,5,,,인체조직유래 2차 가공뼈,치료재료,,,,,(OR)Grafton DBM Putty(DYNAGRAFT Ⅱ) (2.5cc) JM메디칼,3704
BK7101DQ,778,,,,5,,,자착성(탄력)붕대,치료재료,,,,,Peha-haft 4cm*4m(Roll) 1m단가임 포비스,3705
BK7104DQ,1045,,,,5,,,자착성(탄력)붕대,치료재료,,,,,Peha-haft 6cm*20m(Roll) 1m단가임 포비스,3706
BK7105DQ,194,,,,5,,,자착성(탄력)붕대,치료재료,,,,,Peha-haft 8cm*20m(Roll) 1m단가임 포비스,3707
4020100020,7425,,,,5,,,조영제 및 처치용 약품류,치료재료,,,,,(OR)Gelfoam(Spongostan 7*5)　EA,3708
4020300002,9283,,,,5,,,조영제 및 처치용 약품류,치료재료,,,,,(OR)Spongostan Anal (MS0004)EA,3709
BM2201IE,66500,,,,5,,,창상피복제,치료재료,,,,,(OR)Nasopore standard 4cm 바이오즈,3710
BM2201IE,115104,,,,5,,,창상피복제,치료재료,,,,,(OR)Nasopore standard 8cm 바이오즈,3711
BF0101AY,660000,,,,5,,,척추경막외 유착방지제,치료재료,,,,,(OR) ADCON 메디스타,3712
BF0001DB,4300000,,,,5,,,척추고정용,치료재료,,,,,(OR)Discocerv 현대메디칼,3713
BL705001,10000,,,,5,,,치과용재료(처치용 약품류),치료재료,,,,,치과용 MINOCLINE DENTAL OINT,3714
L7401221,113300,,,,5,,,치과용재료류(골이식재),치료재료,,,,,(DT) BIO-OSS 0.25-1mm 0.5G,3715
BL702011,145167,,,,5,,,치과용재료류(골이식재),치료재료,,,,,(DT)Tutoplast pericardium(15*15) 거인씨앤아이,3716
L7401220,73854,,,,5,,,치과용재료류(인조골),치료재료,,,,,(DT) BIO-OSS 0.25-1mm 0.25G,3717
BL701017,109000,,,,5,,,치과용재료류(인조골),치료재료,,,,,(DT)Tutoplast spongiosa microchip 0.3 cc zimmer,3718
BL701015,121003,,,,5,,,치과용재료류(인조골),치료재료,,,,,(DT)Tutoplast spongiosa microchip 0.5cc,3719
L7414220,161450,,,,5,,,치과용재료류(조직유도재생막),치료재료,,,,,(DT) BIO-GIDE　13*25mm,3720
BL702012,183878,,,,5,,,치과용재료류(조직유도재생막),치료재료,,,,,(DT)Tutoplast pericardium(20*30) 거인씨앤아이,3721
L7414221,206000,,,,5,,,치과용재료류(조직유도재생막),치료재료,,,,,(DT) BIO-GIDE 25*25mm,3722
BL701016,217805,,,,5,,,치과용재료류(인조골),치료재료,,,,,(DT)Tutoplast spongiosa microchip 1.0 cc,3723
0,2,,,DCAST,5,,,,약제,,,,,피마자유 cc 약전,3724
655500020,80000,,,,5,,,,약제,,,,,가다실주 0.5ml/srg (프리필드시린지) MSD(자궁경부암 예방접종),3725
0,250,,,DH2O2,5,,,,약제,,,,,과산화수소수(병/250cc) (비급여) 성광제약,3726
648300043,493,,,D50GLY,5,,,,약제,,,,,그린관장약　(100mL)((주)그린제약),3727
0,2,,,,5,,,,약제,,,,,글리세린 cc(비급여) 약전,3728
668901890,30000,,,,5,,,,약제,,,,,뇌수막염백신(뉴힙주)　　　 엘지생명과학,3729
644903991,785,,,,5,,,,약제,,,,,크린조(염화나트륨),3730
655500030,80000,,,,5,,,,약제,,,,,로타텍액 (로타바이러스 예방백신)1cc/vial MSD,3731
642203580,90,,,DMYDR,5,,,,약제,,,,,익스트린엠캡슐(부광약품(주)) (비급여),3732
650400010,30000,,,,5,,,,약제,,,,,바리엘백신주(수두백신)/Vial　　　　　녹십자,3733
643601050,2700,,,DBIFO,5,,,,약제,,,,,바리토나액 30cc/Btl (비급여) 상아제약,3734
657400590,8,,,DVASE,5,,,,약제,,,,,백색바셀린연고　g　약전,3735
643603520,20000,,,,5,,,,약제,,,,,보령일본뇌염백신 1ml/Vial 보령제약,3736
651901200,58,,,,5,,,,약제,,,,,부롬정5밀리그람(명인제약) (비급여),3737
653801170,20,,,DDULCO,5,,,,약제,,,,,Bisacodyl 5mg (신일),3738
642100700,15,,,DBC,5,,,,약제,,,,,삐콤정 Tab(비급여) 유한,3739
657200370,152,,,,5,,,,약제,,,,,설간구구좌제 1pill (비급여) (환인제약),3740
650002650,153,,,DTRE2.5,5,,,,약제,,,,,스티바에이 0.025mg/g(비급여)　한국스티벨,3741
650002570,517,,,,5,,,,약제,,,,,스티바크림 0.05mg/g(비급여) 한국스티벨,3742
645300990,15,,,,5,,,,약제,,,,,스파몬정 한림,3743
670800110,11210,,,,5,,,,약제,,,,,시알리스 20mgtab(1정/주국비지원원내) 한국릴리,3744
641704360,1455,,,DSILDE100,5,,,,약제,,,,,일양실데나필정100밀리그램(일양약품(주)),3745
641704350,7480,,,,5,,,,약제,,,,,실데나필정　50mg (1정/주 국비지원 원내) 일양약품,3746
665900110,40000,,,,5,,,,약제,,,,,"아다셀주 0.5ml/syr (한독약품)(디프테리아, 백일해 및 파상풍백신)",3747
674900100,680,,,DAZEL,5,,,,약제,,,,,아젤리아크림 2%/10g/Tube(비급여) 한국쉐링,3748
641701020,12,,,DAZT,5,,,,약제,,,,,아진탈정 Tab(비급여) 일양,3749
670000610,347,,,,5,,,,약제,,,,,다케다알보칠콘센트레이트액 (한국다케다제약),3750
643900900,24,,,DACT,5,,,,약제,,,,,액티피드정(삼일제약(주)),3751
655500270,26000,,,,5,,,,약제,,,,,"엠엠알 II 주 (MMR)　 에스케이케미칼 (유행성이하선염,홍역,풍진백신)",3752
659600290,6291,,,MTESTOE,5,,,,약제,,,,,예나스테론주 (비급여) (제이텍바이오젠),3753
647801830,1,,,,5,,,,약제,,,,,오스테민캅셀 (비급여) 삼진제약,3754
643601400,18,,,DTAMI,5,,,,약제,,,,,유락신연고 (g) (비급여) 녹십자,3755
665900050,25000,,,,5,,,,약제,,,,,이모박스폴리오 0.5ml/syr 사노피파스퇴르 (소아마비예방백신),3756
655501740,70000,,,,5,,,,약제,,,,,(성인용)박타프리필드시린지(A형간염백신)(한국엠에스디(유)),3757
655501730,40000,,,,5,,,,약제,,,,,(소아용)하브릭스주(A형간염백신) 0.5ml/Vial GSK(A형간염백신 소아),3758
665900120,50000,,,,5,,,,약제,,,,,"테트락심주 DTP (0.5ml/syringe)(사노피파스퇴르) (디프테리아, 백일해 및 파상풍백신)",3759
650001000,30000,,,,5,,,,약제,,,,,"인판릭스프리필드(DPT) 0.5mg/vial G나 (디프테리아, 백일해 및 파상풍백신)",3760
665900221,30000,,,,5,,,예방접종,약제,,,,,박씨그리프테트라주 (사노피파스퇴르),3761
0564000041,140000,,,,5,,,,약제,,,,,스카이조스터주,3762
0,9,,,DCALAM,5,,,,약제,,,,,칼라민로오션 cc 성광제약,3763
648901081,217,,,,5,,,,약제,,,,,테라마이신안연고 3.5g/Tube　　　한국화이자,3764
644701660,30000,,,,5,,,,약제,,,,,티디백신 0.5ml/syr (SK 케미칼) (파상품 백신),3765
644702260,330,,,,5,,,,약제,,,,,파라손연고(10g)(SK케미칼) 비급여,3766
642202760,72,,,DPZM,5,,,,약제,,,,,파자임 95 이중정(비급여) 부광,3767
0,6,,,,5,,,,약제,,,,,펜트린시럽 cc (비급여) 신풍제약,3768
655500610,40000,,,,5,,,,약제,,,,,프로디악스-23 (SK케미칼) (폐렴구균백신 성인),3769
652101560,1005,,,DPROO,5,,,,약제,,,,,프록토세딜연고15g/Tube(비급여)　 한독약품,3770
648902270,150000,,,,5,,,,약제,,,,,프리베나 13주 (폐렴구균)　0.5ml/vial (한국화이자) (폐렴구균백신 소아),3771
668900910,20000,,,,5,,,,약제,,,,,유박스비주(B형간염백신)((주)엘지생명과학),3772
644703860,40000,,,MHBV,5,,,,약제,,,,,유박스비주(B형간염백신)((주)엘지생명과학),3773
643601900,29800,,,,5,,,,약제,,,,,헤파빅 200iu/1cc/Vial 녹십자 (B형간염 발증의 예방),3774
643901850,129,,,DFLUDA,5,,,,약제,,,,,후루다랜캅셀 (삼일제약) 비급여,3775
643502450,600,,,0DCARE,5,,,,약제,,,,,케어가글액 100ml /Btl,3776
622900010,4776750,,,4010300054,5,,,,약제,,,,,카티스템,3777
MBRID2,106713,,,,5,,,,약제,,,,,브리디온주 한국MSD,3778
648902270,100000,,,,5,,,,약제,,,,,프리베나 13 성인용　한국화이자,3779
653602320,150000,,,,5,,,,약제,,,,,멘비오　　노바티스,3780
643605040,30000,,,,5,,,예방접종,약제,,,,,녹십자세포배양일본뇌염백신주 0.4mL (소아용),3781
650003030,40000,,,,5,,,예방접종,약제,,,,,플루아릭스테트라(만3세이상 인플루엔자) 글락소,3782
AQA01501,10000,,20180101,,5,,,,제증명수수료,,,,,일반소견서(보험회사 제출용),3783
AQA01601,10000,,20180101,,5,,,,제증명수수료,,,,,일반진단서,3784
AQA01001,50000,,20180101,전치 3주이상,5,,,,제증명수수료,,,,,상해 진단서(3주미만),3785
AQA01003,100000,,20180101,전치 3주미만,5,,,,제증명수수료,,,,,상해 진단서(3주이상),3786
AQA00501,10000,,20180101,,5,,,,제증명수수료,,,,,사망진단서,3787
AQA00801,30000,,20180101,,5,,,,제증명수수료,,,,,사체검안서,3788
AQA00701,2000,,20180101,,5,,,,제증명수수료,,,,,사산(사태)증명서,3789
AQA02002,15000,,장애인복지법 시행규칙 제3조 별지[서식 3] ※ 장애인등록증 발급에 필요서류,일반장애(동사무소제출용),5,,,,제증명수수료,,,,,장애진단서,3790
AQA01304,40000,,20180101,정신지체 장애진단서,5,,,,제증명수수료,,,,,장애진단서(정신적 장애),3791
AQA01301,15000,,20180101,발달지체 장애진단서,5,,,,제증명수수료,,,,,장애진단서(신체적 장애),3792
AQA00301,20000,,20180101,,5,,,,제증명수수료,,,,,병무용진단서,3793
AQA00101,4000,,20180101,,5,,,,제증명수수료,,,,,국민연금장애심사용 진단서,3794
AQA01503,15000,,20180101,,5,,,,제증명수수료,,,,,영문일반소견서(보험회사 제출용),3795
AQF00101,5000,,20180101,,5,,,,제증명수수료,,,,,진료기록영상(CD)-PACS영상(COPY),3796
AQW00401,20000,,,,5,,,,제증명수수료,,,,,개인택시면허용건강진단서(1부),3797
AQH423,20000,,,,5,,,,제증명수수료,,,,,건강진단서,3798
AQA02801,10000,,20180101,,5,,,,제증명수수료,,,,,근로능력평가용진단서(1부),3799
AQF00301,5000,,,,5,,,,제증명수수료,,,,,뇌파영상 CD Copy(매당),3800
AQA00903,19430,,,,5,,,,제증명수수료,,,,,방문간호지시서(노인장기요양보험용) 1회당(내원시),3801
AQA00400,10000,,,,5,,,,제증명수수료,,,,,보장구검진소견서,3802
AQA00503,15000,,20180101,,5,,,,제증명수수료,,,,,영문사망진단서,3803
AQA00901,20000,,20180101,,5,,,,제증명수수료,,,,,사체부검료,3804
AQA01101,10000,,20180101,,5,,,,제증명수수료,,,,,성별감정서,3805
AQA03001,10000,,20180101,,5,,,,제증명수수료,,,,,수술확인서 [1부],3806
AQA01200,150000,,,,5,,,,제증명수수료,,,,,신체감정료(과목당),3807
AQA01401,20000,,20180101,,5,,,,제증명수수료,,,,,연령감정서,3808
AQA02201,15000,,20180101,,5,,,,제증명수수료,,,,,영문 등 외국어 일반진단서,3809
AQB00101,1000,,20180101,,5,,,,제증명수수료,,,,,진료기록사본(기본5부),3810
AQB00102,100,,20170921~ 200원에서 100원으로 변경,,5,,,,제증명수수료,,,,,"진료기록사본(6매이상, 매당)",3811
AQA00200,36530,,20190101,,5,,,,제증명수수료,,,,,의사소견서발급의뢰서(노인장기요양보험용),3812
AQA01701,3000,,20180101,,5,,,,제증명수수료,,,,,입퇴원확인서,3813
AQA01901,1000,,20170921~ 20000원에서 1000원으로 변경,,5,,,,제증명수수료,,,,,장애인증명서(1부),3814
AQA02101,100000,,20180101,,5,,,,제증명수수료,,,,,정신감정서,3815
AQW01200,1000,,,,5,,,,제증명수수료,,,,,제증명료 사본,3816
AQA02301,50000,,20180101,,5,,,,제증명수수료,,,,,향후 진료비추정서(천만원미만),3817
AQA02303,100000,,20180101,,5,,,,제증명수수료,,,,,향후 진료비추정서(천만원이상),3818
AQA02401,3000,,,,5,,,,제증명수수료,,,,,진료확인서 [1부],3819
AQH421,40000,,,,5,,,,제증명수수료,,,,,채용신체검사,3820
AQW00102,1000,,1장당,,5,,,,제증명수수료,,,,,채용신체검사 추가분(매당),3821
AQA02602,3000,,20180101,,5,,,,제증명수수료,,,,,통원확인서[병명 기재],3822
AQA02601,1000,,20180101,,5,,,,제증명수수료,,,,,통원확인서[병명 미기재],3823
AQA02701,100000,,,,5,,,,제증명수수료,,,,,후유 장애 진단서 (1부),3824
AQA00202,51350,,20190101,,5,,,,제증명수수료,,,,,5등급 치매특별등급 의사소견서 (노인장기요양보험용),3825
AW401500G,40000,,,,5,,,,제증명수수료,,,,,선원건강진단서,3826
AX900,6000,,,,5,,,,제증명수수료,,,,,가정간호교통비(의료급여),3827
AQP4103,23500,,,,5,,,,제증명수수료,,,,,국내외 입양용신체검사서,3828
AW400301,29000,,,,5,,,,제증명수수료,,,,,신체검사 [잠수기능사],3829
AW400500,5000,,,,5,,,,제증명수수료,,,,,"자동차 운전면허 신체검사(1종대형,특수면허)",3830
AW400501,4000,,,,5,,,,제증명수수료,,,,,"자동차 운전면허 신체검사 (1종보통,2종면허)",3831
AW401300G,6000,,,,5,,,,제증명수수료,,,,,건강검진 약물검사,3832
AQC140,15000,,,,5,,,,제증명수수료,,,,,일반 구급차사용료 (의료인동승),3833
AQC110,30000,,,,5,,,,제증명수수료,,,,,일반 구급차사용료 심야 (00:00-04:00) 이용시 20% 추가할증 적용됨,3834
AQC120,1000,,,,5,,,,제증명수수료,,,,,일반 구급차사용료 > 심야 (00:00-04:00) 이용시 20% 추가할증 적용됨,3835
AQC210,75000,,,,5,,,,제증명수수료,,,,,특수구급차사용료 > 심야 (00:00-04:00) 이용시 20% 추가할증 적용됨,3836
AQC220,1300,,,,5,,,,제증명수수료,,,,,특수구급차사용료 > 심야 (00:00-04:00) 이용시 20% 추가할증 적용됨,3837
AX100,7960,,,,5,,,,제증명수수료,,,,,가정간호교통비(건강보험),3838
ABZ01,70000,,,,6,,,상급병실료차액1인실,행위,기본진료료,,,,1인실,3839
CZ394,25000,,,,6,,,감염증 기타검사 ,행위,검사료,,,,인플루엔자 AㆍB 바이러스 항원검사〔현장검사〕,3840
CZ133 ,24000,,,,6,,,"지질, 영양 관련검사",행위,검사료,,,,호모시스테인검사,3841
CZ241,12000,,,,6,,,일반화학검사,행위,검사료,,,,당알부민,3842
C6095,134225,,,,6,,,기타검사,행위,검사료,,,,실시간역전사중합효소연쇄반응법-인플루엔자바이러스 A,3843
CZ432,25300,,,,6,,,자가면역질환검사 ,행위,검사료,,,,항 CCP항체(IGG),3844
,70000,,,,6,,,시기능검사,행위,검사료,,,,안과/A-SCAN,3845
EZ776,100000,,,전신,6,,,"외피, 근골기능 검사 ",행위,검사료,,,,체온열검사: 적외선체열진단 [전신],3846
EZ776,50000,,,"부분, 기타 ",6,,,"외피, 근골기능 검사 ",행위,검사료,,,,체온열검사: 적외선체열진단 [기타부분],3847
EZ796,50000,,,,6,,,시기능검사,행위,검사료,,,,안구광학단층촬영 [편측],3848
EZ797,50000,,,,6,,,시기능검사,행위,검사료,,,,눈의 계측검사 : 인공수정체도수검사 IOL MASTER [편측],3849
EZ868,,,,"1부위, 2부위",6,,,순환기 기능검사 ,행위,검사료,,50000,30000,동맥경화도검사(맥파전달속도측정),3850
EB401 ,14680,,,,6,,,초음파 검사료 ,행위,초음파 검사료,,,,단순초음파(Ⅰ) One Point Ultrasonography,3851
EB402,29350,,,,6,,,초음파 검사료 ,행위,초음파 검사료,,,,단순초음파(Ⅱ) Simple Ultrasonography ,3852
EB411,88230,,급여 인정기준 외 실시한 경우 비급여,,6,,,초음파 검사료 ,행위,초음파 검사료,,,,안구 Oculus,3853
EB412,88230,,급여 인정기준 외 실시한 경우 비급여,,6,,,초음파 검사료 ,행위,초음파 검사료,,,,안와 Oribit,3854
EB413,88230,,급여 인정기준 외 실시한 경우 비급여,,6,,,초음파 검사료 ,행위,초음파 검사료,,,,계측 Ophthalmic Biometry,3855
EB414 ,88570,,급여 인정기준 외 실시한 경우 비급여,,6,,,초음파 검사료 ,행위,초음파 검사료,,,,갑상선·부갑상선 Thyroid·Parathyroid gland,3856
EB415,88570,,급여 인정기준 외 실시한 경우 비급여,,6,,,초음파 검사료 ,행위,초음파 검사료,,,,갑상선·부갑상선 제외한 경부Neck Except Thyroid·Parathyroid gland,3857
EB416,58510,,급여 인정기준 외 실시한 경우 비급여,,6,,,초음파 검사료 ,행위,초음파 검사료,,,,비·부비동 초음파Nasal·Paranasal Sinus Ultrasonography,3858
EB421 ,119360,,급여 인정기준 외 실시한 경우 비급여,,6,,,초음파 검사료 ,행위,초음파 검사료,,,,유방·액와부 초음파 Breast·Axilla Ultrasonography,3859
EB422,82560,,급여 인정기준 외 실시한 경우 비급여,,6,,,초음파 검사료 ,행위,초음파 검사료,,,,유방·액와부 제외한 흉부 초음파Chest Ultrasonography Except Breast·Axilla,3860
EB430 ,33390,,급여 인정기준 외 실시한 경우 비급여,,6,,,초음파 검사료 ,행위,초음파 검사료,,,,경흉부 심초음파 Transthoracic Echocardiography (선천성 심질환),3861
EB431,107810,,급여 인정기준 외 실시한 경우 비급여,,6,,,초음파 검사료 ,행위,초음파 검사료,,,,경흉부 심초음파 단순 Simple,3862
EB432,170170,,급여 인정기준 외 실시한 경우 비급여,,6,,,초음파 검사료 ,행위,초음파 검사료,,,,경흉부 심초음파 일반 General,3863
EB433,248140,,급여 인정기준 외 실시한 경우 비급여,,6,,,초음파 검사료 ,행위,초음파 검사료,,,,경흉부 심초음파 전문 Advanced,3864
EB434,295250,,급여 인정기준 외 실시한 경우 비급여,,6,,,초음파 검사료 ,행위,초음파 검사료,,,,부하 심초음파 약물부하 Pharmacologic Stress,3865
EB435,280720,,급여 인정기준 외 실시한 경우 비급여,,6,,,초음파 검사료 ,행위,초음파 검사료,,,,부하 심초음파 운동부하 Exercise,3866
EB441,117530,,급여 인정기준 외 실시한 경우 비급여,,6,,,초음파 검사료 ,행위,초음파 검사료,,,,복부 초음파 일반 General,3867
EB442 ,174550,,급여 인정기준 외 실시한 경우 비급여,,6,,,초음파 검사료 ,행위,초음파 검사료,,,,복부 초음파 정밀 Detailed,3868
EB443,107270,,급여 인정기준 외 실시한 경우 비급여,,6,,,초음파 검사료 ,행위,초음파 검사료,,,,복부 초음파 충수 Appendix,3869
EB444 ,107370,,급여 인정기준 외 실시한 경우 비급여,,6,,,초음파 검사료 ,행위,초음파 검사료,,,,복부 초음파 소장·대장 Small Bowel·Colon,3870
EB445,74130,,급여 인정기준 외 실시한 경우 비급여,,6,,,초음파 검사료 ,행위,초음파 검사료,,,,복부 초음파 서혜부 Inguinal region,3871
EB446 ,126350,,급여 인정기준 외 실시한 경우 비급여,,6,,,초음파 검사료 ,행위,초음파 검사료,,,,복부 초음파 직장·항문 Rectum·Anus,3872
EB447,105290,,급여 인정기준 외 실시한 경우 비급여,,6,,,초음파 검사료 ,행위,초음파 검사료,,,,복부 초음파 항문 초음파만,3873
EB448,94560,,급여 인정기준 외 실시한 경우 비급여,,6,,,초음파 검사료 ,행위,초음파 검사료,,,,신장·부신·방광 Kidney·Adrenal Gland·Bladder,3874
EB449,85450,,급여 인정기준 외 실시한 경우 비급여,,6,,,초음파 검사료 ,행위,초음파 검사료,,,,신장·부신 Kidney·Adrenal Gland,3875
EB450,77080,,급여 인정기준 외 실시한 경우 비급여,,6,,,초음파 검사료 ,행위,초음파 검사료,,,,방광 Bladder,3876
EB451,110880,,급여 인정기준 외 실시한 경우 비급여,,6,,,초음파 검사료 ,행위,초음파 검사료,,,,전립선·정낭 Prostate·Seminal Vesicle(Transrectum) ,3877
EB452,61660,,급여 인정기준 외 실시한 경우 비급여,,6,,,초음파 검사료 ,행위,초음파 검사료,,,,전립선·정낭 경복부(Transabdomen),3878
EB453,87410,,급여 인정기준 외 실시한 경우 비급여,,6,,,초음파 검사료 ,행위,초음파 검사료,,,,음경 Penis,3879
EB454,87410,,급여 인정기준 외 실시한 경우 비급여,,6,,,초음파 검사료 ,행위,초음파 검사료,,,,음낭 Scrotum,3880
EB461 ,62650,,급여 인정기준 외 실시한 경우 비급여,,6,,,초음파 검사료 ,행위,초음파 검사료,,,,관절 초음파 손가락(편측)Finger,3881
EB462,62650,,급여 인정기준 외 실시한 경우 비급여,,6,,,초음파 검사료 ,행위,초음파 검사료,,,,관절 초음파 발가락(편측)Toe,3882
EB463,69030,,급여 인정기준 외 실시한 경우 비급여,,6,,,초음파 검사료 ,행위,초음파 검사료,,,,관절 초음파 주관절(편측)Elbow,3883
EB464,69030,,급여 인정기준 외 실시한 경우 비급여,,6,,,초음파 검사료 ,행위,초음파 검사료,,,,관절 초음파 슬관절(편측)Knee(Unilateral) ,3884
EB465,86450,,급여 인정기준 외 실시한 경우 비급여,,6,,,초음파 검사료 ,행위,초음파 검사료,,,,관절 초음파 고관절(편측)Hip ,3885
EB466,86450,,급여 인정기준 외 실시한 경우 비급여,,6,,,초음파 검사료 ,행위,초음파 검사료,,,,관절 초음파 견관절(편측)Shoulder,3886
EB467,86450,,급여 인정기준 외 실시한 경우 비급여,,6,,,초음파 검사료 ,행위,초음파 검사료,,,,관절 초음파 손목관절(편측)Wrist ,3887
EB468,86450,,급여 인정기준 외 실시한 경우 비급여,,6,,,초음파 검사료 ,행위,초음파 검사료,,,,관절 초음파 발목관절(편측)Ankle(Unilateral) ,3888
EB469,134090,,급여 인정기준 외 실시한 경우 비급여,,6,,,초음파 검사료 ,행위,초음파 검사료,,,,관절 초음파 Joint Ultrasonography 류마티스성 질환에 의한 다발성 관절염을 진단 또는 평가하기 위하여 3부위 이상의 관절을 종합적으로 검사한 경우,3889
EB470,62650,,급여 인정기준 외 실시한 경우 비급여,,6,,,초음파 검사료 ,행위,초음파 검사료,,,,연부조직 초음파 일반 General,3890
EB471,80490,,급여 인정기준 외 실시한 경우 비급여,,6,,,초음파 검사료 ,행위,초음파 검사료,,,,연부조직 초음파 정밀 Detailed,3891
EB481,124400,,급여 인정기준 외 실시한 경우 비급여,,6,,,초음파 검사료 ,행위,초음파 검사료,,,,뇌혈류 초음파 Transcranial Doppler Ultrasonography ,3892
EB482,106200,,급여 인정기준 외 실시한 경우 비급여,,6,,,초음파 검사료 ,행위,초음파 검사료,,,,두개외 혈관 도플러 초음파 경동맥 Carotid Artery,3893
EB483,55740,,급여 인정기준 외 실시한 경우 비급여,,6,,,초음파 검사료 ,행위,초음파 검사료,,,,두개외 혈관 도플러 초음파 기타 동맥 ,3894
EB484,85560,,급여 인정기준 외 실시한 경우 비급여,,6,,,초음파 검사료 ,행위,초음파 검사료,,,,사지혈관 도플러 초음파 상지-동맥 Upper Extremity - Artery,3895
EB485,85560,,급여 인정기준 외 실시한 경우 비급여,,6,,,초음파 검사료 ,행위,초음파 검사료,,,,사지혈관 도플러 초음파 상지-정맥 Upper Extremity - Vein,3896
EB486,44050,,급여 인정기준 외 실시한 경우 비급여,,6,,,초음파 검사료 ,행위,초음파 검사료,,,,사지혈관 도플러 초음파 - 동정맥루 혈류 및 협착 측정,3897
EB487,135490,,급여 인정기준 외 실시한 경우 비급여,,6,,,초음파 검사료 ,행위,초음파 검사료,,,,사지혈관 도플러 초음파 하지-동맥 Lower Extremity - Artery,3898
EB488,135490,,급여 인정기준 외 실시한 경우 비급여,,6,,,초음파 검사료 ,행위,초음파 검사료,,,,사지혈관 도플러 초음파 하지-정맥 Lower Extremity - Vein,3899
EB489,152170,,급여 인정기준 외 실시한 경우 비급여,,6,,,초음파 검사료 ,행위,초음파 검사료,,,,사지혈관 도플러 초음파 하지 정맥류 검사,3900
EB490,82530,,급여 인정기준 외 실시한 경우 비급여,,6,,,초음파 검사료 ,행위,초음파 검사료,,,,대동맥 도플러 초음파,3901
EB501 ,190280,,급여 인정기준 외 실시한 경우 비급여,,6,,,초음파 검사료 ,행위,초음파 검사료,,,,중추신경계 초음파 경천문 뇌 Brain(Transfontanelle) ,3902
EB502,190280,,급여 인정기준 외 실시한 경우 비급여,,6,,,초음파 검사료 ,행위,초음파 검사료,,,,중추신경계 초음파 척수 Spinal Cord,3903
EB503,56760,,급여 인정기준 외 실시한 경우 비급여,,6,,,초음파 검사료 ,행위,초음파 검사료,,,,말초신경 초음파(편측)Peripheral Nerve Ultrasonography,3904
EB504,148040,,급여 인정기준 외 실시한 경우 비급여,,6,,,초음파 검사료 ,행위,초음파 검사료,,,,말초신경 초음파 - 사지신경 종합 겁사 ,3905
EB521,29920,,급여 인정기준 외 실시한 경우 비급여,,6,,,초음파 검사료 ,행위,초음파 검사료,,,,응급·중환자 단일 표적 초음파(1일당) 1부위,3906
EB522,59830,,급여 인정기준 외 실시한 경우 비급여,,6,,,초음파 검사료 ,행위,초음파 검사료,,,,응급·중환자 단일 표적 초음파(1일당) 2부위 이상,3907
EB523,153950,,급여 인정기준 외 실시한 경우 비급여,,6,,,초음파 검사료 ,행위,초음파 검사료,,,,응급·중환자 복합 표적 초음파,3908
EB561 ,51070,,급여 인정기준 외 실시한 경우 비급여,,6,,,초음파 검사료 ,행위,초음파 검사료,,,,유도초음파(Ⅰ),3909
EB562,102140,,급여 인정기준 외 실시한 경우 비급여,,6,,,초음파 검사료 ,행위,초음파 검사료,,,,유도초음파(Ⅱ),3910
EB563,122570,,급여 인정기준 외 실시한 경우 비급여,,6,,,초음파 검사료 ,행위,초음파 검사료,,,,유도초음파(Ⅲ),3911
EB564,306420,,급여 인정기준 외 실시한 경우 비급여,,6,,,초음파 검사료 ,행위,초음파 검사료,,,,유도초음파(Ⅳ) ,3912
EB610,34040,,급여 인정기준 외 실시한 경우 비급여,,6,,,초음파 검사료 ,행위,초음파 검사료,,,,심장 초음파 선천성 심질환에 검사를 실시한 경우,3913
EB611,279320,,급여 인정기준 외 실시한 경우 비급여,,6,,,초음파 검사료 ,행위,초음파 검사료,,,,경식도 심초음파Transesophageal Echocardiography,3914
EB612,307260,,급여 인정기준 외 실시한 경우 비급여,,6,,,초음파 검사료 ,행위,초음파 검사료,,,,심장내 초음파 Intracardiac Echocardiography,3915
EZ745,20000,,,,6,,,초음파 검사료 ,행위,초음파 검사료,,,,Bladder scan을 이용한 방광 잔뇨량 측정검사,3916
FZ733,100000,,급여 인정기준 외 실시한 경우 비급여,"안진검사(정밀), 
안진 안구 운동검사(정밀)",6,,,평형 및 청각기능검사,행위,검사료,,,,비디오전기안진검사,3917
FZ733,50000,,급여 인정기준 외 실시한 경우 비급여,자발 안진 검사 ,6,,,평형 및 청각기능검사,행위,검사료,,,,비디오전기안진검사,3918
FZ733,50000,,급여 인정기준 외 실시한 경우 비급여,급속안구 운동검사,6,,,평형 및 청각기능검사,행위,검사료,,,,비디오전기안진검사,3919
FZ733,50000,,급여 인정기준 외 실시한 경우 비급여,시표추적검사,6,,,평형 및 청각기능검사,행위,검사료,,,,비디오전기안진검사,3920
FZ733,31010,,급여 인정기준 외 실시한 경우 비급여,두진(두위 안진검사),6,,,평형 및 청각기능검사,행위,검사료,,,,비디오전기안진검사,3921
FZ733,31010,,급여 인정기준 외 실시한 경우 비급여,주시 (주시 안진검사 ),6,,,평형 및 청각기능검사,행위,검사료,,,,비디오전기안진검사,3922
FZ733,31010,,급여 인정기준 외 실시한 경우 비급여,진동 (진동유발 안진검사 ),6,,,평형 및 청각기능검사,행위,검사료,,,,비디오전기안진검사,3923
FZ733,51800,,급여 인정기준 외 실시한 경우 비급여,"체위변환, 두위변환 검사 ",6,,,평형 및 청각기능검사,행위,검사료,,,,비디오전기안진검사,3924
FZ733,103500,,급여 인정기준 외 실시한 경우 비급여,체위변환 및 이석정복술,6,,,평형 및 청각기능검사,행위,검사료,,,,비디오전기안진검사,3925
FZ733,50000,,급여 인정기준 외 실시한 경우 비급여,시운동성 안진 및 시운동후 안진검사,6,,,평형 및 청각기능검사,행위,검사료,,,,비디오전기안진검사,3926
HE109 ,430000,,급여 인정기준 외 실시한 경우 비급여,,6,,,척추,행위,자기공명영상 진단료(MRI),,,,경추-일반,3927
HE110 ,430000,,급여 인정기준 외 실시한 경우 비급여,,6,,,척추,행위,자기공명영상 진단료(MRI),,,,흉추-일반,3928
HE111,430000,,급여 인정기준 외 실시한 경우 비급여,,6,,,척추,행위,자기공명영상 진단료(MRI),,,,요천추-일반,3929
HE112,430000,,급여 인정기준 외 실시한 경우 비급여,,6,,,척추,행위,자기공명영상 진단료(MRI),,,,척추강- 일반,3930
HE113,215000,,급여 인정기준 외 실시한 경우 비급여,,6,,,척추,행위,자기공명영상 진단료(MRI),,,,요천추-흉추와 동시 촬영-일반 ,3931
HE114,645000,,급여 인정기준 외 실시한 경우 비급여,,6,,,척추,행위,자기공명영상 진단료(MRI),,,,"척추강-경추, 흉추, 요천추와 동시 촬영-일반",3932
HE115,430000,,급여 인정기준 외 실시한 경우 비급여,,6,,,근골격계,행위,자기공명영상 진단료(MRI),,,,견관절-일반,3933
HE116,430000,,급여 인정기준 외 실시한 경우 비급여,,6,,,근골격계,행위,자기공명영상 진단료(MRI),,,,주관절-일반,3934
HE117,430000,,급여 인정기준 외 실시한 경우 비급여,,6,,,근골격계,행위,자기공명영상 진단료(MRI),,,,수관절-일반,3935
HE118,430000,,급여 인정기준 외 실시한 경우 비급여,,6,,,근골격계,행위,자기공명영상 진단료(MRI),,,,고관절-일반,3936
HE119,430000,,급여 인정기준 외 실시한 경우 비급여,,6,,,근골격계,행위,자기공명영상 진단료(MRI),,,,천장골관절-일반,3937
HE120,430000,,급여 인정기준 외 실시한 경우 비급여,,6,,,근골격계,행위,자기공명영상 진단료(MRI),,,,슬관절-일반,3938
HE121,430000,,급여 인정기준 외 실시한 경우 비급여,,6,,,근골격계,행위,자기공명영상 진단료(MRI),,,,발목관절-일반,3939
HE122,430000,,급여 인정기준 외 실시한 경우 비급여,,6,,,근골격계,행위,자기공명영상 진단료(MRI),,,,관절외 상지-일반 ,3940
HE123,430000,,급여 인정기준 외 실시한 경우 비급여,,6,,,근골격계,행위,자기공명영상 진단료(MRI),,,,관절외 하지-일반,3941
HE124,430000,,급여 인정기준 외 실시한 경우 비급여,,6,,,흉부,행위,자기공명영상 진단료(MRI),,,,심장-일반,3942
HE125,430000,,급여 인정기준 외 실시한 경우 비급여,,6,,,흉부,행위,자기공명영상 진단료(MRI),,,,흉부-일반,3943
HE126,430000,,급여 인정기준 외 실시한 경우 비급여,,6,,,흉부,행위,자기공명영상 진단료(MRI),,,,유방-일반,3944
HE127,430000,,급여 인정기준 외 실시한 경우 비급여,,6,,,복부,행위,자기공명영상 진단료(MRI),,,,복부-일반,3945
HE128,430000,,급여 인정기준 외 실시한 경우 비급여,,6,,,복부,행위,자기공명영상 진단료(MRI),,,,골반-일반,3946
HE129,430000,,급여 인정기준 외 실시한 경우 비급여,,6,,,복부,행위,자기공명영상 진단료(MRI),,,,췌장-일반,3947
HE130,430000,,급여 인정기준 외 실시한 경우 비급여,,6,,,복부,행위,자기공명영상 진단료(MRI),,,,신장 및 부신-일반,3948
HE131,430000,,급여 인정기준 외 실시한 경우 비급여,,6,,,복부,행위,자기공명영상 진단료(MRI),,,,음낭 및 음경-일반,3949
HE132,430000,,급여 인정기준 외 실시한 경우 비급여,,6,,,복부,행위,자기공명영상 진단료(MRI),,,,간-일반,3950
HE133,430000,,급여 인정기준 외 실시한 경우 비급여,,6,,,복부,행위,자기공명영상 진단료(MRI),,,,담췌관-일반,3951
HE134,430000,,급여 인정기준 외 실시한 경우 비급여,,6,,,복부,행위,자기공명영상 진단료(MRI),,,,전립선-일반,3952
HE137,430000,,급여 인정기준 외 실시한 경우 비급여,,6,,,복부,행위,자기공명영상 진단료(MRI),,,,흉부혈관-일반,3953
HE138,400000,,급여 인정기준 외 실시한 경우 비급여,,6,,,복부,행위,자기공명영상 진단료(MRI),,,,복부혈관-일반,3954
HE139,400000,,급여 인정기준 외 실시한 경우 비급여,,6,,,복부,행위,자기공명영상 진단료(MRI),,,,사지혈관-일반,3955
HE140,400000,,급여 인정기준 외 실시한 경우 비급여,,6,,,복부,행위,자기공명영상 진단료(MRI),,,,심혈관-일반,3956
RHMI10103,302150,,급여 인정기준 외 실시한 경우 비급여,,6,N,,"뇌[뇌, 해마]",행위,자기공명영상 진단료(MRI),,,,"MRI BRAIN(촬영료, 판독료)",3957
RMHI23503,403410,,급여 인정기준 외 실시한 경우 비급여,,6,N,,"뇌[뇌, 해마]",행위,자기공명영상 진단료(MRI),,,,"MRI뇌혈관/조영제 사용(촬영료, 판독료)",3958
HE203,430000,,급여 인정기준 외 실시한 경우 비급여,,6,N,,두경부,행위,자기공명영상 진단료(MRI),,,,안면-조영제 주입 전 후 촬영판독,3959
HE204,430000,,급여 인정기준 외 실시한 경우 비급여,,6,N,,두경부,행위,자기공명영상 진단료(MRI),,,,부비동-조영제 주입 전?후 촬영판독,3960
HE205,430000,,급여 인정기준 외 실시한 경우 비급여,,6,N,,두경부,행위,자기공명영상 진단료(MRI),,,,안와-조영제 주입 전 후 촬영판독,3961
HE206,430000,,급여 인정기준 외 실시한 경우 비급여,,6,N,,두경부,행위,자기공명영상 진단료(MRI),,,,측두골-조영제 주입 전 후 촬영판독,3962
HE207,430000,,급여 인정기준 외 실시한 경우 비급여,,6,N,,두경부,행위,자기공명영상 진단료(MRI),,,,측두하악관절-조영제 주입 전 후 촬영판독,3963
HE208,430000,,급여 인정기준 외 실시한 경우 비급여,,6,N,,두경부,행위,자기공명영상 진단료(MRI),,,,경부-조영제 주입 전?후 촬영판독,3964
HE209,430000,,급여 인정기준 외 실시한 경우 비급여,,6,N,,척추,행위,자기공명영상 진단료(MRI),,,,경추-조영제 주입 전 후 촬영판독,3965
HE210,430000,,급여 인정기준 외 실시한 경우 비급여,,6,N,,척추,행위,자기공명영상 진단료(MRI),,,,흉추-조영제 주입 전?후 촬영판독,3966
HE211,430000,,급여 인정기준 외 실시한 경우 비급여,,6,N,,척추,행위,자기공명영상 진단료(MRI),,,,요천추-조영제 주입 전?후 촬영판독,3967
HE212,430000,,급여 인정기준 외 실시한 경우 비급여,,6,N,,척추,행위,자기공명영상 진단료(MRI),,,,요천추-흉추와 동시 촬영-조영제 주입 전?후 촬영판독,3968
HE215,430000,,급여 인정기준 외 실시한 경우 비급여,,6,N,,근골격계,행위,자기공명영상 진단료(MRI),,,,견관절-조영제 주입 전?후 촬영판독,3969
HE216,430000,,급여 인정기준 외 실시한 경우 비급여,,6,N,,근골격계,행위,자기공명영상 진단료(MRI),,,,주관절-조영제 주입 전 후 촬영판독,3970
HE217,430000,,급여 인정기준 외 실시한 경우 비급여,,6,N,,근골격계,행위,자기공명영상 진단료(MRI),,,,수관절-조영제 주입 전?후 촬영판독,3971
HE218,430000,,급여 인정기준 외 실시한 경우 비급여,,6,N,,근골격계,행위,자기공명영상 진단료(MRI),,,,고관절-조영제 주입 전 후 촬영판독,3972
HE219,430000,,급여 인정기준 외 실시한 경우 비급여,,6,N,,근골격계,행위,자기공명영상 진단료(MRI),,,,천장골관절-조영제 주입 전 후 촬영판독,3973
HE220,430000,,급여 인정기준 외 실시한 경우 비급여,,6,N,,근골격계,행위,자기공명영상 진단료(MRI),,,,슬관절-조영제 주입 전 후 촬영판독,3974
HE221,430000,,급여 인정기준 외 실시한 경우 비급여,,6,N,,근골격계,행위,자기공명영상 진단료(MRI),,,,발목관절-조영제 주입 전 후 촬영판독,3975
HE222,430000,,급여 인정기준 외 실시한 경우 비급여,,6,N,,근골격계,행위,자기공명영상 진단료(MRI),,,,관절외 상지-조영제 주입 전 후 촬영판독,3976
HE223,430000,,급여 인정기준 외 실시한 경우 비급여,,6,N,,근골격계,행위,자기공명영상 진단료(MRI),,,,관절외 하지-조영제 주입 전?후 촬영판독,3977
HE224,430000,,급여 인정기준 외 실시한 경우 비급여,,6,N,,흉부,행위,자기공명영상 진단료(MRI),,,,심장-조영제 주입 전?후 촬영판독,3978
HE225,430000,,급여 인정기준 외 실시한 경우 비급여,,6,N,,흉부,행위,자기공명영상 진단료(MRI),,,,흉부-조영제 주입 전?후 촬영판독,3979
HE226,430000,,급여 인정기준 외 실시한 경우 비급여,,6,N,,흉부,행위,자기공명영상 진단료(MRI),,,,유방-조영제 주입 전?후 촬영판독,3980
HE227,430000,,급여 인정기준 외 실시한 경우 비급여,,6,N,,복부,행위,자기공명영상 진단료(MRI),,,,복부-조영제 주입 전?후 촬영판독,3981
HE228,430000,,급여 인정기준 외 실시한 경우 비급여,,6,N,,복부,행위,자기공명영상 진단료(MRI),,,,골반-조영제 주입 전?후 촬영판독,3982
HE229,430000,,급여 인정기준 외 실시한 경우 비급여,,6,N,,복부,행위,자기공명영상 진단료(MRI),,,,췌장-조영제 주입 전?후 촬영판독,3983
HE230,430000,,급여 인정기준 외 실시한 경우 비급여,,6,N,,복부,행위,자기공명영상 진단료(MRI),,,,신장 및 부신-조영제 주입 전?후 촬영판독,3984
HE231,430000,,급여 인정기준 외 실시한 경우 비급여,,6,N,,복부,행위,자기공명영상 진단료(MRI),,,,음낭 및 음경-조영제 주입 전 후 촬영판독,3985
HE232,430000,,급여 인정기준 외 실시한 경우 비급여,,6,N,,복부,행위,자기공명영상 진단료(MRI),,,,간-조영제 주입 전?후 촬영판독,3986
HE233,430000,,급여 인정기준 외 실시한 경우 비급여,,6,N,,복부,행위,자기공명영상 진단료(MRI),,,,담췌관-조영제 주입 전?후 촬영판독,3987
HE234,430000,,급여 인정기준 외 실시한 경우 비급여,,6,N,,복부,행위,자기공명영상 진단료(MRI),,,,전립선-조영제 주입 전?후 촬영판독,3988
RMHI13503,333100,,급여 인정기준 외 실시한 경우 비급여,,6,N,,혈관,행위,자기공명영상 진단료(MRI),,,,"MRI뇌혈관(촬영료, 판독료)",3989
RMHI23503,441490,,급여 인정기준 외 실시한 경우 비급여,,6,N,,혈관,행위,자기공명영상 진단료(MRI),,,,"MRI뇌혈관/조영제 사용(촬영료, 판독료)",3990
HE237,430000,,급여 인정기준 외 실시한 경우 비급여,,6,N,,혈관,행위,자기공명영상 진단료(MRI),,,,흉부혈관-조영제 주입 전?후 촬영판독,3991
HE238,400000,,급여 인정기준 외 실시한 경우 비급여,,6,N,,혈관,행위,자기공명영상 진단료(MRI),,,,복부혈관-조영제 주입 전?후 촬영판독,3992
HE239,400000,,급여 인정기준 외 실시한 경우 비급여,,6,N,,혈관,행위,자기공명영상 진단료(MRI),,,,사지혈관-조영제 주입 전?후 촬영판독,3993
HE240,400000,,급여 인정기준 외 실시한 경우 비급여,,6,N,,혈관,행위,자기공명영상 진단료(MRI),,,,심혈관-조영제 주입 전?후 촬영판독,3994
HF101 ,215820,,급여 인정기준 외 실시한 경우 비급여,,6,,,특수검사,행위,자기공명영상 진단료(MRI),,,,확산,3995
HF102,331120,,급여 인정기준 외 실시한 경우 비급여,,6,,,특수검사,행위,자기공명영상 진단료(MRI),,,,관류 [3차원자기공명영상 포함,3996
HF103,218980,,급여 인정기준 외 실시한 경우 비급여,,6,,,특수검사,행위,자기공명영상 진단료(MRI),,,,분광영상,3997
HF104,492880,,급여 인정기준 외 실시한 경우 비급여,,6,,,특수검사,행위,자기공명영상 진단료(MRI),,,,영화 [3차원자기공명영상 포함],3998
HF105,383480,,급여 인정기준 외 실시한 경우 비급여,,6,,,특수검사,행위,자기공명영상 진단료(MRI),,,,Dynamic,3999
HF107,564740,,급여 인정기준 외 실시한 경우 비급여,,6,,,특수검사,행위,자기공명영상 진단료(MRI),,,,기능적 [3차원자기공명영상 포함],4000
HF201 ,116750,,급여 인정기준 외 실시한 경우 비급여,,6,,,특수검사,행위,자기공명영상 진단료(MRI),,,,확산-기본검사 동시,4001
HF202,179740,,급여 인정기준 외 실시한 경우 비급여,,6,,,특수검사,행위,자기공명영상 진단료(MRI),,,,관류 [3차원자기공명영상 포함]-기본검사 동시,4002
HF203,100000,,급여 인정기준 외 실시한 경우 비급여,,6,,,특수검사,행위,자기공명영상 진단료(MRI),,,,분광영상-기본검사 동시,4003
MZ002,6000,,급여 인정기준 외 실시한 경우 비급여,,6,,,물리치료료,행위,이학요법료,,,,기립경사훈련,4004
MZ009,35000,,,,6,,,물리치료료,행위,이학요법료,,,,전산화 인지재활치료[주의·기억] ,4005
MX122,40000,,,,6,,,물리치료료,행위,이학요법료,,,,도수치료 [1일당],4006
MY142 ,20000,,,,6,,,근골,행위,이학요법료,,,,증식치료[사지관절부위],4007
MY143,30000,,,,6,,,근골,행위,이학요법료,,,,증식치료[척추부위],4008
SZ084,50000,,,,6,,,근골,행위,이학요법료,,,,체외충격파치료[근골격계질환],4009
,460000,,,"Crown, Gold - Pt",6,,Y,보철,행위,치과 처치·수술료,,,,"주조금관, 백금합금",4010
,420000,,,"Crown, Super - Gold",6,,Y,보철,행위,치과 처치·수술료,,,,"주조금관, 금합금",4011
,350000,,,"Crown, Palladium",6,,Y,보철,행위,치과 처치·수술료,,,,"주조금관, Pd 합금",4012
,250000,,,"Crown, Metal",6,,Y,보철,행위,치과 처치·수술료,,,,"주조관, N-C 합금",4013
,250000,,,Atrficial gold crown for RD,6,,Y,보철,행위,치과 처치·수술료,,,,가철성 의치용 금속 교합면 인공치 (S-gold),4014
,370000,,,"Crown, PFM, A",6,,Y,보철,행위,치과 처치·수술료,,,,"도재소부전장관, 비귀금속, A",4015
,350000,,,"Crown, PFM, B",6,,Y,보철,행위,치과 처치·수술료,,,,"도재소부전장관, 비귀금속, B",4016
,520000,,,"Crown, PFG, A",6,,Y,보철,행위,치과 처치·수술료,,,,"도재소부전장관, 귀금속, A",4017
,450000,,,"Crown, PFG, B",6,,Y,보철,행위,치과 처치·수술료,,,,"도재소부전장관, 귀금속, B",4018
,380000,,,"Crown, collarless PFM",6,,Y,보철,행위,치과 처치·수술료,,,,"도재소부전장관, 무깃, 비귀금속 ",4019
,520000,,,"Crown, collarless PFG",6,,Y,보철,행위,치과 처치·수술료,,,,"도재소부전장관, 무깃, 귀금속",4020
,470000,,,"Crown, all ceramic",6,,Y,보철,행위,치과 처치·수술료,,,,"전부도재관, 전세라믹",4021
,400000,,,"Crown, Laminate veneer",6,,Y,보철,행위,치과 처치·수술료,,,,"전부도재관, 순면버니어",4022
,290000,,,"Crown, Maryland, non-Prec",6,,Y,보철,행위,치과 처치·수술료,,,,"주조관, 메리랜드, 비귀금속",4023
,370000,,,"Crown, Maryland, Prec",6,,Y,보철,행위,치과 처치·수술료,,,,"금주조관, 메리랜드, 귀금속",4024
,300000,,,"Inlay, Prec. Gold simple",6,,Y,보철,행위,치과 처치·수술료,,,,"인레이, 귀금속, 단순",4025
,350000,,,"Inlay, Prec. Gold complex",6,,Y,보철,행위,치과 처치·수술료,,,,"인레이, 귀금속, 복잡",4026
,270000,,,"Inlay, Por. or resin, simple",6,,Y,보철,행위,치과 처치·수술료,,,,"인레이, 포세라인 or  레진, 단순",4027
,280000,,,"Inlay, Por. or resin, complex",6,,Y,보철,행위,치과 처치·수술료,,,,"인레이, 포세라인 or  레진, 복잡",4028
,230000,,,"Post&Core, gold simple",6,,Y,보철,행위,치과 처치·수술료,,,,"포스트관, 귀금속, 단순",4029
,260000,,,"Post&Core, gold complex",6,,Y,보철,행위,치과 처치·수술료,,,,"포스트관, 귀금속, 복잡",4030
,180000,,,"Post&Core, Para",6,,Y,보철,행위,치과 처치·수술료,,,,"포스트관, 파라 포스트",4031
,220000,,,"Post&Core, glassfiber",6,,Y,보철,행위,치과 처치·수술료,,,,"포스트관, 그래스화이버",4032
,700000,,,"R.P.D., Half, non-Prec. Elect",6,,Y,보철,행위,치과 처치·수술료,,,,"편측가철성국소의치, 고주파비귀금속",4033
,600000,,,"R.P.D., Half, non-Prec",6,,Y,보철,행위,치과 처치·수술료,,,,"편측가철성국소의치, 비귀금속",4034
,1200000,,,"R.P.D.,non-Prec",6,,Y,보철,행위,치과 처치·수술료,,,,"가철성 국소의치, 비귀금속",4035
,1400000,,,"R.P.D., electronic non-Prec",6,,Y,보철,행위,치과 처치·수술료,,,,"가철성 국소의치, 고주파 비귀금속",4036
,430000,,,"R.P.D., Temporary",6,,Y,보철,행위,치과 처치·수술료,,,,임시 가철성 국소의치,4037
,1600000,,,"R.P.D., Overdenture, simple",6,,Y,보철,행위,치과 처치·수술료,,,,"치아지지가철성의치, 간단",4038
,1800000,,,"R.P.D., Overdenture, complex",6,,Y,보철,행위,치과 처치·수술료,,,,"치아지지가철성의치, 복잡",4039
,1400000,,,"R.P.D., Attachment, simple",6,,Y,보철,행위,치과 처치·수술료,,,,"어태치먼트 국소 의치, 간단",4040
,1600000,,,"R.P.D., Attachment, complex",6,,Y,보철,행위,치과 처치·수술료,,,,"어태치먼트 국소 의치, 복잡",4041
,880000,,,"R.P.D., Telescopic, simple",6,,Y,보철,행위,치과 처치·수술료,,,,"테레스코픽 국소 의치, 간단",4042
,1100000,,,"R.P.D., Telescopic, complex",6,,Y,보철,행위,치과 처치·수술료,,,," 테레스코픽 국소 의치, 복잡",4043
,190000,,,"Rebase, indirect, simple",6,,Y,보철,행위,치과 처치·수술료,,,,"의치 이장술, 간접법, 단순",4044
,300000,,,"Rebase, indirect, complex",6,,Y,보철,행위,치과 처치·수술료,,,,"의치 이장술, 간접법, 복잡",4045
,150000,,,"Flipper, complex",6,,Y,보철,행위,치과 처치·수술료,,,,"임시치, 복잡",4046
,600000,,,"Occlusal splint, complex",6,,Y,보철,행위,치과 처치·수술료,,,,"교합안정장치, 복잡",4047
,1600000,,,"F.D., Prec., base metal  ",6,,Y,보철,행위,치과 처치·수술료,,,,"총의치, 귀금속편",4048
,1400000,,,"F.D., Mesh or base metal",6,,Y,보철,행위,치과 처치·수술료,,,,"총의치, 비귀금속편, 망사",4049
,1200000,,,"F.D., resin plate",6,,Y,보철,행위,치과 처치·수술료,,,,"총의치, 레진상",4050
,600000,,,"F.D., Immediate, mesh",6,,Y,보철,행위,치과 처치·수술료,,,,"즉시총의치,망사",4051
,500000,,,"F.D., Immediate, resin plate",6,,Y,보철,행위,치과 처치·수술료,,,,"즉치총의치,레진상",4052
,350000,,,,6,,Y,보철,행위,치과 처치·수술료,,,,"F.D., Temporary, G",4053
,1500000,,,"Definitive obturator, metal base",6,,Y,보철,행위,치과 처치·수술료,,,,최종폐쇄장치,4054
,400000,,,Interrim or immediate obturator,6,,Y,보철,행위,치과 처치·수술료,,,,즉시 or 임시폐쇄장치,4055
,340000,,,"Attachment, MagnetiC ",6,,Y,보철,행위,치과 처치·수술료,,,,자석장치,4056
,300000,,,"Attachment, simple",6,,Y,보철,행위,치과 처치·수술료,,,,"부착장치, 단순",4057
,350000,,,"Attachment, medium",6,,Y,보철,행위,치과 처치·수술료,,,,"부착장치, 보통",4058
,440000,,,"Attachment, complex",6,,Y,보철,행위,치과 처치·수술료,,,,"부착장치, 복잡 ",4059
,700000,,,"Konus Teles. crown, inner&outer,PT.G",6,,Y,보철,행위,치과 처치·수술료,,,,"코누스 텔레스코픽 내,외관 백금합금",4060
,600000,,,"Konus Teles. crown, inner&outer,Super G",6,,Y,보철,행위,치과 처치·수술료,,,,"코누스 텔레스코픽 내,외관 금합금",4061
,500000,,,"Konus Teles. crown, inner&outer,Palladium, G",6,,Y,보철,행위,치과 처치·수술료,,,,"코누스 텔레스코픽 내,외관 PD합금",4062
,550000,,,"Konus Teles. crown, inner&outer,PFM",6,,Y,보철,행위,치과 처치·수술료,,,,"코누스 텔레스코픽 내,외관 비귀금속",4063
,650000,,,"Konus Teles. crown, inner&outer,PFG",6,,Y,보철,행위,치과 처치·수술료,,,,"코누스 텔레스코픽 내,외관 귀금속",4064
,150000,,,"Semirigid joint,",6,,Y,보철,행위,치과 처치·수술료,,,,세미리지드 연결체,4065
,900000,,,Flexible denture,6,,Y,보철,행위,치과 처치·수술료,,,,"Flexible denture (비귀금속),복잡",4066
,500000,,,,6,,Y,보철,행위,치과 처치·수술료,,,,Locator,4067
,380000,,,"Orthodontics, fixed type, simp.",6,,Y,보철,행위,치과 처치·수술료,,,,"교정, Fixed type, 단순",4068
,1350000,,,"Implant, simple,",6,,Y,보철,행위,치과 처치·수술료,,,,"치아 매식술, 단순",4069
,1450000,,,"Implant, complex",6,,Y,보철,행위,치과 처치·수술료,,,,"치아 매식술, 복잡, ASTRA",4070
,660000,,,"Implant crown, Pt-gold",6,,Y,보철,행위,치과 처치·수술료,,,,"매식치금관, 백금가공",4071
,620000,,,"Implant crown, Super-gold",6,,Y,보철,행위,치과 처치·수술료,,,,"매식치금관, 슈퍼골드",4072
,800000,,,"Implant crown, PFG,",6,,Y,보철,행위,치과 처치·수술료,,,,매식치 귀금속 도재관,4073
,600000,,,"Implant crown, PFM",6,,Y,보철,행위,치과 처치·수술료,,,,매식치 비귀금속 도재관,4074
,1500000,,,"Implant overdenture, simple",6,,Y,보철,행위,치과 처치·수술료,,,,"임플란트 지지의치, 단순",4075
,1800000,,,"Implant overdenture, complex,",6,,Y,보철,행위,치과 처치·수술료,,,,"임플란트 지지의치, 복잡",4076
,2500000,,,"Implant, Hybrid denture,",6,,Y,보철,행위,치과 처치·수술료,,,,"매식술, 혼합형틀니 ",4077
,1150000,,,"Implant, hader bar",6,,Y,보철,행위,치과 처치·수술료,,,,"매식술, 헤더바",4078
,200000,,,"Implant, hader bar(추가) [재료]",6,,Y,보철,행위,치과 처치·수술료,,,,"Mat 매식술, 헤더바(추가) [재료]",4079
,500000,,,"Implant, Magnetic",6,,Y,보철,행위,치과 처치·수술료,,,,"매식술, 자성체",4080
,450000,,,"Implant, O-ring, E.R.A.",6,,Y,보철,행위,치과 처치·수술료,,,,"매식술, 오-링, E.R.A.",4081
,460000,,,"Implant, MDI",6,,Y,보철,행위,치과 처치·수술료,,,,"매식술, MDI",4082
,230000,,,"Implant, Tem. MDI",6,,Y,보철,행위,치과 처치·수술료,,,,"매식술, 임시 MDI",4083
,1000000,,,"Implant,국산",6,,Y,보철,행위,치과 처치·수술료,,,,"매식술,국산, ",4084
,1500000,,,"Implant, complex",6,,Y,보철,행위,치과 처치·수술료,,,,"치아 매식술, 복잡, NOBEL",4085
,1500000,,,"Implant, Hybrid denture,Titanium,Fixture 4ea",6,,Y,보철,행위,치과 처치·수술료,,,,"매식술, 혼합형틀니,Titanium,Fixture 4ea",4086
,1800000,,,"Implant, Hybrid denture,Titanium,Fixture 5ea",6,,Y,보철,행위,치과 처치·수술료,,,,"매식술, 혼합형틀니,Titanium,Fixture 5ea,",4087
,2100000,,,"Implant, Hybrid denture,Titanium,Fixture 6ea",6,,Y,보철,행위,치과 처치·수술료,,,,"매식술, 혼합형틀니 ,Titanium,Fixture 6ea",4088
,1200000,,,"Implant, hader bar,Fixture 2ea",6,,Y,보철,행위,치과 처치·수술료,,,,"매식술, 헤더바,Fixture 2ea",4089
,1500000,,,"Implant, hader bar,Fixture 3ea",6,,Y,보철,행위,치과 처치·수술료,,,,"매식술, 헤더바,Fixture 3ea",4090
,1800000,,,"Implant, hader bar,Fixture 4ea",6,,Y,보철,행위,치과 처치·수술료,,,,"매식술, 헤더바,Fixture 4ea",4091
,1500000,,,"Implant, milled bar, Gold,Fixture 3ea",6,,Y,보철,행위,치과 처치·수술료,,,,"매식술, 밀드바, Gold,Fixture 3ea",4092
,1900000,,,"Implant, milled bar, Gold,Fixture 4ea",6,,Y,보철,행위,치과 처치·수술료,,,,"매식술, 밀드바, Gold,Fixture 4ea",4093
,2300000,,,"Implant, milled bar, Gold,Fixture 5ea",6,,Y,보철,행위,치과 처치·수술료,,,,"매식술, 밀드바, Gold,Fixture 5ea",4094
,2700000,,,"Implant, milled bar, Gold,Fixture 6ea",6,,Y,보철,행위,치과 처치·수술료,,,,"매식술, 밀드바, Gold,Fixture 6ea",4095
,1200000,,,"Implant, milled bar,Titanium,Fixture 3ea",6,,Y,보철,행위,치과 처치·수술료,,,,"매식술, 밀드바,Titanium,Fixture 3ea",4096
,1400000,,,"Implant, milled bar,Titanium,Fixture 4ea",6,,Y,보철,행위,치과 처치·수술료,,,,"매식술, 밀드바,Titanium,Fixture 4ea",4097
,1600000,,,"Implant, milled bar,Titanium,Fixture 5ea",6,,Y,보철,행위,치과 처치·수술료,,,,"매식술, 밀드바,Titanium,Fixture 5ea",4098
,1800000,,,"Implant, milled bar,Titanium,Fixture 6ea",6,,Y,보철,행위,치과 처치·수술료,,,,"매식술, 밀드바,Titanium,Fixture 6ea",4099
,570000,,,"Implant crown, A-gold, ",6,,Y,보철,행위,치과 처치·수술료,,,,매식치  A-gold 도재관,4100
,280000,,,,6,,Y,보철,행위,치과 처치·수술료,,,,"ERA,1ea, G",4101
,350000,,,,6,,Y,보철,행위,치과 처치·수술료,,,,"Magnetic,1ea, G",4102
,400000,,,,6,,Y,보철,행위,치과 처치·수술료,,,,"Locator, G",4103
,160000,,,,6,,Y,보철,행위,치과 처치·수술료,,,,"Spark elosin, G",4104
,550000,,,CAD-CAM Ceramic crown,6,,Y,보철,행위,치과 처치·수술료,,,,캐드캠 세라믹 크라운,4105
,700000,,,"CAD-CAM Ceramic crown,임플란트용(simple)",6,,Y,보철,행위,치과 처치·수술료,,,,"캐드캠 세라믹 크라운,임플란트용(단순)",4106
,800000,,,"CAD-CAM Ceramic crown,임플란트용(complex)",6,,Y,보철,행위,치과 처치·수술료,,,,"캐드캠 세라믹 크라운,임플란트용(복잡)",4107
,150000,,,"R.D, Attachment Change, Mat ",6,,,치과 처치,행위,치과 처치·수술료,,,,가철성 의치 어테치먼트 교환 [재료],4108
,150000,,,"R.D, Magnetic change, Mat",6,,,치과 처치,행위,치과 처치·수술료,,,,"가철성 의치, 자석 교환 [재료]",4109
,200000,,,"Implant, Magnetic change, Mat ",6,,,치과 처치,행위,치과 처치·수술료,,,,"인공치매식, 자석 교환 [재료]",4110
,200000,,,"Implant, abutment change, A, Mat ",6,,,치과 처치,행위,치과 처치·수술료,,,,"Mat 인공치매식, 지대치 교환, A [재료]",4111
,400000,,,"Implant, abutment change, B, Mat",6,,,치과 처치,행위,치과 처치·수술료,,,,"Mat 인공치매식, 지대치 교환, B [재료]",4112
,30000,,,"Implant, coping screw change, Mat ",6,,,치과 처치,행위,치과 처치·수술료,,,,"인공치매식, 코핑 스크류 교환 [재료]",4113
,50000,,,"Implant, UCLA screw change, Mat",6,,,치과 처치,행위,치과 처치·수술료,,,,"인공치매식, 유씨엘에이 스크류 교환 [재료]",4114
,100000,,,"Implant, Cr. Remake fee, A, Mat ",6,,,치과 처치,행위,치과 처치·수술료,,,,"인공치매식, 크라운 재제작비, A [재료]",4115
,200000,,,"Implant, Cr. Remake fee, B, Mat ",6,,,치과 처치,행위,치과 처치·수술료,,,,"인공치매식, 크라운 재제작비, B [재료]",4116
,10000,,,"Overdenture clip change, Mat ",6,,,치과 처치,행위,치과 처치·수술료,,,,오버덴쳐 클립 교환 [재료],4117
,20000,,,"Overdenture O-ring change, Mat ",6,,,치과 처치,행위,치과 처치·수술료,,,,오버덴쳐 오-링 교환 [재료],4118
,20000,,,"Endura resin, ant. Teeth, Mat",6,,,치과 처치,행위,치과 처치·수술료,,,,경질 레진 전치 [재료],4119
,30000,,,"Endura resin, post. Teeth, Mat",6,,,치과 처치,행위,치과 처치·수술료,,,,경질 레진 구치 [재료],4120
,100000,,,Konus Telescopic Milling fee ,6,,,치과 처치,행위,치과 처치·수술료,,,,코너스 텔레스코픽 크라운 밀링 기공비 [재료],4121
,100000,,,,6,,,치과 처치,행위,치과 처치·수술료,,,,Pressure Injection Resin System [재료],4122
,1500000,,,Novel Guide [Finished Surgical Template 5 Implants and more,6,,,치과 처치,행위,치과 처치·수술료,,,,"노벨가이드 [서지컬템플레이트,임플란트5개이상",4123
,1000000,,,Novel Guide [Finished Surgical Template 1-4 Implants],6,,,치과 처치,행위,치과 처치·수술료,,,,"노벨가이드 [서지컬 템플레이트,임플란트4개이하]",4124
,80000,,,Composite resin filling (light curing),6,,,치과 처치,행위,치과 처치·수술료,,,,광중합 복합 레진 충전,4125
,250000,,,Esthetic resin filling ,6,,,치과 처치,행위,치과 처치·수술료,,,,심미 레진 충전                                                          ,4126
,80000,,,Light curing G.I filling ,6,,,치과 처치,행위,치과 처치·수술료,,,,광중합 G.I 충전,4127
,100000,,,"P.F.M repair, simple",6,,,치과 처치,행위,치과 처치·수술료,,,,"포세린관 수리, 단순",4128
,200000,,,"P.F.M repair, complex",6,,,치과 처치,행위,치과 처치·수술료,,,,"포세린관 수리, 복잡",4129
,70000,,,Screw post,6,,,치과 처치,행위,치과 처치·수술료,,,,나선형 합정,4130
,10000,,,,6,,,치과 처치,행위,치과 처치·수술료,,,,Pin 핀,4131
,50000,,,"Denture repair, simple",6,,,치과 처치,행위,치과 처치·수술료,,,,"의치수리, 단순",4132
,100000,,,"Denture repair, complex",6,,,치과 처치,행위,치과 처치·수술료,,,,"의치수리, 복잡",4133
,100000,,,"Direct denture reline, simple",6,,,치과 처치,행위,치과 처치·수술료,,,,"의치 직접 이장술, 단순",4134
,150000,,,"Direct denture reline, complex",6,,,치과 처치,행위,치과 처치·수술료,,,,"의치 직접 이장술, 복잡",4135
,50000,,,Direct denture soft reline,6,,,치과 처치,행위,치과 처치·수술료,,,,탄성 의치상 이장술,4136
,50000,,,"Flipper, simple",6,,,치과 처치,행위,치과 처치·수술료,,,,"임시 의치, 단순",4137
,30000,,,Resin temporary crown,6,,,치과 처치,행위,치과 처치·수술료,,,,레진 가공 의치  [1치당],4138
,200000,,,Face mask impression,6,,,치과 처치,행위,치과 처치·수술료,,,,안면 체형,4139
,10000,,,"plaque control,simple",6,,,치과 처치,행위,치과 처치·수술료,,,,"치태조절 및 예방술식, 단순",4140
,30000,,,"plaque control, complex",6,,,치과 처치,행위,치과 처치·수술료,,,,"치태조절 및 예방술식, 복잡",4141
,30000,,,,6,,,치과 처치,행위,치과 처치·수술료,,,,T.B.I 잇솔질 교습 [회당]                                                   ,4142
,30000,,,"Teeth bleaching, simple ",6,,,치과 처치,행위,치과 처치·수술료,,,,"치아 표백술, 단순",4143
,50000,,,"Teeth bleaching, complex",6,,,치과 처치,행위,치과 처치·수술료,,,,"치아 표백술, 복잡 ",4144
,150000,,,S.S crown ,6,,,치과 처치,행위,치과 처치·수술료,,,,유구치 가공 치관,4145
,30000,,,Study impression [1악당],6,,,치과 처치,행위,치과 처치·수술료,,,,모형 분석용 인상 [1악당],4146
,300000,,,"Occlusal splint, simple [1악당] ",6,,,치과 처치,행위,치과 처치·수술료,,,,"교합안정장치, 단순 [1악당]",4147
,30000,,,Occlusal splint,6,,,치과 처치,행위,치과 처치·수술료,,,,관리 교합안정장치 관리,4148
,100000,,,Fluorid therapy [1악당] ,6,,,치과 처치,행위,치과 처치·수술료,,,,불소 도포 [1악당]  ,4149
,50000,,,Resin facing repair [1치당],6,,,치과 처치,행위,치과 처치·수술료,,,,Resin facing 수리 [1치당],4150
,30000,,,"Oral exam, consult.",6,,,치과 처치,행위,치과 처치·수술료,,,,구강 검사 및 상담 ,4151
,50000,,,"Dx of implant, simple ",6,,,치과 처치,행위,치과 처치·수술료,,,,"치아 매식 진단료, 단순",4152
,100000,,,"Dx of implant, complex ",6,,,치과 처치,행위,치과 처치·수술료,,,,"치아 매식 진단료, 복잡",4153
,100000,,,P.R.P .,6,,,치과 처치,행위,치과 처치·수술료,,,,피.알.피,4154
,50000,,,Over denture clip,6,,,치과 처치,행위,치과 처치·수술료,,,,교환 치아지지 가철성 의치 클립 교환,4155
,50000,,,Over denture O-ring & ERA 교환,6,,,치과 처치,행위,치과 처치·수술료,,,,치아지지 가철성 의치 오-링&이알에이 교환,4156
,200000,,,Over denture magnetic 교환,6,,,치과 처치,행위,치과 처치·수술료,,,,치아지지 가철성 의치 자석체 교환,4157
,300000,,,"Implant, magnetic change fee",6,,,치과 처치,행위,치과 처치·수술료,,,,"치아매식, 자석체 교환",4158
,300000,,,"Implant, abutment change fee",6,,,치과 처치,행위,치과 처치·수술료,,,,"치아매식, 지대체 교환",4159
,50000,,,"Implant, coping screw change ",6,,,치과 처치,행위,치과 처치·수술료,,,,"치아매식, 코핑 스크류 교환",4160
,100000,,,"Implant, UCLA screw change fee ",6,,,치과 처치,행위,치과 처치·수술료,,,,"치아매식, 유씨엘에이 스크류 교환",4161
,50000,,,"implant repair, simple",6,,,치과 처치,행위,치과 처치·수술료,,,,"치아매식 수리, 단순",4162
,100000,,,"implant repair, complex ",6,,,치과 처치,행위,치과 처치·수술료,,,,"치아매식 수리, 복잡",4163
,50000,,,"Implant, temporary resin Cr., simple ",6,,,치과 처치,행위,치과 처치·수술료,,,,"치아매식, 임시 레진치, 단순",4164
,200000,,,"Implant, temporary resin Cr., complex",6,,,치과 처치,행위,치과 처치·수술료,,,,"치아매식, 임시 레진치, 복잡",4165
,200000,,,"bone graft, simple",6,,,치과 처치,행위,치과 처치·수술료,,,,"골 이식술, 단순",4166
,1000000,,,"bone graft, complex",6,,,치과 처치,행위,치과 처치·수술료,,,,"골 이식술, 복잡",4167
,30000,,,Pit & fissure sealant ,6,,,치과 처치,행위,치과 처치·수술료,,,,Pit & fissure sealant 치면 열구 전색,4168
,60000,,,,6,,,치과 처치,행위,치과 처치·수술료,,,,"Orthodontics, Morthly fee 교정 월정비",4169
,80000,,,,6,,,치과 처치,행위,치과 처치·수술료,,,,Scaling 치석제거,4170
,10000,,,,6,,,치과 처치,행위,치과 처치·수술료,,,,Laser 충치예방치료 [1치당],4171
,50000,,,,6,,,치과 처치,행위,치과 처치·수술료,,,,Laser 미백치료 [1치당] ,4172
,30000,,,,6,,,치과 처치,행위,치과 처치·수술료,,,,구취측정 검사  ,4173
,60000,,,,6,,,치과 처치,행위,치과 처치·수술료,,,,Sp cr 기성금관,4174
,500000,,,,6,,,치과 처치,행위,치과 처치·수술료,,,,Cornus Denture [내관 & 외관],4175
,50000,,,,6,,,치과 처치,행위,치과 처치·수술료,,,,보격장치 [고정식],4176
,100000,,,,6,,,치과 처치,행위,치과 처치·수술료,,,,보격장치 [가철식],4177
,10000,,,,6,,,치과 처치,행위,치과 처치·수술료,,,,보철 치료(CHECK UP)중,4178
,100000,,,,6,,,치과 처치,행위,치과 처치·수술료,,,,SURGICAL UNCOVERING [1치당] 치관노출술 [1치당],4179
,500000,,,,6,,,치과 처치,행위,치과 처치·수술료,,,,골증대술,4180
,300000,,,,6,,,치과 처치,행위,치과 처치·수술료,,,,임플란트목적 상악동거상술 [편측],4181
,1000000,,,,6,,,치과 처치,행위,치과 처치·수술료,,,,임플란트목적 하치조측방전위술 [편측],4182
,1500000,,,,6,,,치과 처치,행위,치과 처치·수술료,,,,임플란트목적 하치조측방전위술 [양측],4183
,1000000,,,,6,,,치과 처치,행위,치과 처치·수술료,,,,MANDIBULAR RECONSTRUCTION A 악안면골재건정복술 A,4184
,2000000,,,,6,,,치과 처치,행위,치과 처치·수술료,,,,MANDIBULAR RECONSTRUCTION B 악안면골재건정복술 B,4185
,3000000,,,,6,,,치과 처치,행위,치과 처치·수술료,,,,MANDIBULAR RECONSTRUCTION C 악안면골재건정복술 C,4186
,4000000,,,,6,,,치과 처치,행위,치과 처치·수술료,,,,MANDIBULAR RECONSTRUCTION D 악안면골재건정복술 D,4187
,5000000,,,,6,,,치과 처치,행위,치과 처치·수술료,,,,MANDIBULAR RECONSTRUCTION E 악안면골재건정복술 E,4188
,1000000,,,,6,,,치과 처치,행위,치과 처치·수술료,,,,FIXED ORTHODONTIC TX A 악안면기형안골교정술 A,4189
,2000000,,,,6,,,치과 처치,행위,치과 처치·수술료,,,,FIXED ORTHODONTIC TX B 악안면기형안골교정술 B,4190
,3000000,,,,6,,,치과 처치,행위,치과 처치·수술료,,,,FIXED ORTHODONTIC TX C 악안면기형안골교정술 C,4191
,4000000,,,,6,,,치과 처치,행위,치과 처치·수술료,,,,FIXED ORTHODONTIC TX D 악안면기형안골교정술 D,4192
,100000,,,,6,,,치과 처치,행위,치과 처치·수술료,,,,Milling 비용,4193
,1000000,,,,6,,,치과 처치,행위,치과 처치·수술료,,,,"임플란트목적 상악동거상술,측방접근 [단순]",4194
,1500000,,,,6,,,치과 처치,행위,치과 처치·수술료,,,,"임플란트목적 상악동거상술,측방접근 [복잡]",4195
,60000,,,,6,,,치과 처치,행위,치과 처치·수술료,,,,Laser Solder 레이져 솔더,4196
,100000,,,,6,,,치과 처치,행위,치과 처치·수술료,,,,Peri implantitis treatment 임플란트 주위염 치료,4197
,100000,,,,6,,,치과 처치,행위,치과 처치·수술료,,,,"Implant  second surgery,Simple 임플란트 2차 수술, 간단",4198
,300000,,,,6,,,치과 처치,행위,치과 처치·수술료,,,,"Implant  second surgery, Complex [연조직] 임플란트 2차 수술, 복잡 [연조직]",4199
,500000,,,,6,,,치과 처치,행위,치과 처치·수술료,,,,"Implant  second surgery, Complex [경조직] 임플란트 2차 수술, 복잡 [경조직]",4200
,50000,,,,6,,,치과 처치,행위,치과 처치·수술료,,,,Perio test [인공치아 개당] 치주 테스트 [인공치아 개당],4201
,50000,,,,6,,,치과 처치,행위,치과 처치·수술료,,,,"Surgical stent, 단순 [임플란트3개이하] 서지컬 스텐트(수술용 스텐트), 단순 [임플란트3개이하]",4202
,100000,,,,6,,,치과 처치,행위,치과 처치·수술료,,,,"Surgical stent, 복잡 [임플란트4개이상] 서지컬 스텐트(수술용 스텐트), 복잡 [임플란트4개이상]",4203
,100000,,,,6,,,치과 처치,행위,치과 처치·수술료,,,,임플란트목적 레이저치료,4204
,100000,,,,6,,,치과 처치,행위,치과 처치·수술료,,,,초음파 골재생 촉진술,4205
,10000,,,,6,,,치과 처치,행위,치과 처치·수술료,,,,"타액검사[분비율, 점조도, Ph, 완충기능검사]",4206
PDZ01,10000,,,,6,,,,제증명수수료,,,,,진단서(일반진단서),4207
PDZ01,10000,,,근로능력평가용진단서,6,,,,제증명수수료,,,,,일반진단서,4208
PDZ02,100000,,,전치 3주이상,6,,,,제증명수수료,,,,,상해진단서,4209
PDZ02,50000,,,전치 3주미만,6,,,,제증명수수료,,,,,상해진단서,4210
PDZ03 ,10000,,,,6,,,,제증명수수료,,,,,사망진단서,4211
PDZ04,30000,,,,6,,,,제증명수수료,,,,,시체검안서,4212
PDZ07,15000,,,신체적장애 ,6,,,,제증명수수료,,,,,장애진단서,4213
PDZ07,40000,,,정신지체 및 발달장애,6,,,,제증명수수료,,,,,장애진단서,4214
PDZ07,100000,,,후유장애진단서,6,,,,제증명수수료,,,,,장애진단서,4215
PDZ08,20000,,,,6,,,,제증명수수료,,,,,병무용진단서,4216
PDZ10,6000,,,,6,,,,제증명수수료,,,,,국민연금 장애심사용 진단서,4217
,15000,,,,6,,,,제증명수수료,,,,,사망진단서 [영문 1부],4218
,20000,,,,6,,,,제증명수수료,,,,,사체부검료(1부),4219
PDE01,15000,,,,6,,,,제증명수수료,,,,,영문진단서,4220
PDZ12 ,10000,,,일반 소견서 ,6,,,,제증명수수료,,,,,소견서(보험회사제출용),4221
PDZ09 ,3000,,,입퇴원확인서,6,,,,제증명수수료,,,,,확인서,4222
PDZ09 ,1000,,,통원확인서 (병명 미기재 ),6,,,,제증명수수료,,,,,확인서,4223
PDZ09 ,3000,,,통원확인서 (병명 기재 ),6,,,,제증명수수료,,,,,확인서,4224
PDZ09 ,10000,,,수술확인서 ,6,,,,제증명수수료,,,,,확인서,4225
,100000,,,,6,,,,제증명수수료,,,,,장애 진단서 (1부),4226
PDZ17,1000,,,,6,,,,제증명수수료,,,,,장애인증명서,4227
,100000,,,,6,,,,제증명수수료,,,,,정신감정서 (1부) ,4228
PDZ14 ,50000,,,천만원미만,6,,,,제증명수수료,,,,,향후진료비추정서,4229
PDZ14 ,100000,,,천만원이상 ,6,,,,제증명수수료,,,,,향후진료비추정서,4230
,1000,,,"기본5부, 매당",6,,,,제증명수수료,,,,,진료기록사본,4231
,100,,,"6매이상, 매당",6,,,,제증명수수료,,,,,진료기록사본,4232
,5000,,,,6,,,,제증명수수료,,,,,진료기록영상(CD)-PACS영상(COPY),4233
AW400601,40000,,,,6,,,,제증명수수료,,,,,채용신체검사(공무원),4234
AW400602,30000,,,,6,,,,제증명수수료,,,,,채용신체검사-일반,4235
AW400604,42000,,,,6,,,,제증명수수료,,,,,채용신체검사(다면인성검사),4236
AW400500 ,5000,,,,6,,,,제증명수수료,,,,,"자동차운전면허신체검사(특수,대형)",4237
AW400501 ,4000,,,,6,,,,제증명수수료,,,,,"자동차운전면허신체검사(1종보통,2종)",4238
AW400301,29000,,,,6,,,,제증명수수료,,,,,잠수기능사 신체검사,4239
AW400101 ,20000,,,,6,,,,제증명수수료,,,,,건강진단,4240
AW402200 ,50000,,,,6,,,,제증명수수료,,,,,"건강진단 및 신체검사(마약검사확인서,E-9,비전문취업)",4241
WZ00100 ,6000,,,일반식,6,,,식대,기타,,,,,보호자 식대,4242
WZ00200,1000,,,공기밥,6,,,식대,기타,,,,,보호자 식대,4243
BZ101007,3520,,,S/ M/ L,6,,,보조기류,치료재료,,,,,TOMAS COLLAR,4244
VM060,880,,,소아/성인,6,,,보조기류,치료재료,,,,,ARM SLING,4245
VM070,3300,,,중/대,6,,,보조기류,치료재료,,,,,Cast shoes,4246
,9900,,,대/중,6,,,보조기류,치료재료,,,,,CRUTCH(목발) ,4247
VM06002,3300,,,,6,,,보조기류,치료재료,,,,,8자 붕대 (대),4248
BM5020HF,1540,,,,6,,,"불투명.투명멸균드레싱 재료(단순, 건조드레싱류)",치료재료,,,,,CURE PAD 10*20 EVERAID,4249
BM5021HF,2420,,,,6,,,"불투명.투명멸균드레싱 재료(단순, 건조드레싱류)",치료재료,,,,,CURE PAD 15*20 EVERAID ,4250
BM5022HF,910,,,,6,,,"불투명.투명멸균드레싱 재료(단순, 건조드레싱류)",치료재료,,,,,CURE PAD 10*10 EVERAID,4251
BM5003EM,2500,,,,6,,,"불투명.투명멸균드레싱 재료(단순, 건조드레싱류)",치료재료,,,,,STERI STRIP REINFORCED SKIN CLOSURE ,4252
BL702005,20636,,,,6,,,치과용재료류(조직유도재생막),치료재료,,,,,COLLA TAPE,4253
BL705001,10000,,,,6,,,치과용재료 (처치용 약품류),치료재료,,,,,MINOCLINE DENTAL OINT,4254
BL7601NM,59930,,,,6,,,기타근관충전재(MTA),치료재료,,,,,PRO ROOT MTA 1/2단가,4255
L7401220,73854,,,,6,,,치과용재료류(골이식재),치료재료,,,,,BIO-OSS 0.25-1mm 0.25G ,4256
L7401221,113300,,,,6,,,치과용재료류(골이식재),치료재료,,,,,BIO-OSS 0.25-1mm 0.5G ,4257
,255860,,,,6,,,,약제,,,,,FLOSEAL Hemostatic Matrix,4258
,4000,,,,6,,,,약제,,,,,글리세린,4259
,18,,,,6,,,,약제,,,,,액티피드정,4260
,3020,,,,6,,,,약제,,,,,아젤리아 크림 ,4261
,13,,,,6,,,,약제,,,,,삐콤정,4262
,11,,,,6,,,,약제,,,,,타스나정 500㎎,4263
,9,,,,6,,,,약제,,,,,칼라민로션,4264
,18,,,,6,,,,약제,,,,,Bisacodyl 5mg,4265
,90,,,,6,,,,약제,,,,,마이드린캅셀,4266
,22,,,,6,,,,약제,,,,,니트로후라존 연고,4267
,1005,,,,6,,,,약제,,,,,프록토세딜연고 15g/Tube,4268
,43,,,,6,,,,약제,,,,,파자임95이중정,4269
,962,,,,6,,,,약제,,,,,레졸로정,4270
,1338,,,,6,,,,약제,,,,,"비아그라정 (50mg, 100mg)
(실데나필)",4271
,1933,,,,6,,,,약제,,,,,구구정(타다라필),4272
100mg,2040,,,,6,,,,약제,,,,,자이데나정 (유데나필)                ,4273
200mg,3165,,,,6,,,,약제,,,,,,4274
,850,,,,6,,,,약제,,,,,유락신연고,4275
,8,,,,6,,,,약제,,,,,백색바세린,4276
,14945,,,,6,,,,약제,,,,,카버젝트 주사,4277
,90899,,,,6,,,,약제,,,,,브리디온주,4278
,6276,,,,6,,,,약제,,,,,예나스테론주 250mg,4279
,30000,,MFLU4-A,,6,,,,약제,,,,,스카이셀플루4가프리필드시린지(성인독감백신)(SK),4280
,100000,,,,6,,,,약제,,,,,프리베나주13 백신0.5ml(성인용)(와이어스)/폐렴구균,4281
,23000,,성인용,,6,,,,약제,,,,,유박스비주(B형간염백신)((주)엘지생명과학),4282
,40000,,,,6,,,,약제,,,,,프로디악스-23(폐렴구균백신)(MSD) ,4283
,20000,,,,6,,,,약제,,,,,보령일본뇌염백신주　1cc ,4284
,150000,,,,6,,,,약제,,,,,"멘비오 백신[(수막구균 A,C,W135,Y)(노바티스)",4285
,70000,,,,6,,,,약제,,,,,박타프리필드시린지(A형간염백신)(MSD),4286
,30000,,,,6,,,,약제,,,,,에스케이티디백신주(프리필드시린지),4287
SEA001,51640,,,,6,,,,기타,,,,,진정내시경관리료Ⅰ,4288
SEA002,74930,,,,6,,,,기타,,,,,진정내시경관리료Ⅱ,4289
SEA003,114830,,,,6,,,,기타,,,,,진정내시경관리료Ⅲ,4290
SEA004,158820,,,,6,,,,기타,,,,,진정내시경관리료Ⅳ,4291
AQA02401,3000,,,진료확인서,6,,,,제증명수수료,,,,,확인서,4292
AQA02501,3000,,,,6,,,,제증명수수료,,,,,출생증명서,4293
AQA00701,2000,,,,6,,,,제증명수수료,,,,,사산증명서,4294
AQW01200,1000,,,,6,,,,제증명수수료,,,,,제증명료 사본,4295
,14505,,,,6,,,,약제,,,,,하이알라제주 1500IU,4296
,506,,,,6,,,,약제,,,,,주블리아 외용액,4297
FB060010,80470,,급여 인정기준 외 실시한 경우 비급여,,6,,,신경인지기능검사,행위,검사료,,,,유형Ⅵ-웨스턴 실어증 검사,4298
FB040020,49270,,급여 인정기준 외 실시한 경우 비급여,,6,,,신경인지기능검사,행위,검사료,,,,유형Ⅳ-벤톤신경심리검사,4299
FB040010,49270,,급여 인정기준 외 실시한 경우 비급여,,6,,,신경인지기능검사,행위,검사료,,,,유형Ⅳ-서울언어학습검사,4300
FB030040,28740,,급여 인정기준 외 실시한 경우 비급여,,6,,,신경인지기능검사,행위,검사료,,,,유형Ⅲ-표정인식력(재인)검사,4301
FB030030,28740,,급여 인정기준 외 실시한 경우 비급여,,6,,,신경인지기능검사,행위,검사료,,,,유형Ⅲ-위스콘신카드분류검사,4302
FB030020,28740,,급여 인정기준 외 실시한 경우 비급여,,6,,,신경인지기능검사,행위,검사료,,,,유형Ⅲ-보스톤사물이름대기검사-60문항,4303
FB030010,28740,,급여 인정기준 외 실시한 경우 비급여,,6,,,신경인지기능검사,행위,검사료,,,,유형Ⅲ-레이복합도형검사,4304
RMHI13603,330860,,급여 인정기준 외 실시한 경우 비급여,,6,N,,혈관,행위,자기공명영상 진단료(MRI),,,,"MRI경부혈관(촬영료, 판독료)",4305
RMHI23603,441490,,급여 인정기준 외 실시한 경우 비급여,,6,N,,혈관,행위,자기공명영상 진단료(MRI),,,,"MRI경부혈관/조영제 사용(촬영료, 판독료)",4306
OZ304,1000000,,,,6,,,,행위,처치·수술료,,,,하지정맥류레이저정맥폐쇄술,4307
,190000,,,,6,,,,약제,,,,,조스타박스주,4308
EB401,15580,2016-11-18 11:45:48,급여 인정기준 외 실시한 경우 비급여,,2,,,초음파 검사료,행위,검사료,초음파 검사료,,,단순초음파(Ⅰ) One Point Ultrasonography,4309
EB402,31170,2016-11-18 11:46:39,급여 인정기준 외 실시한 경우 비급여,,2,,,초음파 검사료,행위,검사료,초음파 검사료,,,단순초음파(Ⅱ) Simple Ultrasonography,4310
EB411,91900,2016-11-18 11:48:00,급여 인정기준 외 실시한 경우 비급여,,2,,,초음파 검사료,행위,검사료,초음파 검사료,,,안구 Oculus,4311
EB412,91900,2016-11-18 11:49:45,급여 인정기준 외 실시한 경우 비급여,,2,,,초음파 검사료,행위,검사료,초음파 검사료,,,안와 Orbit,4312
EB413,91900,2016-11-18 11:51:08,급여 인정기준 외 실시한 경우 비급여,,2,,,초음파 검사료,행위,검사료,초음파 검사료,,,계측 Ophthalmic Biometry,4313
EB414,92260,2016-11-18 11:52:05,급여 인정기준 외 실시한 경우 비급여,,2,,,초음파 검사료,행위,검사료,초음파 검사료,,,갑상선·부갑상선 Thyroid·Parathyroid gland,4314
EB415,92260,2016-11-18 11:52:43,급여 인정기준 외 실시한 경우 비급여,,2,,,초음파 검사료,행위,검사료,초음파 검사료,,,갑상선·부갑상선 제외한 경부Neck Except Thyroid·Parathyroid gland,4315
EB416,60940,2016-11-18 11:53:01,급여 인정기준 외 실시한 경우 비급여,,2,,,초음파 검사료,행위,검사료,초음파 검사료,,,비·부비동 초음파Nasal·Paranasal Sinus Ultrasonography,4316
EB421,124340,2016-11-18 11:53:27,급여 인정기준 외 실시한 경우 비급여,,2,,,초음파 검사료,행위,검사료,초음파 검사료,,,유방·액와부 초음파 Breast·Axilla Ultrasonography,4317
EB422,86000,2016-11-18 11:53:58,급여 인정기준 외 실시한 경우 비급여,,2,,,초음파 검사료,행위,검사료,초음파 검사료,,,유방·액와부 제외한 흉부 초음파Chest Ultrasonography Except Breast·Axilla,4318
EB430,35460,2016-11-18 11:55:44,급여 인정기준 외 실시한 경우 비급여,,2,,,초음파 검사료,행위,검사료,초음파 검사료,,,경흉부 심초음파 Transthoracic Echocardiography (선천성 심질환),4319
EB431,112300,2016-11-18 11:56:13,급여 인정기준 외 실시한 경우 비급여,,2,,,초음파 검사료,행위,검사료,초음파 검사료,,,경흉부 심초음파 단순 Simple,4320
EB432,177260,2016-11-18 11:56:31,급여 인정기준 외 실시한 경우 비급여,,2,,,초음파 검사료,행위,검사료,초음파 검사료,,,경흉부 심초음파 일반 General,4321
EB433,258480,2016-11-18 11:57:02,급여 인정기준 외 실시한 경우 비급여,,2,,,초음파 검사료,행위,검사료,초음파 검사료,,,경흉부 심초음파 전문 Advanced,4322
EB434,307550,2016-11-18 11:57:31,급여 인정기준 외 실시한 경우 비급여,,2,,,초음파 검사료,행위,검사료,초음파 검사료,,,부하 심초음파 약물부하 Pharmacologic Stress,4323
EB435,292420,2016-11-18 12:06:29,급여 인정기준 외 실시한 경우 비급여,,2,,,초음파 검사료,행위,검사료,초음파 검사료,,,부하 심초음파 운동부하 Exercise,4324
EB436,388420,2016-11-18 14:09:11,급여 인정기준 외 실시한 경우 비급여,,2,,,초음파 검사료,행위,검사료,초음파 검사료,,,태아정밀 심초음파 Detailed Fetal Echocardiography,4325
EB441,122430,2016-11-18 14:09:33,급여 인정기준 외 실시한 경우 비급여,,2,,,초음파 검사료,행위,검사료,초음파 검사료,,,복부 초음파 일반 General,4326
EB442,181820,2016-11-18 14:11:39,급여 인정기준 외 실시한 경우 비급여,,2,,,초음파 검사료,행위,검사료,초음파 검사료,,,복부 초음파 정밀 Detailed,4327
EB443,111740,2016-11-18 14:12:08,급여 인정기준 외 실시한 경우 비급여,,2,,,초음파 검사료,행위,검사료,초음파 검사료,,,복부 초음파 충수 Appendix,4328
EB444,111840,2016-11-18 14:12:32,급여 인정기준 외 실시한 경우 비급여,,2,,,초음파 검사료,행위,검사료,초음파 검사료,,,복부 초음파 소장·대장 Small Bowel·Colon,4329
EB445,77220,2016-11-18 14:13:01,급여 인정기준 외 실시한 경우 비급여,,2,,,초음파 검사료,행위,검사료,초음파 검사료,,,복부 초음파 서혜부 Inguinal region,4330
EB446,131620,2016-11-18 14:13:29,급여 인정기준 외 실시한 경우 비급여,,2,,,초음파 검사료,행위,검사료,초음파 검사료,,,복부 초음파 직장·항문 Rectum·Anus,4331
EB447,109680,2016-11-18 14:14:16,급여 인정기준 외 실시한 경우 비급여,,2,,,초음파 검사료,행위,검사료,초음파 검사료,,,복부 초음파 항문 초음파만,4332
EB448,98500,2016-11-18 14:14:42,급여 인정기준 외 실시한 경우 비급여,,2,,,초음파 검사료,행위,검사료,초음파 검사료,,,신장·부신·방광 Kidney·Adrenal Gland·Bladder,4333
EB449,89010,2016-11-18 14:15:07,급여 인정기준 외 실시한 경우 비급여,,2,,,초음파 검사료,행위,검사료,초음파 검사료,,,신장·부신 Kidney·Adrenal Gland,4334
EB450,80290,2016-11-18 14:15:37,급여 인정기준 외 실시한 경우 비급여,,2,,,초음파 검사료,행위,검사료,초음파 검사료,,,방광 Bladder,4335
EB451,115500,2016-11-18 14:15:58,급여 인정기준 외 실시한 경우 비급여,,2,,,초음파 검사료,행위,검사료,초음파 검사료,,,전립선·정낭 Prostate·Seminal Vesicle(Transrectum),4336
EB452,64220,2016-11-18 14:16:22,급여 인정기준 외 실시한 경우 비급여,,2,,,초음파 검사료,행위,검사료,초음파 검사료,,,전립선·정낭 경복부(Transabdomen),4337
EB453,90770,2016-11-18 14:17:03,급여 인정기준 외 실시한 경우 비급여,,2,,,초음파 검사료,행위,검사료,초음파 검사료,,,음경 Penis,4338
EB454,90770,2016-11-18 14:17:28,급여 인정기준 외 실시한 경우 비급여,,2,,,초음파 검사료,행위,검사료,초음파 검사료,,,음낭 Scrotum,4339
EB455,103870,2016-11-18 14:17:56,급여 인정기준 외 실시한 경우 비급여,,2,,,초음파 검사료,행위,검사료,초음파 검사료,,,여성생식기 초음파 일반 General,4340
EB456,132860,2016-11-18 14:20:31,급여 인정기준 외 실시한 경우 비급여,,2,,,초음파 검사료,행위,검사료,초음파 검사료,,,여성생식기 초음파 자궁내 생리식염수를 주입하여 검사한 경우,4341
EB457,152210,2016-11-18 14:21:09,급여 인정기준 외 실시한 경우 비급여,,2,,,초음파 검사료,행위,검사료,초음파 검사료,,,여성생식기 초음파 일반 General 정밀 Detailed,4342
EB469,139680,2016-11-18 14:24:25,급여 인정기준 외 실시한 경우 비급여,,2,,,초음파 검사료,행위,검사료,초음파 검사료,,,관절 초음파 Joint Ultrasonography 류마티스성 질환에 의한 다발성 관절염을 진단 또는 평가하기 위하여 3부위 이상의 관절을 종합적으로 검사한 경우,4343
EB461,65260,2016-11-18 14:24:52,급여 인정기준 외 실시한 경우 비급여,,2,,,초음파 검사료,행위,검사료,초음파 검사료,,,관절 초음파 손가락(편측)Finger,4344
EB462,65260,2016-11-18 14:25:29,급여 인정기준 외 실시한 경우 비급여,,2,,,초음파 검사료,행위,검사료,초음파 검사료,,,관절 초음파 발가락(편측)Toe,4345
EB463,71900,2016-11-18 14:26:00,급여 인정기준 외 실시한 경우 비급여,,2,,,초음파 검사료,행위,검사료,초음파 검사료,,,관절 초음파 주관절(편측)Elbow,4346
EB464,71900,2016-11-18 14:26:23,급여 인정기준 외 실시한 경우 비급여,,2,,,초음파 검사료,행위,검사료,초음파 검사료,,,관절 초음파 슬관절(편측)Knee(Unilateral),4347
EB465,90050,2016-11-18 14:41:37,급여 인정기준 외 실시한 경우 비급여,,2,,,초음파 검사료,행위,검사료,초음파 검사료,,,관절 초음파 고관절(편측)Hip,4348
EB466,90050,2016-11-18 14:54:58,급여 인정기준 외 실시한 경우 비급여,,2,,,초음파 검사료,행위,검사료,초음파 검사료,,,관절 초음파 견관절(편측)Shoulder,4349
EB467,90050,2016-11-18 14:55:34,급여 인정기준 외 실시한 경우 비급여,,2,,,초음파 검사료,행위,검사료,초음파 검사료,,,관절 초음파 손목관절(편측)Wrist,4350
EB468,90050,2016-11-18 14:59:44,급여 인정기준 외 실시한 경우 비급여,,2,,,초음파 검사료,행위,검사료,초음파 검사료,,,관절 초음파 발목관절(편측)Ankle(Unilateral),4351
EB470,65260,2016-11-18 15:00:57,급여 인정기준 외 실시한 경우 비급여,,2,,,초음파 검사료,행위,검사료,초음파 검사료,,,연부조직 초음파 일반 General,4352
EB471,83840,2016-11-18 15:02:20,급여 인정기준 외 실시한 경우 비급여,,2,,,초음파 검사료,행위,검사료,초음파 검사료,,,연부조직 초음파 정밀 Detailed,4353
EB481,129580,2016-11-18 15:02:44,급여 인정기준 외 실시한 경우 비급여,,2,,,초음파 검사료,행위,검사료,초음파 검사료,,,뇌혈류 초음파 Transcranial Doppler Ultrasonography,4354
EB482,110620,2016-11-18 15:03:07,급여 인정기준 외 실시한 경우 비급여,,2,,,초음파 검사료,행위,검사료,초음파 검사료,,,두개외 혈관 도플러 초음파 경동맥 Carotid Artery,4355
EB483,58060,2016-11-18 15:04:16,급여 인정기준 외 실시한 경우 비급여,,2,,,초음파 검사료,행위,검사료,초음파 검사료,,,두개외 혈관 도플러 초음파 기타 동맥,4356
EB484,89120,2016-11-18 15:04:35,급여 인정기준 외 실시한 경우 비급여,,2,,,초음파 검사료,행위,검사료,초음파 검사료,,,사지혈관 도플러 초음파 상지-동맥 Upper Extremity - Artery,4357
EB485,89120,2016-11-18 15:05:21,급여 인정기준 외 실시한 경우 비급여,,2,,,초음파 검사료,행위,검사료,초음파 검사료,,,사지혈관 도플러 초음파 상지-정맥 Upper Extremity - Vein,4358
EB486,45890,2016-11-18 15:06:00,급여 인정기준 외 실시한 경우 비급여,,2,,,초음파 검사료,행위,검사료,초음파 검사료,,,동정맥루의 혈류 및 협착 측정시,4359
EB487,141140,2016-11-18 15:07:44,급여 인정기준 외 실시한 경우 비급여,,2,,,초음파 검사료,행위,검사료,초음파 검사료,,,사지혈관 도플러 초음파 하지-동맥 Lower Extremity - Artery,4360
EB488,141140,2016-11-18 15:08:06,급여 인정기준 외 실시한 경우 비급여,,2,,,초음파 검사료,행위,검사료,초음파 검사료,,,사지혈관 도플러 초음파 하지-정맥 Lower Extremity - Vein,4361
EB489,158510,2016-11-18 15:08:27,급여 인정기준 외 실시한 경우 비급여,,2,,,초음파 검사료,행위,검사료,초음파 검사료,,,사지혈관 도플러 초음파 하지 정맥류 검사,4362
EB501,198210,2016-11-18 15:09:16,급여 인정기준 외 실시한 경우 비급여,,2,,,초음파 검사료,행위,검사료,초음파 검사료,,,중추신경계 초음파 경천문 뇌 Brain(Transfontanelle),4363
EB502,198210,2016-11-18 15:16:42,급여 인정기준 외 실시한 경우 비급여,,2,,,초음파 검사료,행위,검사료,초음파 검사료,,,중추신경계 초음파 척수 Spinal Cord,4364
EB503　,59120,2016-11-18 15:17:13,급여 인정기준 외 실시한 경우 비급여,,2,,,초음파 검사료,행위,검사료,초음파 검사료,,,말초신경 초음파(편측)Peripheral Nerve Ultrasonography,4365
EB504,154210,2016-11-18 15:17:41,급여 인정기준 외 실시한 경우 비급여,,2,,,초음파 검사료,행위,검사료,초음파 검사료,,,사지신경 모두를 종합적으로 검사한 경우,4366
EB511,81330,2016-11-18 15:18:23,급여 인정기준 외 실시한 경우 비급여,,2,,,초음파 검사료,행위,검사료,초음파 검사료,,,임산부 제1삼분기 First Trimester 일반 General,4367
EB512,55200,2016-11-18 15:18:47,급여 인정기준 외 실시한 경우 비급여,,2,,,초음파 검사료,행위,검사료,초음파 검사료,,,임산부 제1삼분기임신 여부만을 확인한 경우,4368
EB513,145140,2016-11-18 15:21:10,급여 인정기준 외 실시한 경우 비급여,,2,,,초음파 검사료,행위,검사료,초음파 검사료,,,임산부 제1삼분기 First Trimester 정밀 Detailed,4369
EB514,186130,2016-11-18 15:21:41,급여 인정기준 외 실시한 경우 비급여,,2,,,초음파 검사료,행위,검사료,초음파 검사료,,,임산부 제1삼분기 기형아(Anomaly)를 정밀 계측한 경우,4370
EB515,115140,2016-11-18 15:22:15,급여 인정기준 외 실시한 경우 비급여,,2,,,초음파 검사료,행위,검사료,초음파 검사료,,,"임산부 제2,3삼분기 Second, Third Trimester ) 일반 General",4371
EB516,149660,2016-11-18 15:24:57,급여 인정기준 외 실시한 경우 비급여,,2,,,초음파 검사료,행위,검사료,초음파 검사료,,,"임산부 제2,3삼분기 Second, Third Trimester 고위험 임신의 경우",4372
EB517,246740,2016-11-18 15:25:30,급여 인정기준 외 실시한 경우 비급여,,2,,,초음파 검사료,행위,검사료,초음파 검사료,,,"임산부 제2,3삼분기 Second, Third Trimester 정밀 Detailed",4373
EB518,289060,2016-11-18 15:25:54,급여 인정기준 외 실시한 경우 비급여,,2,,,초음파 검사료,행위,검사료,초음파 검사료,,,"임산부 제2,3삼분기 Second, Third Trimester 기형아(Anomaly)를 정밀 계측한 경우",4374
EB561,53200,2016-11-18 15:28:00,급여 인정기준 외 실시한 경우 비급여,,2,,,초음파 검사료,행위,검사료,초음파 검사료,,,유도초음파(Ⅰ),4375
EB562,106400,2016-11-18 15:28:28,급여 인정기준 외 실시한 경우 비급여,,2,,,초음파 검사료,행위,검사료,초음파 검사료,,,유도초음파(Ⅱ),4376
EB563,127680,2016-11-18 15:29:01,급여 인정기준 외 실시한 경우 비급여,,2,,,초음파 검사료,행위,검사료,초음파 검사료,,,유도초음파(Ⅲ),4377
EB564,319180,2016-11-18 15:30:05,급여 인정기준 외 실시한 경우 비급여,,2,,,초음파 검사료,행위,검사료,초음파 검사료,,,유도초음파(Ⅳ),4378
EB611,290960,2016-11-18 15:30:44,급여 인정기준 외 실시한 경우 비급여,,2,,,초음파 검사료,행위,검사료,초음파 검사료,,,경식도 심초음파Transesophageal Echocardiography,4379
EB610,35460,2016-11-18 15:32:03,급여 인정기준 외 실시한 경우 비급여,,2,,,초음파 검사료,행위,검사료,초음파 검사료,,,심장 초음파 선천성 심질환에 검사를 실시한 경우,4380
EB612,320060,2016-11-18 15:33:10,급여 인정기준 외 실시한 경우 비급여,,2,,,초음파 검사료,행위,검사료,초음파 검사료,,,심장내 초음파 Intracardiac Echocardiography,4381
HE103,470000,2016-11-25 16:35:53,급여 인정기준 외 실시한 경우 비급여,,2,,,두경부,행위,영상진단 및 방사선 치료료,자기공명영상진단료(MRI),,,안면-일반,4382
HE203,470000,2016-11-25 16:37:18,급여 인정기준 외 실시한 경우 비급여,,2,N,,두경부,행위,영상진단 및 방사선 치료료,자기공명영상진단료(MRI),,,안면-조영제 주입 전&nbsp;후 촬영판독,4383
HE104,470000,2016-11-25 16:37:46,급여 인정기준 외 실시한 경우 비급여,,2,,,두경부,행위,영상진단 및 방사선 치료료,자기공명영상진단료(MRI),,,부비동-일반,4384
HE204,470000,2016-11-25 16:38:47,급여 인정기준 외 실시한 경우 비급여,,2,,,두경부,행위,영상진단 및 방사선 치료료,자기공명영상진단료(MRI),,,부비동-조영제 주입 전&nbsp;후 촬영판독,4385
HE105,470000,2016-11-25 16:50:07,급여 인정기준 외 실시한 경우 비급여,,2,,,두경부,행위,영상진단 및 방사선 치료료,자기공명영상진단료(MRI),,,안와-일반,4386
HE205,470000,2016-11-25 16:50:38,급여 인정기준 외 실시한 경우 비급여,,2,N,,두경부,행위,영상진단 및 방사선 치료료,자기공명영상진단료(MRI),,,안와-조영제 주입 전&nbsp;후 촬영판독,4387
HE106,470000,2016-11-25 16:51:04,급여 인정기준 외 실시한 경우 비급여,,2,,,두경부,행위,영상진단 및 방사선 치료료,자기공명영상진단료(MRI),,,측두골-일반,4388
HE206,470000,2016-11-25 16:51:29,급여 인정기준 외 실시한 경우 비급여,,2,N,,두경부,행위,영상진단 및 방사선 치료료,자기공명영상진단료(MRI),,,측두골-조영제 주입 전&nbsp;후 촬영판독,4389
HE107,470000,2016-11-25 16:51:55,급여 인정기준 외 실시한 경우 비급여,,2,,,두경부,행위,영상진단 및 방사선 치료료,자기공명영상진단료(MRI),,,측두하악관절-일반,4390
HE207,470000,2016-11-25 16:52:30,급여 인정기준 외 실시한 경우 비급여,,2,N,,두경부,행위,영상진단 및 방사선 치료료,자기공명영상진단료(MRI),,,측두하악관절-조영제 주입 전&nbsp;후 촬영판독,4391
HE108,470000,2016-11-25 16:52:51,급여 인정기준 외 실시한 경우 비급여,,2,,,두경부,행위,영상진단 및 방사선 치료료,자기공명영상진단료(MRI),,,경부-일반,4392
HE208,470000,2016-11-25 16:53:15,급여 인정기준 외 실시한 경우 비급여,,2,N,,두경부,행위,영상진단 및 방사선 치료료,자기공명영상진단료(MRI),,,경부-조영제 주입 전&nbsp;후 촬영판독,4393
HE109,470000,2016-11-25 16:53:38,급여 인정기준 외 실시한 경우 비급여,,2,N,,척추,행위,영상진단 및 방사선 치료료,자기공명영상진단료(MRI),,,경추-일반,4394
HE209,470000,2016-11-25 16:54:04,급여 인정기준 외 실시한 경우 비급여,,2,N,,척추,행위,영상진단 및 방사선 치료료,자기공명영상진단료(MRI),,,경추-조영제 주입 전&nbsp;후 촬영판독,4395
HE110,470000,2016-11-25 16:54:23,급여 인정기준 외 실시한 경우 비급여,,2,,,척추,행위,영상진단 및 방사선 치료료,자기공명영상진단료(MRI),,,흉추-일반,4396
HE210,470000,2016-11-25 16:54:46,급여 인정기준 외 실시한 경우 비급여,,2,N,,척추,행위,영상진단 및 방사선 치료료,자기공명영상진단료(MRI),,,흉추-조영제 주입 전&nbsp;후 촬영판독,4397
HE111,470000,2016-11-25 16:55:18,급여 인정기준 외 실시한 경우 비급여,,2,,,척추,행위,영상진단 및 방사선 치료료,자기공명영상진단료(MRI),,,요천추-일반,4398
HE211,470000,2016-11-25 16:55:37,급여 인정기준 외 실시한 경우 비급여,,2,N,,척추,행위,영상진단 및 방사선 치료료,자기공명영상진단료(MRI),,,요천추-조영제 주입 전&nbsp;후 촬영판독,4399
HE113,235000,2016-11-25 16:56:01,급여 인정기준 외 실시한 경우 비급여,,2,,,척추,행위,영상진단 및 방사선 치료료,자기공명영상진단료(MRI),,,요천추-흉추와 동시 촬영-일반,4400
HE213,235000,2016-11-25 16:56:29,급여 인정기준 외 실시한 경우 비급여,,2,N,,척추,행위,영상진단 및 방사선 치료료,자기공명영상진단료(MRI),,,요천추-흉추와 동시 촬영-조영제 주입 전&nbsp;후 촬영판독,4401
HE112,470000,2016-11-25 16:56:49,급여 인정기준 외 실시한 경우 비급여,,2,,,척추,행위,영상진단 및 방사선 치료료,자기공명영상진단료(MRI),,,척추강-일반,4402
HE212,470000,2016-11-25 16:57:17,급여 인정기준 외 실시한 경우 비급여,,2,N,,척추,행위,영상진단 및 방사선 치료료,자기공명영상진단료(MRI),,,척추강-조영제 주입 전&nbsp;후 촬영판독,4403
HE114,705000,2016-11-25 16:57:46,급여 인정기준 외 실시한 경우 비급여,,2,,,척추,행위,영상진단 및 방사선 치료료,자기공명영상진단료(MRI),,,"척추강-경추, 흉추, 요천추와 동시 촬영-일반",4404
HE214,470000,2016-11-25 16:58:11,급여 인정기준 외 실시한 경우 비급여,,2,N,,척추,행위,영상진단 및 방사선 치료료,자기공명영상진단료(MRI),,,"척추강-경추, 흉추, 요천추와 동시 촬영-조영제 주입 전&nbsp;후 촬영판독",4405
HE115,470000,2016-11-25 16:58:34,급여 인정기준 외 실시한 경우 비급여,,2,,,근골격계,행위,영상진단 및 방사선 치료료,자기공명영상진단료(MRI),,,견관절-일반,4406
HE215,470000,2016-11-25 16:58:59,급여 인정기준 외 실시한 경우 비급여,,2,N,,근골격계,행위,영상진단 및 방사선 치료료,자기공명영상진단료(MRI),,,견관절-조영제 주입 전&nbsp;후 촬영판독,4407
HE116,470000,2016-11-25 16:59:22,급여 인정기준 외 실시한 경우 비급여,,2,,,근골격계,행위,영상진단 및 방사선 치료료,자기공명영상진단료(MRI),,,주관절-일반,4408
HE216,470000,2016-11-25 16:59:44,급여 인정기준 외 실시한 경우 비급여,,2,N,,근골격계,행위,영상진단 및 방사선 치료료,자기공명영상진단료(MRI),,,주관절-조영제 주입 전&nbsp;후 촬영판독,4409
HE117,470000,2016-11-25 17:00:11,급여 인정기준 외 실시한 경우 비급여,,2,,,근골격계,행위,영상진단 및 방사선 치료료,자기공명영상진단료(MRI),,,수관절-일반,4410
HE217,470000,2016-11-25 17:01:05,급여 인정기준 외 실시한 경우 비급여,,2,N,,근골격계,행위,영상진단 및 방사선 치료료,자기공명영상진단료(MRI),,,수관절-조영제 주입 전&nbsp;후 촬영판독,4411
HE118,470000,2016-11-25 17:01:56,급여 인정기준 외 실시한 경우 비급여,,2,,,근골격계,행위,영상진단 및 방사선 치료료,자기공명영상진단료(MRI),,,고관절-일반,4412
HE218,470000,2016-11-25 17:02:16,급여 인정기준 외 실시한 경우 비급여,,2,N,,근골격계,행위,영상진단 및 방사선 치료료,자기공명영상진단료(MRI),,,고관절-조영제 주입 전&nbsp;후 촬영판독,4413
HE119,470000,2016-11-25 17:02:44,급여 인정기준 외 실시한 경우 비급여,,2,,,근골격계,행위,영상진단 및 방사선 치료료,자기공명영상진단료(MRI),,,천장골관절-일반,4414
HE219,470000,2016-11-25 17:05:12,급여 인정기준 외 실시한 경우 비급여,,2,N,,근골격계,행위,영상진단 및 방사선 치료료,자기공명영상진단료(MRI),,,천장골관절-조영제 주입 전&nbsp;후 촬영판독,4415
HE120,470000,2016-11-25 17:05:38,급여 인정기준 외 실시한 경우 비급여,,2,,,근골격계,행위,영상진단 및 방사선 치료료,자기공명영상진단료(MRI),,,슬관절-일반,4416
HE220,470000,2016-11-25 17:06:02,급여 인정기준 외 실시한 경우 비급여,,2,N,,근골격계,행위,영상진단 및 방사선 치료료,자기공명영상진단료(MRI),,,슬관절-조영제 주입 전&nbsp;후 촬영판독,4417
HE121,470000,2016-11-25 17:06:26,급여 인정기준 외 실시한 경우 비급여,,2,,,근골격계,행위,영상진단 및 방사선 치료료,자기공명영상진단료(MRI),,,발목관절-일반,4418
HE221,470000,2016-11-25 17:06:58,급여 인정기준 외 실시한 경우 비급여,,2,N,,근골격계,행위,영상진단 및 방사선 치료료,자기공명영상진단료(MRI),,,발목관절-조영제 주입 전&nbsp;후 촬영판독,4419
HE122,470000,2016-11-25 17:07:31,급여 인정기준 외 실시한 경우 비급여,,2,,,근골격계,행위,영상진단 및 방사선 치료료,자기공명영상진단료(MRI),,,관절외 상지-일반,4420
HE222,470000,2016-11-25 17:08:17,급여 인정기준 외 실시한 경우 비급여,,2,N,,근골격계,행위,영상진단 및 방사선 치료료,자기공명영상진단료(MRI),,,관절외 상지-조영제 주입 전&nbsp;후 촬영판독,4421
HE123,470000,2016-11-25 17:19:35,급여 인정기준 외 실시한 경우 비급여,,2,,,근골격계,행위,영상진단 및 방사선 치료료,자기공명영상진단료(MRI),,,관절외 하지-일반,4422
HE223,470000,2016-11-25 17:20:00,급여 인정기준 외 실시한 경우 비급여,,2,N,,근골격계,행위,영상진단 및 방사선 치료료,자기공명영상진단료(MRI),,,관절외 하지-조영제 주입 전&nbsp;후 촬영판독,4423
HE124,470000,2016-11-25 17:20:30,급여 인정기준 외 실시한 경우 비급여,,2,,,흉부,행위,영상진단 및 방사선 치료료,자기공명영상진단료(MRI),,,심장-일반,4424
HE224,470000,2016-11-25 17:20:57,급여 인정기준 외 실시한 경우 비급여,,2,N,,흉부,행위,영상진단 및 방사선 치료료,자기공명영상진단료(MRI),,,심장-조영제 주입 전&nbsp;후 촬영판독,4425
HE125,470000,2016-11-25 17:21:16,급여 인정기준 외 실시한 경우 비급여,,2,,,흉부,행위,영상진단 및 방사선 치료료,자기공명영상진단료(MRI),,,흉부-일반,4426
HE225,470000,2016-12-05 14:10:32,급여 인정기준 외 실시한 경우 비급여,,2,N,,흉부,행위,영상진단 및 방사선 치료료,자기공명영상진단료(MRI),,,흉부-조영제 주입 전&nbsp;후 촬영판독,4427
HE126,470000,2016-12-05 14:11:20,급여 인정기준 외 실시한 경우 비급여,,2,,,흉부,행위,영상진단 및 방사선 치료료,자기공명영상진단료(MRI),,,유방-일반,4428
HE226,470000,2016-12-05 14:12:02,급여 인정기준 외 실시한 경우 비급여,,2,N,,흉부,행위,영상진단 및 방사선 치료료,자기공명영상진단료(MRI),,,유방-조영제 주입 전&nbsp;후 촬영판독,4429
HE127,470000,2016-12-05 14:13:21,급여 인정기준 외 실시한 경우 비급여,,2,,,복부,행위,영상진단 및 방사선 치료료,자기공명영상진단료(MRI),,,복부-일반,4430
HE227,470000,2016-12-05 14:13:51,급여 인정기준 외 실시한 경우 비급여,,2,N,,복부,행위,영상진단 및 방사선 치료료,자기공명영상진단료(MRI),,,복부-조영제 주입 전&nbsp;후 촬영판독,4431
HE128,470000,2016-12-05 14:14:14,급여 인정기준 외 실시한 경우 비급여,,2,,,복부,행위,영상진단 및 방사선 치료료,자기공명영상진단료(MRI),,,골반-일반,4432
HE228,470000,2016-12-05 14:14:38,급여 인정기준 외 실시한 경우 비급여,,2,N,,복부,행위,영상진단 및 방사선 치료료,자기공명영상진단료(MRI),,,골반-조영제 주입 전&nbsp;후 촬영판독,4433
HE129,470000,2016-12-05 14:14:55,급여 인정기준 외 실시한 경우 비급여,,2,,,복부,행위,영상진단 및 방사선 치료료,자기공명영상진단료(MRI),,,췌장-일반,4434
HE229,470000,2016-12-05 14:15:31,급여 인정기준 외 실시한 경우 비급여,,2,N,,복부,행위,영상진단 및 방사선 치료료,자기공명영상진단료(MRI),,,췌장-조영제 주입 전&nbsp;후 촬영판독,4435
HE130,470000,2016-12-05 14:16:11,급여 인정기준 외 실시한 경우 비급여,,2,,,복부,행위,영상진단 및 방사선 치료료,자기공명영상진단료(MRI),,,신장 및 부신-일반,4436
HE230,470000,2016-12-05 14:16:32,급여 인정기준 외 실시한 경우 비급여,,2,N,,복부,행위,영상진단 및 방사선 치료료,자기공명영상진단료(MRI),,,신장 및 부신-조영제 주입 전&nbsp;후 촬영판독,4437
HE131,470000,2016-12-05 14:17:17,급여 인정기준 외 실시한 경우 비급여,,2,,,복부,행위,영상진단 및 방사선 치료료,자기공명영상진단료(MRI),,,음낭 및 음경-일반,4438
HE231,470000,2016-12-05 14:18:09,급여 인정기준 외 실시한 경우 비급여,,2,N,,복부,행위,영상진단 및 방사선 치료료,자기공명영상진단료(MRI),,,음낭 및 음경-조영제 주입 전&nbsp;후 촬영판독,4439
HE132,470000,2016-12-05 14:18:55,급여 인정기준 외 실시한 경우 비급여,,2,,,복부,행위,영상진단 및 방사선 치료료,자기공명영상진단료(MRI),,,간-일반,4440
HE232,470000,2016-12-05 14:19:19,급여 인정기준 외 실시한 경우 비급여,,2,N,,복부,행위,영상진단 및 방사선 치료료,자기공명영상진단료(MRI),,,간-조영제 주입 전&nbsp;후 촬영판독,4441
HE133,470000,2016-12-05 14:19:50,급여 인정기준 외 실시한 경우 비급여,,2,,,복부,행위,영상진단 및 방사선 치료료,자기공명영상진단료(MRI),,,담췌관-일반,4442
HE233,470000,2016-12-05 14:20:17,급여 인정기준 외 실시한 경우 비급여,,2,N,,복부,행위,영상진단 및 방사선 치료료,자기공명영상진단료(MRI),,,담췌관-조영제 주입 전&nbsp;후 촬영판독,4443
HE134,470000,2016-12-05 14:20:41,급여 인정기준 외 실시한 경우 비급여,,2,,,복부,행위,영상진단 및 방사선 치료료,자기공명영상진단료(MRI),,,전립선-일반,4444
HE234,470000,2016-12-05 14:21:07,급여 인정기준 외 실시한 경우 비급여,,2,N,,복부,행위,영상진단 및 방사선 치료료,자기공명영상진단료(MRI),,,전립선-조영제 주입 전&nbsp;후 촬영판독,4445
HE137,470000,2016-12-05 14:23:06,급여 인정기준 외 실시한 경우 비급여,,2,,,혈관,행위,영상진단 및 방사선 치료료,자기공명영상진단료(MRI),,,흉부혈관-일반,4446
HE237,470000,2016-12-05 14:23:32,급여 인정기준 외 실시한 경우 비급여,,2,N,,혈관,행위,영상진단 및 방사선 치료료,자기공명영상진단료(MRI),,,흉부혈관-조영제 주입 전&nbsp;후 촬영판독,4447
HE138,400000,2016-12-05 14:23:52,급여 인정기준 외 실시한 경우 비급여,,2,,,혈관,행위,영상진단 및 방사선 치료료,자기공명영상진단료(MRI),,,복부혈관-일반,4448
HE238,400000,2016-12-05 14:24:14,급여 인정기준 외 실시한 경우 비급여,,2,N,,혈관,행위,영상진단 및 방사선 치료료,자기공명영상진단료(MRI),,,복부혈관-조영제 주입 전&nbsp;후 촬영판독,4449
HE139,400000,2016-12-05 14:24:40,급여 인정기준 외 실시한 경우 비급여,,2,,,혈관,행위,영상진단 및 방사선 치료료,자기공명영상진단료(MRI),,,사지혈관-일반,4450
HE239,400000,2016-12-05 14:25:05,급여 인정기준 외 실시한 경우 비급여,,2,N,,혈관,행위,영상진단 및 방사선 치료료,자기공명영상진단료(MRI),,,사지혈관-조영제 주입 전&nbsp;후 촬영판독,4451
HE140,400000,2016-12-05 14:25:28,급여 인정기준 외 실시한 경우 비급여,,2,,,혈관,행위,영상진단 및 방사선 치료료,자기공명영상진단료(MRI),,,심혈관-일반,4452
HE240,400000,2016-12-05 14:25:47,급여 인정기준 외 실시한 경우 비급여,,2,,,혈관,행위,영상진단 및 방사선 치료료,자기공명영상진단료(MRI),,,심혈관-조영제 주입 전&nbsp;후 촬영판독,4453
,,2016-12-05 14:26:17,,,,,,,,,,,,,4454
HE540,400000,2016-12-05 14:27:11,급여 인정기준 외 실시한 경우 비급여,,2,N,,혈관,행위,영상진단 및 방사선 치료료,자기공명영상진단료(MRI),,,심혈관-3차원자기공명영상을 실시한 경우,4455
HF101,228050,2016-12-05 14:27:34,급여 인정기준 외 실시한 경우 비급여,,2,,,특수검사,행위,영상진단 및 방사선 치료료,자기공명영상진단료(MRI),,,확산,4456
HF201,121310,2016-12-05 14:27:53,급여 인정기준 외 실시한 경우 비급여,,2,,,특수검사,행위,영상진단 및 방사선 치료료,자기공명영상진단료(MRI),,,확산-기본검사 동시,4457
HF102,345770,2016-12-05 14:28:17,급여 인정기준 외 실시한 경우 비급여,,2,,,특수검사,행위,영상진단 및 방사선 치료료,자기공명영상진단료(MRI),,,관류 [3차원자기공명영상 포함],4458
HF202,190460,2016-12-05 14:28:38,급여 인정기준 외 실시한 경우 비급여,,2,,,특수검사,행위,영상진단 및 방사선 치료료,자기공명영상진단료(MRI),,,관류 [3차원자기공명영상 포함]-기본검사 동시,4459
HF103,228960,2016-12-05 14:28:59,급여 인정기준 외 실시한 경우 비급여,,2,,,특수검사,행위,영상진단 및 방사선 치료료,자기공명영상진단료(MRI),,,분광영상,4460
HF203,131260,2016-12-05 14:29:29,급여 인정기준 외 실시한 경우 비급여,,2,,,특수검사,행위,영상진단 및 방사선 치료료,자기공명영상진단료(MRI),,,분광영상-기본검사 동시,4461
HF104,514270,2016-12-05 14:29:45,급여 인정기준 외 실시한 경우 비급여,,2,,,특수검사,행위,영상진단 및 방사선 치료료,자기공명영상진단료(MRI),,,영화 [3차원자기공명영상 포함],4462
HF105,400500,2016-12-05 14:30:07,급여 인정기준 외 실시한 경우 비급여,,2,,,특수검사,행위,영상진단 및 방사선 치료료,자기공명영상진단료(MRI),,,Dynamic,4463
HF107,591500,2016-12-05 14:30:26,급여 인정기준 외 실시한 경우 비급여,,2,,,특수검사,행위,영상진단 및 방사선 치료료,자기공명영상진단료(MRI),,,기능적 [3차원자기공명영상 포함],4464
EA001,53790,2017-03-02 13:59:25,,,2,,,기타,행위,기타,,,,진정내시경관리료 I,4465
EA002,78050,2017-03-02 13:59:51,,,2,,,기타,행위,기타,,,,진정내시경관리료 II,4466
EA003,119620,2017-03-02 14:00:27,,,2,,,기타,행위,기타,,,,진정내시경관리료 III,4467
EA004,165440,2017-03-02 14:01:23,,,2,,,기타,행위,기타,,,,진정내시경관리료 IV,4468
670602610,14505,2017-03-02 14:08:35,,,2,,,,약제,,,,,하이알라제주((주)휴온스),4469
670500610,26240,2017-03-02 14:15:13,,,2,,,,약제,,,,,보령디티에이피백신주(DPT)-예방접종,4470
644701660,30000,2017-03-02 14:15:33,,,2,,,,약제,,,,,에스케이티디백신주(프리필드시린지)-예방접종,4471
BF0201SH,1597688,2017-03-09 11:35:46,,,5,,Y,추간판내 고주파 열치료술 재료,치료재료,,,,,일회용 발 조절식 전기수술기용 전극 (메디스타),4472
BF0202SH,1597777,2017-03-09 11:38:07,,,5,,Y,추간판내 고주파 열치료술 재료,치료재료,,,,,YES C DISC (메디케어),4473
BK4202DC,62328,2017-05-08 14:48:29,,,5,,,후두마스크,치료재료,,,,,I-GEL SUPRAGLOTTIC AIRWAY,4474
648901020,14945,2017-07-18 15:52:14,,MALP20,5,,,,약제,,,,,카버젝트 주사 20mcg (1바이알/주국비지원원내) 한국화이자주,4475
646601400,299552,2017-08-01 12:25:39,,DFLOS,5,Y,,,약제,,,,,플로실 헤모스태틱 매트릭스(박스터),4476
641704360,1455,2017-08-01 12:26:45,,DSILDE100,5,,,,약제,,,,,일양실데나필정100밀리그램(일양약품(주)),4477
671806740,2280,2017-08-01 12:52:37,,DTADA20,5,,,,약제,,,,,시알롱기정20mg (대원제약),4478
665900210,70000,2017-08-02 14:39:42,,,5,,,,약제,,,,,펜탁심주 (사노피파스퇴르(주)),4479
643605000,29450,2017-08-02 14:40:18,,,5,,,,약제,,,,,일본뇌염 불활성화 백신(베로세포 유래) 0.7ml,4480
CZ432,25300,2017-09-01 13:44:36,,,3,,,항CCP항체,행위,검사료,,,,Anti CCP Ab(Anti-Cyclic Citrulinated Peptide,4481
AW400601,40000,2017-09-29 08:51:47,,채용신체검사서(공무원),3,,,,제증명수수료,,,,,채용신체검사서(공무원),4482
AW400602,30000,2017-09-29 08:58:15,,채용신체검사서(일반),3,,,,제증명수수료,,,,,채용신체검사서(일반),4483
EZ754,20000,2017-10-10 09:25:35,,,2,,,초음파 검사료,행위,검사료,초음파 검사료,,,초음파 잔뇨량측정[Bladder scan],4484
RMZ00200,250000,2017-10-10 09:28:27,급여 인정기준 외 실시한 경우 비급여,,2,,,특수검사,행위,영상진단 및 방사선 치료료,자기공명영상진단료(MRI),,,MRI Follow Up study,4485
MY142,20000,2017-10-10 09:30:17,,,2,,,근골,행위,처치 및 수술료 등,,,,증식치료[사지관절부위],4486
MY143,30000,2017-10-10 09:30:44,,,2,,,근골,행위,처치 및 수술료 등,,,,증식치료[척추부위],4487
BF0201SH,1597688,2017-10-10 09:35:49,,,2,,,추간판내 고주파 열치료술,치료재료,,,,,YES L DISC,4488
BF0202SH,1597688,2017-10-10 09:36:13,,,2,,,추간판내 고주파 열치료술,치료재료,,,,,YES C DISC,4489
BJ4502JT,1419830,2017-10-10 09:37:29,,,2,,,혈관내영상카테타,치료재료,,,,,REVOLUTION CATHETER,4490
BJ6090BM,580000,2017-10-10 09:38:12,,,2,,,관상동맥 중재술용 GUIDE EXTENSION CATHETER,치료재료,,,,,GUIDEZILLA GUIDE EXTENSION CATHETER,4491
BJ4801NX,792000,2017-10-10 09:38:37,,,2,,,풍선확장 경막외강 유착박리술용,치료재료,,,,,ASAN-ZINEU BALLOON CATHETER,4492
BK7101EA,1700,2017-10-10 09:41:23,,,2,,,자착성 탄력붕대,치료재료,,,,,COBAN 1인치,4493
BM5101LX,,2017-10-10 09:42:01,,2인치/4인치,2,,,드레싱 고정용,치료재료,,,4635,3300,Soft Cloth Tape 3M,4494
BC1202YU,,2017-10-10 09:46:44,,중/대,2,,,압박고정용 붕대류,치료재료,,,5033,4776,8자 붕대,4495
BM9101TZ,90000,2017-10-10 09:47:02,,,2,,,압력요류검사용 커프,치료재료,,,,,Urocuff Disposable,4496
,,2017-10-10 09:49:45,,,,,,,,,,,,,4497
643605040,30050,2017-10-10 09:54:54,,,2,,,,약제,,,,,세포배양일본뇌염백신주 0.4ml(녹십자)-예방접종,4498
665900210,69520,2017-10-10 09:56:15,,,2,,,,약제,,,,,펜탁심주 DTPa-IPV/Hib(사노피파스퇴르(주))-예방접종,4499
642507441,30000,2017-10-10 09:56:28,,,2,,,,약제,,,,,지씨플루쿼드리밸런트프리필드시린지주(녹십자)예방접,4500
PDZ09,,2017-10-10 11:06:40,"병염기재(3,000원) / 병명미기재(1,000원)",통원확인서,2,,,,제증명수수료,,,3000,1000,확인서,4501
PDZ09,10000,2017-10-10 11:07:09,,수술확인서,2,,,,제증명수수료,,,,,확인서,4502
PDZ01,10000,2017-10-10 11:16:04,의료법 시행규칙 제9조 [서식5의2],,2,,,,제증명수수료,,,,,진단서(일반진단서),4503
,100,2017-10-10 11:24:33,,"6매이상, 매당",2,,,,제증명수수료,,,,,진료기록사본,4504
FB001,315380,2017-10-31 10:48:55,,,2,,,신경계기능검사,행위,검사료,,,,서울신경심리검사(SNSB),4505
FB002,138080,2017-10-31 10:49:15,,,2,,,신경계기능검사,행위,검사료,,,,한국판 CERAD 평가집(CERAD-K),4506
FB011,29090,2017-10-31 10:54:00,,,2,,,신경계기능검사,행위,검사료,,,,신경인지기능검사 개별검사 유형1 (3 ~5개 검사),4507
FB012,49680,2017-10-31 10:54:22,,,2,,,신경계기능검사,행위,검사료,,,,신경인지기능검사 개별검사 유형1 (6-8개 검사),4508
FB013,87430,2017-10-31 10:55:14,,,2,,,신경계기능검사,행위,검사료,,,,신경인지기능검사 개별검사 유형1 (9개 이상 검사),4509
FB021,29110,2017-10-31 10:56:36,,,2,,,신경계기능검사,행위,검사료,,,,신경인지기능검사 개별검사 유형2 (1 ~3개 검사),4510
FB022,70290,2017-10-31 10:56:59,,,2,,,신경계기능검사,행위,검사료,,,,신경인지기능검사 개별검사 유형2 (4개 이상),4511
FB030010,29940,2017-10-31 10:57:24,,,2,,,신경계기능검사,행위,검사료,,,,신경인지기능검사 개별검사 유형Ⅲ-레이복합도검사,4512
FB030040,29940,2017-10-31 10:58:05,,,2,,,신경계기능검사,행위,검사료,,,,신경인지기능검사-개별검사-유형Ⅲ-표정인식력(재인)검사,4513
FB030020,29940,2017-10-31 10:58:41,,,2,,,신경계기능검사,행위,검사료,,,,신경인지기능검사-개별검사-유형Ⅲ-보스톤사물이름대기검사-60문항,4514
FB030030,29940,2017-10-31 10:58:58,,,2,,,신경계기능검사,행위,검사료,,,,신경인지기능검사-개별검사-유형Ⅲ-위스콘신카드분류검사,4515
FB040020,51330,2017-10-31 10:59:29,,,2,,,신경계기능검사,행위,검사료,,,,신경인지기능검사-개별검사-유형Ⅳ-벤톤 신경심리검사,4516
FB060010,83830,2017-10-31 10:59:47,,,2,,,신경계기능검사,행위,검사료,,,,신경인지기능검사-개별검사-유형Ⅵ-웨스턴 실어증 검사,4517
FB060,83830,2017-10-31 11:00:38,,,2,,,신경계기능검사,행위,검사료,,,,신경인지기능검사 개별검사 유형Ⅵ,4518
FZ452,20000,2017-10-31 11:01:02,,,2,,,신경계기능검사,행위,검사료,,,,선로잇기검사,4519
FZ413,30000,2017-10-31 11:01:19,,,2,,,신경계기능검사,행위,검사료,,,,단기기억력검사[청각],4520
FZ413,30000,2017-10-31 11:01:38,,,2,,,신경계기능검사,행위,검사료,,,,단기기억력검사[시각],4521
FZ414,30000,2017-10-31 11:01:53,,,2,,,신경계기능검사,행위,검사료,,,,캘리포니아 언어학습검사,4522
FZ413,30000,2017-10-31 11:04:52,,,2,,,신경계기능검사,행위,검사료,,,,시각 학습 검사,4523
FZ413,30000,2017-10-31 11:05:13,,,2,,,신경계기능검사,행위,검사료,,,,자서전적 기억평가면접,4524
FZ421,20000,2017-10-31 11:05:32,,,2,,,신경계기능검사,행위,검사료,,,,성인 진단적 이해력 검사,4525
FZ424,15000,2017-10-31 11:05:49,,,2,,,신경계기능검사,행위,검사료,,,,어휘력검사,4526
FZ432,20000,2017-10-31 11:06:04,,,2,,,신경계기능검사,행위,검사료,,,,구성능력검사,4527
FZ441,15000,2017-10-31 11:06:21,,,2,,,신경계기능검사,행위,검사료,,,,손가락 두드리기 검사,4528
FZ452,20000,2017-10-31 11:06:42,,,2,,,신경계기능검사,행위,검사료,,,,단어색체검사(Word-Color Test),4529
FZ421,20000,2017-10-31 11:07:02,,,2,,,신경계기능검사,행위,검사료,,,,성인 진단적 언어능력 검사,4530
FB001,315380,2017-11-09 17:18:08,,신경인지기능검사,3,,,신경계기능검사,행위,검사료,,,,신경인지기능검사-종합검사-서울신경심리검사(SNSB),4531
FB002,138080,2017-11-09 17:18:32,,신경인지기능검사,3,,,신경계기능검사,행위,검사료,,,,신경인지기능검사-종합검사-한국판 CERAD 평가집(CERAD-K),4532
MZ009,35000,2017-12-04 10:40:56,,,3,,,전산화 인지재활치료,행위,이학요법료(물리치료료),,,,전산화 인지재활치료,4533
641100931,131475,2017-12-08 14:30:26,,,3,,,,약제,,,,,MRI 급여조영제 프리모비스트10ml,4534
654900051,34979,2017-12-08 14:30:55,,,3,,,,약제,,,,,도타렘 15ML Meglumine gadoteratev5653.5mg,4535
621400021,47275,2017-12-08 14:31:40,,,3,,,,약제,,,,,프로핸스주프리필드시린지(가도테리돌)--,4536
170000,,2017-12-14 15:46:42,급여 기준외 비급여,,3,,,척추,행위,영상진단 및 방사선 치료료,자기공명영상진단료(MRI),170000,170000,"MRI Spine, SAG",4537
AQW01200,1000,2018-01-10 08:26:40,20180101,제증명료 사본,3,,,의무기록사본발급,제증명수수료,,,,,제증명료 사본,4538
AQA02002,15000,2018-01-10 08:35:33,,장애진단서(간단),3,,,,제증명수수료,,,,,장애진단서(간단),4539
AW400101,20000,2018-01-10 09:15:51,,건강진단서,3,,,,제증명수수료,,,,,건강진단서,4540
SEB44901,97910,2018-01-11 08:11:38,,진단초음파-비뇨기계-(도플러)신장·부신,3,,,초음파,행위,검사료,초음파 검사료,,,진단초음파-비뇨기계-(도플러)신장·부신,4541
SEB42204,42990,2018-01-11 08:13:05,급여 인정기준 외 실시한경우 비급여,진단초음파-흉부-유방·액와부 제외한 흉부 초음파(F/U),3,,,초음파,행위,검사료,초음파 검사료,,,진단초음파-흉부-유방·액와부 제외한 흉부 초음파(F/U),4542
CZ994,54669,2018-01-23 10:00:27,CZ994~7,,3,,,분자병리검사,행위,검사료,,,,호흡기바이러스,4543
PWD6592036,46770,2018-01-25 10:27:00,,"핵산증폭-유전자형그룹1　-인유두종바이러스(Human Papillomavirus, HPV)",3,,,조직병리검사(분자병리),행위,검사료,,,,"핵산증폭-유전자형그룹1　-인유두종바이러스(Human Papillomavirus, HPV)",4544
LWCZ996,114495,2018-01-25 10:29:34,,인플루엔자바이러스 A&B,3,,,검체검사(위탁,행위,검사료,,,,인플루엔자바이러스 A&B,4545
646901820,1336,2018-02-07 17:39:51,,,3,,,,약제,,,,,레졸로정 2mg,4546
644704290,25000,2018-02-07 17:44:55,,,3,,,,약제,,,,,스카이셀플루프리필드시린지,4547
642505130,99355,2018-02-07 17:48:32,,,3,,,,약제,,,,,그로트로핀투주사액카트리지30iu/2.7ml,4548
647400280,25000,2018-02-07 17:49:10,,,3,Y,,예방접종-폴리오,약제,,,,,코박스폴리오PF주(프리필드시린지),4549
655500610,40000,2018-02-07 17:50:18,,,3,Y,,예방접종-폐렴구균,약제,,,,,프로디악스-23,4550
662501680,18,2018-02-07 17:51:05,,,3,,,,약제,,,,,타스나정(탄산수소나트륨),4551
665900210,68590,2018-02-07 17:53:03,,,3,Y,,예방접종-DTaP＆Imovax &  Hib 혼합,약제,,,,,펜탁심주,4552
670500610,32000,2018-02-07 17:53:41,,,3,Y,,"예방접종-디프테리아,파상풍,백일해",약제,,,,,디티에이피 백신주,4553
MZ006,10000,2018-02-09 15:33:33,,언어장애치료/초과10분당,3,,,신경계기능검사,행위,검사료,,,,언어장애치료/초과10분당,4554
MZ006,25000,2018-02-09 15:38:41,,언어장애치료/기본30분까지,3,,,신경계기능검사,행위,검사료,,,,언어장애치료/기본30분까지,4555
FZ421,20000,2018-02-09 15:41:15,,신경인지기능검사,3,,,신경계기능검사,행위,검사료,,,,언어능력평가/기본30분까지,4556
FZ414,35000,2018-02-09 15:52:23,,홉킨스 언어학습검사,3,,,신경계기능검사,행위,검사료,,,,신경인지기능검사-홉킨스 언어학습검사,4557
FB011,29090,2018-02-12 17:51:44,,신경인지기능검사,3,,,신경계기능검사,행위,검사료,,,,신경인지기능검사- 개별검사 유형1 (3 ~5개 검사),4558
FB012,49680,2018-02-12 17:54:13,,신경인지기능검사,3,,,신경계기능검사,행위,검사료,,,,신경인지기능검사 -개별검사 유형1 (6-8개 검사),4559
FB013,87420,2018-02-12 17:54:46,,신경인지기능검사,3,,,신경계기능검사,행위,검사료,,,,신경인지기능검사- 개별검사 유형1 (9개 이상 검사),4560
FB021,29100,2018-02-12 17:55:32,,신경인지기능검사,3,,,신경계기능검사,행위,검사료,,,,신경인지기능검사 - 개별검사 유형2 (1 ~3개 검사),4561
FB022,70290,2018-02-12 17:56:02,,신경인지기능검사,3,,,신경계기능검사,행위,검사료,,,,신경인지기능검사 - 개별검사 유형2 (4개 이상 검사),4562
FB03003,29940,2018-02-12 17:57:19,,신경인지기능검사,3,,,신경계기능검사,행위,검사료,,,,신경인지기능검사-개별검사-유형Ⅲ-위스콘신카드분류검사,4563
FB03004,29940,2018-02-12 17:58:02,,신경인지기능검사,3,,,신경계기능검사,행위,검사료,,,,신경인지기능검사-개별검사-유형Ⅲ-표정인식력(재인)검사,4564
FB040010,51330,2018-02-12 17:59:02,,신경인지기능검사,3,,,신경계기능검사,행위,검사료,,,,신경인지기능검사-개별검사-유형Ⅳ-서울언어학습검사,4565
FB040020,51330,2018-02-12 17:59:46,,신경인지기능검사,3,,,신경계기능검사,행위,검사료,,,,신경인지기능검사-개별검사-유형Ⅳ-벤톤 신경심리검사,4566
FB060010,83820,2018-02-12 18:00:30,,신경인지기능검사,3,,,신경계기능검사,행위,검사료,,,,신경인지기능검사-개별검사-유형Ⅵ-웨스턴 실어증 검사,4567
FB030010,29940,2018-02-12 18:01:35,,신경인지기능검사,3,,,신경계기능검사,행위,검사료,,,,신경인지기능검사-개별검사-유형Ⅲ-레이복합도형검사,4568
FZ421,20000,2018-02-12 18:55:07,,신경인지기능검사,3,,,신경계기능검사,행위,검사료,,,,신경인지기능검사-성인 진단적 언어능력 검사,4569
FZ421,20000,2018-02-12 18:55:51,,신경인지기능검사,3,,,신경계기능검사,행위,검사료,,,,신경인지기능검사-성인 진단적 이해력 검사,4570
FZ424,15000,2018-02-12 18:56:20,,신경인지기능검사,3,,,신경계기능검사,행위,검사료,,,,신경인지기능검사-어휘력검사,4571
FZ432,20000,2018-02-12 18:57:05,,신경인지기능검사,3,,,신경계기능검사,행위,검사료,,,,신경인지기능검사-구성능력검사,4572
FZ441,15000,2018-02-12 18:57:38,,신경인지기능검사,3,,,신경계기능검사,행위,검사료,,,,신경인지기능검사-페그보드검사,4573
FZ453,20000,2018-02-12 18:58:07,,신경인지기능검사,3,,,신경계기능검사,행위,검사료,,,,신경인지기능검사-카드분류검사(Card Sorting Test),4574
FZ452,20000,2018-02-12 18:58:44,,신경인지기능검사,3,,,신경계기능검사,행위,검사료,,,,신경인지기능검사-단어색채검사,4575
FZ421,10000,2018-02-12 19:33:02,,신경인지기능검사,3,,,신경계기능검사,행위,검사료,,,,언어능력평가 [기본30분 초과 10분당],4576
LWCZ214,22266,2018-02-13 16:36:01,,"Anti-Mullerian Hormone, AMH",3,,,검체검사(위탁),행위,검사료,,,,"항뮬러관호르몬[불임,폐경]",4577
LWC4502390,8130,2018-02-13 16:37:10,,Amphetamine(나450가2),3,,,검체검사(위탁),행위,검사료,,,,Amphetamine(나450가2),4578
LWCZ998,44742,2018-02-13 16:38:18,,Influensa A(신종플루확진검사)H1N1,3,,,감염증 혈청검사,행위,검사료,,,,Influensa A(신종플루확진검사)H1N1,4579
LWZ0014,177893,2018-02-13 16:40:09,,,3,,,검체검사(위탁),행위,검사료,,,,CHROMOSOM(AF)양수검사,4580
FZ733,31010,2018-02-13 18:07:14,,"비디오 전기 안진검사,주시 (주시안진검사:Gaze nystagmus)",3,,,평형 및 청각기능검사,행위,검사료,,,,비디오 전기 안진검사,4581
641605990,9500,2018-02-26 15:30:59,,,3,,,,약제,,,,,오메크린크림 30g,4582
HA497,70990,2018-03-05 10:39:10,,IMPLANT DENTAL CT Cone Beam(3차원CT),3,,,임플란트 CT,행위,기타,,,,IMPLANT DENTAL CT Cone Beam(3차원CT),4583
HA496,55330,2018-03-05 10:40:06,,IMPLANT DENTAL CT Cone Beam(일반),3,,,임플란트CT,행위,기타,,,,IMPLANT DENTAL CT Cone Beam(일반),4584
HA415,164320,2018-03-05 10:42:45,,"안면및 두개기저 기타(3차원,혈관조영,이삼중시기)임플란트",3,,,임플란트CT,행위,기타,,,,"안면및 두개기저 기타(3차원,혈관조영,이삼중시기)임플란트",4585
WZ00100,6000,2018-03-05 10:51:46,,"보호자식대 (일반식,1식)",3,,,식대,행위,기타,,,,"보호자식대 (일반식,1식)",4586
AW901808G,243000,2018-03-05 16:38:33,,종합검진(여자) 직원소개+위투시,3,,,종합검진,행위,기타,,,,종합검진(여자) 직원소개+위투시,4587
AW901806G,216000,2018-03-05 16:39:41,,종합검진(여자) 단체협약,3,,,종합검진,행위,기타,,,,종합검진(여자) 단체협약,4588
AW901807G,189000,2018-03-05 16:40:09,,종합검진(여자) 직원본인,3,,,종합검진,행위,기타,,,,종합검진(여자) 직원본인,4589
AW901805G,270000,2018-03-05 16:40:40,,종합검진(여자) 일반+위투시,3,,,종합검진,행위,기타,,,,종합검진(여자) 일반+위투시,4590
AW901802G,200000,2018-03-05 16:41:43,,종합검진(남자) 단체협약,3,,,종합검진,행위,기타,,,,종합검진(남자) 단체협약,4591
,225000,2018-03-05 16:43:11,,종합검진(남자) 직원소개+위투시,3,,,종합검진,행위,기타,,,,종합검진(남자) 직원소개+위투시,4592
AW901803G,175000,2018-03-05 16:43:52,,종합검진(남자) 직원본인,3,,,종합검진,행위,기타,,,,종합검진(남자) 직원본인,4593
AW901801G,250000,2018-03-05 16:44:44,,종합검진(남자) 일반+위투시,3,,,종합검진,행위,기타,,,,종합검진(남자) 일반+위투시,4594
AW901801GB,2000000,2018-03-05 16:46:00,,VIP숙박형단체 종합검진(남자),3,,,종합검진,행위,기타,,,,VIP숙박형단체 종합검진(남자),4595
AW901801GC,1200000,2018-03-05 16:46:42,,VIP숙박형단체 종합검진(남자) -PET CT 제외,3,,,종합검진,행위,기타,,,,VIP숙박형단체 종합검진(남자) -PET CT 제외,4596
AW901808GA,310800,2018-03-05 16:48:36,,종합검진(여자) 직원소개+수면내시경,3,,,종합검진,행위,기타,,,,종합검진(여자) 직원소개+수면내시경,4597
AW901806GA,276270,2018-03-05 16:49:15,,종합검진(여자) 단체협약+수면내시경,3,,,종합검진,행위,기타,,,,종합검진(여자) 단체협약+수면내시경,4598
AW901803GA,227730,2018-03-05 16:49:43,,종합검진(남자) 직원본인+수면내시경,3,,,종합검진,행위,기타,,,,종합검진(남자) 직원본인+수면내시경,4599
AW901807GA,241730,2018-03-05 16:50:19,,종합검진(여자) 직원본인+수면내시경,3,,,종합검진,행위,기타,,,,종합검진(여자) 직원본인+수면내시경,4600
AW901811,163100,2018-03-05 16:51:24,,종합검진(고급형추가) 단체협약,3,,,종합검진,행위,기타,,,,종합검진(고급형추가) 단체협약,4601
AW91005F10,2887200,2018-03-05 16:52:03,,VIP 숙박형(1박2일) 종합검진(여자),3,,,종합검진,행위,기타,,,,VIP 숙박형(1박2일) 종합검진(여자),4602
AW91005F20,2566400,2018-03-05 16:52:39,,VIP 숙박형(1박2일) 종합검진(여자) 직원소개,3,,,종합검진,행위,기타,,,,VIP 숙박형(1박2일) 종합검진(여자) 직원소개,4603
AW91005F30,2245600,2018-03-05 16:53:09,,VIP 숙박형(1박2일) 종합검진(여자) 단체협약,3,,,종합검진,행위,기타,,,,VIP 숙박형(1박2일) 종합검진(여자) 단체협약,4604
AW91005F40,1924800,2018-03-05 16:53:44,,VIP 숙박형(1박2일) 종합검진(여자) 직원본인,3,,,종합검진,행위,기타,,,,VIP 숙박형(1박2일) 종합검진(여자) 직원본인,4605
AW91005M20,2431200,2018-03-05 16:54:22,,VIP 숙박형(1박2일) 종합검진(남자) 직원소개,3,,,종합검진,행위,기타,,,,VIP 숙박형(1박2일) 종합검진(남자) 직원소개,4606
AW91005M30,2127300,2018-03-05 16:54:53,,VIP 숙박형(1박2일) 종합검진(남자) 단체협약,3,,,종합검진,행위,기타,,,,VIP 숙박형(1박2일) 종합검진(남자) 단체협약,4607
AW91004F10,1557900,2018-03-05 16:55:40,,심/뇌혈관포함 종합검진(여자),3,,,종합검진,행위,기타,,,,심/뇌혈관포함 종합검진(여자),4608
AW91004F20,1384800,2018-03-05 16:56:26,,심/뇌혈관포함 종합검진(여자)　직원소개,3,,,종합검진,행위,기타,,,,심/뇌혈관포함 종합검진(여자)　직원소개,4609
AW91004F30,1211700,2018-03-05 16:57:06,,심/뇌혈관포함 종합검진(여자)　단체협약,3,,,종합검진,행위,기타,,,,심/뇌혈관포함 종합검진(여자)　단체협약,4610
AW901810,186400,2018-03-05 16:58:38,,종합검진(고급형추가) 직원소개,3,,,종합검진,행위,기타,,,,종합검진(고급형추가) 직원소개,4611
AW901812,139800,2018-03-05 16:59:59,,종합검진(고급형추가) 직원본인,3,,,종합검진,행위,기타,,,,종합검진(고급형추가) 직원본인,4612
AW901801GA,325340,2018-03-05 17:01:04,,종합검진(남자) 일반+수면내시경,3,,,종합검진,행위,기타,,,,종합검진(남자) 일반+수면내시경,4613
AW901805GA,325340,2018-03-05 17:01:56,,종합검진(여자) 일반+수면내시경,3,,,종합검진,행위,기타,,,,종합검진(여자) 일반+수면내시경,4614
AW901804GA,292800,2018-03-05 17:02:40,,종합검진(남자) 직원소개+수면내시경,3,,,종합검진,행위,기타,,,,종합검진(남자) 직원소개+수면내시경,4615
AW91004M10,1539900,2018-03-05 17:03:13,,심/뇌혈관포함 종합검진(남자),3,,,종합검진,행위,기타,,,,심/뇌혈관포함 종합검진(남자),4616
AW91004M30,1197700,2018-03-05 17:03:51,,심/뇌혈관포함 종합검진(남자)　단체협약,3,,,종합검진,행위,기타,,,,심/뇌혈관포함 종합검진(남자)　단체협약,4617
AW901809,209790,2018-03-05 17:04:30,,종합검진(고급형추가) 일반,3,,,종합검진,행위,기타,,,,종합검진(고급형추가) 일반,4618
AW91004F40,1038600,2018-03-05 17:05:07,,심/뇌혈관포함 종합검진(여자) 직원본인,3,,,종합검진,행위,기타,,,,심/뇌혈관포함 종합검진(여자) 직원본인,4619
AW91005M10,2735100,2018-03-05 17:05:40,,VIP 숙박형(1박2일) 종합검진(남자),3,,,종합검진,행위,기타,,,,VIP 숙박형(1박2일) 종합검진(남자),4620
AW91005M40,1823400,2018-03-05 17:06:24,,VIP 숙박형(1박2일) 종합검진(남자) 직원본인,3,,,종합검진,행위,기타,,,,VIP 숙박형(1박2일) 종합검진(남자) 직원본인,4621
AW91004M20,1368800,2018-03-05 17:07:00,,심/뇌혈관포함 종합검진(남자)　직원소개,3,,,종합검진,행위,기타,,,,심/뇌혈관포함 종합검진(남자)　직원소개,4622
AW91004M40,1026600,2018-03-05 17:10:11,,심/뇌혈관포함 종합검진(남자) 직원본인,3,,,종합검진,행위,기타,,,,심/뇌혈관포함 종합검진(남자) 직원본인,4623
AW901802GA,260270,2018-03-05 17:11:10,,종합검진(남자) 단체협약+수면내시경,3,,,종합검진,행위,기타,,,,종합검진(남자) 단체협약+수면내시경,4624
SF90105,100000,2018-03-05 17:12:26,,심장초음파(종합검진용),3,,,종합검진,행위,기타,,,,심장초음파(종합검진용),4625
CZ424,34009,2018-03-09 10:24:52,위탁검사,,2,,,자가면역질환검사,행위,검사료,,,,Anti Yo,4626
BJ4804XU,700000,2018-03-09 11:22:11,,,2,,,경막외강 신경박리술 및 감압 신경성형술용,치료재료,,,,,BIOVISION 1.7 KIT/LUTRONIC,4627
AW400601,40000,2018-03-14 10:42:00,,,2,,,,제증명수수료,,,,,채용신체검사(공무원),4628
DBIVONT,21,2018-03-15 15:31:00,,,5,,,,약제,,,,,타스나정,4629
LWCZ581,355918,2018-03-27 14:50:08,,,3,,,사람유전자 분자병리검사,행위,검사료,,,,사람유전자 분자병리검사-Russell-silver syndrome,4630
HE113,705000,2018-04-03 14:42:26,급여 인정기준 외 실시한 경우 비급여,MRI L-Spine(흉추 동시),3,,,MRI L-Spine(흉추 동시),행위,영상진단 및 방사선 치료료,자기공명영상진단료(MRI),,,MRI L-Spine(흉추 동시),4631
SEB441001,61220,2018-04-26 08:15:24,,,3,,,초음파검사료,행위,검사료,초음파 검사료,,,제한적초음파-복부-(일반)간·담낭·담도·비장·췌장,4632
BJ7001CH,90000,2018-05-04 16:45:57,,,3,N,N,혈관중재적시술후지혈용,치료재료,,,,,QUIKCLOT BANDAGE,4633
LZW0046,8364,2018-05-15 10:51:49,,,3,,,위탁검사,행위,검사료,,,,니코틴,4634
LWCZ241,23240,2018-05-17 10:05:43,,,3,,,위탁검사,행위,검사료,,,,당알부민,4635
SZ08001,100000,2018-06-05 08:39:46,,초음파 심장 [소아],3,,,초음파검사료,행위,검사료,초음파 검사료,,,초음파 심장 [소아],4636
SZ09301,50000,2018-06-05 08:41:01,,초음파검사료,3,,,초음파검사료,행위,검사료,초음파 검사료,,,"초음파,근골격계,간단",4637
SZ09302,80000,2018-06-05 08:41:57,,초음파검사료,3,,,초음파검사료,행위,검사료,초음파 검사료,,,"초음파,근골격계,복잡",4638
SZ631,500000,2018-06-05 17:24:17,재료비용별도,,3,,,신경,행위,처치 및 수술료 등,,,,내시경적 경막외강 신경근성형술,4639
FY883,30000,2018-06-05 17:29:18,,,3,,,신경계기능검사,행위,검사료,,,,정량적감각기능검사(전류인지역치),4640
MZ012,100000,2018-06-11 14:45:14,FZ02200,비침습적 무통증 신호요법,3,,,이학요법료,행위,이학요법료(물리치료료),,,,비침습적 무통증 신호요법,4641
BJ4802ZO,1470000,2018-06-11 17:06:32,,,3,N,,내시경적경막외강신경근성형술,치료재료,,,,,비디오가이드카테터,4642
NZ008,60000,2018-06-19 14:07:25,GZ00800,,3,,,정신요법료,행위,정신요법료,,,,바이오피드백,4643
BJ6090VE,615000,2018-07-02 11:31:43,,,3,N,,혈관중재적시술용,치료재료,,,,,GuideLiner,4644
MGDS9,140000,2018-07-19 10:17:13,,,5,,,,약제,,,,,가다실 9 프리필드시린지(한국엠에스디(유)),4645
DMELATONIN,717,2018-07-19 10:20:38,,,5,,,,약제,,,,,서카딘서방정2mg (건일제약(주)),4646
DROWA,390,2018-07-19 10:21:19,,,5,,,,약제,,,,,로와콜연질캅셀((주)한국팜비오),4647
DEFINAIL,506,2018-07-19 10:21:54,,,5,,,,약제,,,,,주블리아외용액 (동아에스티㈜),4648
EZ992,800000,2018-07-19 10:25:07,,내시경 초음파,3,,,내시경 초음파,행위,검사료,,,,내시경 초음파를 이용한 세침 흡인 세포 검사,4649
MZ007,18000,2018-07-30 16:59:33,FZ02100,,3,,,이학요법료,행위,이학요법료(물리치료료),,,,신장분사치료[1일당],4650
642507391,506,2018-07-31 09:30:25,,,3,,,외용 항진균제,약제,,,,,주블리아외용액,4651
646802660,721,2018-07-31 09:31:51,,,3,,,수면진정제 및 신경안정제,약제,,,,,서카딘서방정,4652
644206290,442,2018-07-31 09:33:22,,,3,,,소화제,약제,,,,,크레온캡슐250000,4653
MCOMLIPO01,70000,,영양제 ,,,,,,약제,,,,,콤비플레스리피드페리주 1440ml,4654
RHMI10103,302150,2018-11-16 13:24:38,급여 인정기준 외 실시한 경우 비급여,,,N,,"뇌[뇌, 해마]",행위,영상진단 및 방사선 치료료,자기공명영상진단료(MRI),,,"MRI BRAIN(촬영료, 판독료)",4655
HI135,404380,2018-11-21 10:35:54,급여 인정기준 외 실시한 경우 비급여/테슬라1.5-3.0미만+품질관리적합,,2,,,혈관,행위,영상진단 및 방사선 치료료,자기공명영상진단료(MRI),,,뇌혈관-일반,4656
HI13501,428330,2018-11-21 10:36:25,급여 인정기준 외 실시한 경우 비급여/테슬라3.0이상+품질관리적합,,2,,,혈관,행위,영상진단 및 방사선 치료료,자기공명영상진단료(MRI),,,뇌혈관-일반,4657
HI235,537600,2018-11-21 10:36:53,조영제 별도산정/급여 인정기준 외 실시한 경우 비급여/테슬라1.5-3.0미만+품질관리적합,,2,N,,혈관,행위,영상진단 및 방사선 치료료,자기공명영상진단료(MRI),,,뇌혈관-조영제 주입 전/후 촬영판독,4658
HI23501,569500,2018-11-21 10:37:21,조영제 별도산정/급여 인정기준 외 실시한 경우 비급여/테슬라3.0이상+품질관리적합,,2,N,,혈관,행위,영상진단 및 방사선 치료료,자기공명영상진단료(MRI),,,뇌혈관-조영제 주입 전/후 촬영판독,4659
HI136,404380,2018-11-21 10:37:42,급여 인정기준 외 실시한 경우 비급여/테슬라1.5-3.0미만+품질관리적합,,2,,,혈관,행위,영상진단 및 방사선 치료료,자기공명영상진단료(MRI),,,경부혈관-일반,4660
HI13601,428330,2018-11-21 10:38:08,급여 인정기준 외 실시한 경우 비급여/테슬라3.0이상+품질관리적합,,2,,,혈관,행위,영상진단 및 방사선 치료료,자기공명영상진단료(MRI),,,경부혈관-일반,4661
HI236,537600,2018-11-21 10:38:28,조영제 별도산정/급여 인정기준 외 실시한 경우 비급여/테슬라1.5-3.0미만+품질관리적합,,2,N,,혈관,행위,영상진단 및 방사선 치료료,자기공명영상진단료(MRI),,,경부혈관-조영제 주입 전/후 촬영판독,4662
HI23601,569500,2018-11-21 10:38:51,조영제 별도산정/급여 인정기준 외 실시한 경우 비급여/테슬라3.0이상+품질관리적합,,2,N,,혈관,행위,영상진단 및 방사선 치료료,자기공명영상진단료(MRI),,,경부혈관-조영제 주입 전/후 촬영판독,4663
HI101,370410,2018-11-21 10:39:32,급여 인정기준 외 실시한 경우 비급여/테슬라1.5-3.0미만+품질관리적합,,2,,,뇌,행위,영상진단 및 방사선 치료료,자기공명영상진단료(MRI),,,뇌-일반,4664
HI10101,392330,2018-11-21 10:39:55,급여 인정기준 외 실시한 경우 비급여/테슬라3.0이상+품질관리적합,,2,,,뇌,행위,영상진단 및 방사선 치료료,자기공명영상진단료(MRI),,,뇌-일반,4665
HI201,492460,2018-11-21 10:40:14,조영제 별도산정/급여 인정기준 외 실시한 경우 비급여/테슬라1.5-3.0미만+품질관리적합,,2,N,,뇌,행위,영상진단 및 방사선 치료료,자기공명영상진단료(MRI),,,뇌-조영제 주입 전/후 촬영판독,4666
HI20101,521670,2018-11-21 10:40:35,조영제 별도산정/급여 인정기준 외 실시한 경우 비급여/테슬라3.0이상+품질관리적합,,2,N,,뇌,행위,영상진단 및 방사선 치료료,자기공명영상진단료(MRI),,,뇌-조영제 주입 전/후 촬영판독,4667
BB3200DI,,2018-11-22 16:21:57,,Zipline Surgical Skin Closure (8cm)　(16cm),3,,,피부봉합용 봉합기,치료재료,,,185000,152000,Zipline Surgical Skin Closure (전규격),4668
EZ774,80000,2018-12-04 16:05:05,,,3,,Y,"외피,근골기능검사",행위,이학요법료(물리치료료),,,,동작분석(생역학검사),4669
BK001001,2200,2018-12-07 17:23:39,,,5,,,인공신장실,치료재료,,,,,BCM Electrode,4670
655501930,200000,2018-12-18 17:59:31,,,3,Y,,예방접종-자궁경부예방접종(9가),약제,,,,,가다실9 프리필드시린지(인유두종바이러스9가백신),4671
SZ05310,15000,2018-12-26 14:26:38,신의료363,,3,,N,기능검사(기타),행위,검사료,,,,다주파수 바이오임피던스 분석법을 이용한 체수분 상태 측정,4672
BJ4803GZ,638624,2019-01-10 15:21:34,,,2,,,경막외강 신경박리술용,치료재료,,,,,EPISOL,4673
BK7111DQ,,2019-01-10 15:31:24,,,2,,,자착성 탄력붕대,치료재료,,,25500,12000,Pehahaft Latex Free,4674
642203580,90,2019-01-10 15:32:46,,,2,,,,약제,,,,,익스트린엠캡슐(부광약품),4675
658900250,3330,2019-01-10 15:33:50,,,2,,,,약제,,,,,진크피현탁액,4676
650001800,40000,2019-01-10 15:34:28,,,2,,,,약제,,,,,하브릭스주0.5ml-A형간염백신(소아용)-예방접종,4677
650001940,70000,2019-01-10 15:34:41,,,2,,,,약제,,,,,하브릭스주 1ml-A형간염백신(예방접종),4678
643603630,25000,2019-01-10 15:36:02,,,2,,,,약제,,,,,지시플루프리필드실린지(3가)-예방접종,4679
642507441,40000,2019-01-10 15:36:16,,,2,,,,약제,,,,,백시플루(4가)(소아용)-예방접종,4680
642507441,30000,2019-01-10 15:36:31,,,2,,,,약제,,,,,백시플루(4가)(성인용)-예방접종,4681
622900010,4776750,2019-01-17 16:04:05,,,3,,,줄기세포,약제,,,,,카티스템,4682
DBST,27,2019-01-22 09:28:42,,,5,,,,약제,,,,,베스타제당의정 (동아제약),4683
652101560,1005,2019-01-24 11:54:50,,,4,,,약제,약제,,,,,프록토세딜연고(한독),4684
,122430,2019-01-24 15:15:38,본인희망으로 시행한경우 건강검진으로 비급여,,3,,,초음파검사료,행위,검사료,초음파 검사료,,,(건강검진 목적 비급여) 진단초음파-복부-(일반)간·담낭·담도·비장·췌장,4685
RMHF101,228050,2019-01-24 15:58:17,,MRI Diffusion/단독촬영,3,,,특수검사,행위,영상진단 및 방사선 치료료,자기공명영상진단료(MRI),,,확산,4686
LZW0051,73622,2019-01-24 17:47:07,,,3,,,감염증혈청검사,행위,검사료,,,,Entamoeba histolytica IgG,4687
FB030020,29940,2019-01-24 18:09:39,,신경인지기능검사,3,,,신경기능검사,행위,검사료,,,,신경인지기능검사 개별검사 유형3(보스톤사물이름대기검사-60문항),4688
BB3001BP,45000,2019-01-26 13:24:49,,,5,,,수술실,치료재료,,,,,HISTOACRYL,4689
FB040010,51330,2019-02-18 09:35:35,,,2,,,신경계기능검사,행위,검사료,,,,신경인지기능검사-개별검사-유형Ⅳ-서울언어학습검사,4690
FZ733,31010,2019-02-18 09:36:46,,비디오전기 안진검사 (진동),2,,,평형 및 청각기능검사,행위,검사료,,,,비디오전기안진검사,4691
FZ733,50000,2019-02-18 09:37:19,,비디오전기 안진 진정안검사,2,,,평형 및 청각기능검사,행위,검사료,,,,비디오전기안진검사,4692
EB45301,99840,2019-02-18 09:37:57,,,2,,,초음파 검사료,행위,검사료,초음파 검사료,,,음경 Penis 도플러,4693
EB45501,51940,2019-02-18 09:38:34,,,2,,,초음파 검사료,행위,검사료,초음파 검사료,,,여성생식기 초음파 -제한적,4694
EB490,85970,2019-02-18 09:39:02,,,2,,,초음파 검사료,행위,검사료,초음파 검사료,,,진단초음파-혈관-대동맥 도플러,4695
SZ641,300000,2019-02-18 09:42:29,치료재료 별도산정,,2,N,N,신경,행위,처치 및 수술료 등,,,,경피적 풍선확장 경막외강 신경성형,4696
SFB030,29940,2019-02-19 15:48:07,,,5,N,N,신경인지기능검사료,행위,검사료,,,,신경인지기능검사-개별검사-유형Ⅲ-레이복합도형검사,4697
4011500109,520000,2019-02-21 11:33:08,BJ4801CD,,4,,,경막외강 신경박리술 및 감압 신경성형술용,치료재료,,,,,Neurotherm epidural　catheter,4698
SZ04000A,50000,2019-02-21 12:08:35,EZ797,,4,,,시기능검사,행위,검사료,,,,눈의계측검사(레이저간섭계이용),4699
JP0120G,460000,2019-02-21 13:06:09,"금함량72%(행위- 24 만원, 재료- 22만원 )",,4,,,치과보철료,행위,치과의 보철료,,,,골드크라운(금니),4700
JP0121G,420000,2019-02-21 13:13:39,"금함량55%(행위-22만원,재료20만원)",,4,,,치과보철,행위,치과의 보철료,,,,골드크라운(금니),4701
JP0120M,220000,2019-02-21 15:45:08,,,4,,,치과보철료,행위,치과의 보철료,,,,"Crown, Gold - Pt,Mat(재료)",4702
JP0120T,240000,2019-02-21 15:47:35,,,4,,,치과보철료,행위,치과의 보철료,,,,"Crown, Gold - Pt,Tre(행위)",4703
JP0074G,800000,2019-02-21 15:58:31,,,4,,,치과보철료,행위,치과의 보철료,,,,"Implant crown, PFG,G",4704
JP0073G,620000,2019-02-21 16:00:50,,,4,,,치과보철료,행위,치과의 보철료,,,,"Implant crown, Super-gold,G",4705
JP0072G,660000,2019-02-21 16:02:48,,,4,,,치고보철료,행위,치과의 보철료,,,,"Implant crown, Pt-gold,G",4706
JP0088G,1000000,2019-02-23 11:06:55,JP0088M(재료32만원)/JP0088T(행위68만원),,4,,,치과보철료,행위,치과의 보철료,,,,"Implant,국산,G",4707
,0,,원외처방,,3,,,,약제,,,,,스타로랄300 설하액(집먼지진드기) - 초기용,4708
,0,,원외처방,,3,,,,약제,,,,,스타로랄300 설하액(집먼지진드기) - 유지용,4709
,0,,원외처방,,3,,,,약제,,,,,스타로랄 설하액(화분) - 초기용,4710
,0,,원외처방,,3,,,,약제,,,,,스타로랄 설하액(화분) - 유지용,4711
641104750,0,,원외처방,,3,,,,약제,,,,,야즈정(바이엘),4712
642507050,0,,원외처방,,3,,,,약제,,,,,자이데나정75mg(유데나필)(동아에스티),4713
644704380,30000,,,,3,Y,,예방접종-인플루엔자,약제,,,,,스카이셀플루4가 프리필드시린지-세포배양,4714
661700270,0,,원외처방,,3,,,뇌하수체호르몬제,약제,,,,,싸이젠주8mg(24IU)-한국머크,4715
661700650,0,,원외처방,,3,,,뇌하수체호르몬제,약제,,,,,싸이젠리퀴드카트리지주 6mg,4716
642507441,30000,,,,3,Y,,예방접종-인플루엔자(성인),약제,,,,,백시플루4가주사-성인(인플루엔자분할백신),4717
670500350,25000,,,,3,Y,,예방접종-인플루엔자,약제,,,,,플루백신V주 0.25ml(6~36개월 미만)-3가,4718
670500330,25000,,,,3,Y,,예방접종-인플루엔자,약제,,,,,플루백신V주 0.5ml(만3세이상)-3가,4719
JM0017T,30000,2019-03-05 15:20:17,"단순,복잡으로 구분-초시행시 복잡,재시행시 단순으로산정","plaque control, complex",3,,,치아질환처치,행위,처치 및 수술료 등,,,,"치태조절 및 예방술식, 복잡",4720
FZ733,31010,2019-03-06 10:19:50,,진동 (진동유발 안진검사 vibration induced nystagmus),5,,,평형 및 청각기능검사,행위,검사료,,,,비디오전기안진검사,4721
FZ01302,30000,2019-03-06 10:25:13,,척추부위,5,,,이학요법료,행위,이학요법료(물리치료료),,,,증식치료,4722
FZ01301,20000,2019-03-06 10:27:37,,사지관절부위,5,,,이학요법료,행위,이학요법료(물리치료료),,,,증식치료,4723
FZ00400,40000,2019-03-06 10:32:17,,1일당,5,,,이학요법료,행위,이학요법료(물리치료료),,,,도수치료,4724
AW400602,30000,2019-03-06 10:47:58,,일반 채용신체검사서,5,,,제증명수수료,제증명수수료,,,,,채용신체검사서/일반,4725
HZRM00200,50000,2019-03-06 10:49:31,,근골격계질환,5,,,처치 및 수술료(근골),행위,처치 및 수술료 등,,,,체외충격파치료,4726
SZ084,,2019-03-20 12:04:45,"1부위100%,2부위50%,최대 200%까지만산정가능",,3,Y,Y,근골,행위,처치 및 수술료 등,,100000,50000,체외충격파치료(근골격계질환),4727
HZURO1601,30000,2019-03-20 16:48:16,MX033,,4,,,물리치료료,행위,이학요법료(물리치료료),,,,"체외골반 자기장 치료(발기능,사정력강화,전림선동통)",4728
HZUR01602,20000,2019-03-20 16:57:41,MX033,,4,,,물리치료료,행위,이학요법료(물리치료료),,,,체외골반자기장치료(배뇨통및골반통증),4729
HZUR01603,30000,2019-03-20 17:01:05,MX033,,4,,,물리치료료,행위,이학요법료(물리치료료),,,,체외골반자기장치료 [요실금] [1일당],4730
5420100024,1090400,2019-03-26 13:49:54,BJ4504BM,,4,,,심혈관재료,치료재료,,,,,OPTICROSS 18 PERIPHERAL IMAGING CATHETER,4731
643802602,18049,2019-03-26 13:52:28,,,4,,,약제,약제,,,,,아치온현탁액,4732
AQB00102,100,2019-03-27 15:41:43,매당,,4,,,제증명수수료,제증명수수료,,,,,진료기록사본(6매 이상)(1매당 금액),4733
4011400085,55000,2019-04-04 15:29:51,BB3001BP,,4,,,수술실(상처부위 봉합),치료재료,,,,,HISTOACRYL 1050060(AESCULAP AG& CO.KG),4734
LZ1400,12000,2019-04-10 15:24:29,19.4.15부터 자체검사시행,,3,,,검체검사(기타),행위,검사료,,,,당알부민,4735
LZW0052,268158,2019-04-10 15:43:44,저신장관련유전자검사,,3,,,위탁검사,행위,검사료,,,,SHOX gene mutation,4736
DPREPAO,3638,2019-04-23 10:54:35,,DPREPAO,5,,,,약제,,,,,푸레파인연고,4737
BJ4321DU,1639000,2019-04-23 11:46:24,,,5,,,수술실,치료재료,,,,,VenaSeal Closure System (베나실 클로저 시스템),4738
LZW0053,81260,2019-04-29 15:25:41,검사방법변경,,3,,,위탁검사,행위,검사료,,,,Wilsion disease선별검사,4739
BJ4803GZ,638624,2019-05-16 16:40:11,,,3,N,,경막외강 신경박리술용,치료재료,,,,,EPISOL,4740
FZ02300,150000,2019-05-17 17:25:18,,,3,N,,이학요법료,행위,이학요법료(물리치료료),,,,보툴리눔 독소 주사요법,4741
SZ11200,30000,2019-05-20 09:40:59,19.5.17 30000원으로 수가 상향 조정(기존10000원),,3,,,신경계기능검사,행위,검사료,,,,자율신경계이상검사(심박변이도검사),4742
BK7101EA,1435,2019-05-20 10:08:04,,,5,,,자착성(탄력)붕대,치료재료,,,,,Coban plaster 1인치,4743
BZ001006,5153,2019-05-20 10:18:09,,,5,,,"병원비품 류(체온계, 변기, 시트등)",치료재료,,,,,Cool hot bag,4744
BZ101003,1940,2019-05-20 10:21:15,,,5,,,보조기류(ARM SLING 등),치료재료,,,,,Cast Shoes(대),4745
BZ101007,1102,2019-05-20 10:22:31,,,5,,,보조기류(ARM SLING 등),치료재료,,,,,Tomas colar (대),4746
BZ101007,1130,2019-05-20 10:23:01,,,5,,,보조기류(ARM SLING 등),치료재료,,,,,Thomas colar (중),4747
BZ101007,2572,2019-05-20 10:23:40,,,5,,,보조기류(ARM SLING 등),치료재료,,,,,Tomas colar (소),4748
BZ101009,3000,2019-05-20 10:25:25,,,5,,,보조기류(ARM SLING 등),치료재료,,,,,벨포밴드 M(Velpeau Brace),4749
3011200032,7628,2019-05-20 10:27:18,,,5,,,보조기류(ARM SLING 등),치료재료,,,,,Crutch (소),4750
4110500011,28598,2019-05-20 10:30:52,,,5,,,치과용재료류(골이식재),치료재료,,,,,The Graft 0.25g,4751
4110500015,89559,2019-05-20 11:39:54,,,5,,,치과용재료류(조직유도재생막),치료재료,,,,,mega-derm (전규격),4752
"A2Z00201,A2Z0010202",150360,2019-07-01 08:42:15,,,4,,,상급병실료,행위,기본진료료,,,,입원료(1인실:병실차액)-내소정 입원료,4753
A2Z00102A2Z0010105~6,278840,2019-07-01 08:42:52,,,4,,,상급병실료,행위,기본진료료,,,,입원료(1인실:병실차액)-간호간병 내소정,4754
A2Z00201A2Z0010203~4,263280,2019-07-01 08:43:36,,,4,,,상급병실료,행위,기본진료료,,,,입원료(1인실:병실차액)-간호간병 일반과,4755
"A2Z00201,A2Z0010201",136110,2019-07-01 08:44:02,,,4,,,상급병실료,행위,기본진료료,,,,입원료(1인실:병실차액)-일반과 입원료,4756
A2Z00102,70000,2019-07-01 08:47:26,호스피스,,4,,,상급병실료,행위,기본진료료,,,,입원료(1인실:병실차액)-기존 병실차액,4757
RMHI20303,613855,2019-07-01 14:28:54,"조영제포함(47,275원)",,3,Y,,두경부MRI,행위,영상진단 및 방사선 치료료,자기공명영상진단료(MRI),,,MRI 안면 Face 조영제 주입 전후 촬영료[테슬라3.0이상+품질관리적합],4758
RMHI10303,426300,2019-07-01 14:31:44,,,3,N,,두경부 MRI,행위,영상진단 및 방사선 치료료,자기공명영상진단료(MRI),,,MRI 안면 Face 촬영료 [테슬라3.0이상+품질관리적합],4759
RMHI20403,613855,2019-07-01 14:39:32,"조영제포함(47,275원)",,3,Y,,두경부 MRI,행위,영상진단 및 방사선 치료료,자기공명영상진단료(MRI),,,MRI 부비동 PNS 조영제 주입 전후 촬영료 [테슬라3.0이상+품질관리적합],4760
RMHI10403,426300,2019-07-01 14:40:53,,,3,N,,두경부 MRI,행위,영상진단 및 방사선 치료료,자기공명영상진단료(MRI),,,MRI 부비동 PNS　촬영료 [테슬라3.0이상+품질관리적합],4761
RMHI20503,613855,2019-07-01 14:42:59,"조영제포함(47,275원)",,3,Y,,두경부 MRI,행위,영상진단 및 방사선 치료료,자기공명영상진단료(MRI),,,MRI 안와 Orbit 조영제 주입 전후 촬영료[테슬라3.0이상+품질관리적합],4762
RMHI10503,426300,2019-07-01 14:44:32,,,3,N,,두경부 MRI,행위,영상진단 및 방사선 치료료,자기공명영상진단료(MRI),,,MRI 안와 Orbit 일반 촬영료[테슬라3.0이상+품질관리적합],4763
RMHI20603,613855,2019-07-01 14:46:46,"조영제포함(47,275원)",,3,Y,,두경부 MRI,행위,영상진단 및 방사선 치료료,자기공명영상진단료(MRI),,,MRI 측두골 Temporal Bone 조영제 주입 전후 촬영료[테슬라3.0이상+품질관리적합],4764
RMHI10603,426300,2019-07-01 14:47:41,,,3,N,,두경부 MRI,행위,영상진단 및 방사선 치료료,자기공명영상진단료(MRI),,,MRI 측두골 Temporal Bone 일반 촬영료[테슬라3.0이상+품질관리적합],4765
RMHI20703,613855,2019-07-01 14:48:36,"조영제포함(47,275원)",,3,Y,,두경부 MRI,행위,영상진단 및 방사선 치료료,자기공명영상진단료(MRI),,,MRI 측두하악관절 TM-Joint 조영제 주입 전후 촬영료[테슬라3.0이상+품질관리적합],4766
RMHI10703,426300,2019-07-01 14:49:17,,,3,,,두경부 MRI,행위,영상진단 및 방사선 치료료,자기공명영상진단료(MRI),,,MRI 측두하악관절 TM-Joint 일반 촬영료[테슬라3.0이상+품질관리적합],4767
RMHI20803,613855,2019-07-01 14:53:18,"조영제포함(47,275원)",,3,N,,두경부 MRI,행위,영상진단 및 방사선 치료료,자기공명영상진단료(MRI),,,MRI 경부 Neck 조영제 주입 전후 촬영료[테슬라3.0이상+품질관리적합],4768
RMHI10803,426300,2019-07-01 14:54:43,,,3,N,,두경부 MRI,행위,영상진단 및 방사선 치료료,자기공명영상진단료(MRI),,,MRI 경부 Neck 일반 촬영료[테슬라3.0이상+품질관리적합],4769
A2Z0010207,86630,2019-07-03 18:10:50,,,4,,,상급병실료,행위,기본진료료,,,,입원료(1인실:병실차액)-기본외박관리료(병원관리료),4770
A2Z0010108,99160,2019-07-03 18:11:36,,,4,,,상급병실료,행위,기본진료료,,,,입원료(1인실:병실차액)-간호간병/기본외박관리료(병원관리료),4771
A2Z0010201,150360,2019-07-12 16:03:21,,,3,N,N,1인실 입원료(병실차액),행위,기본진료료,,150360,136110,1인실 입원료(병실차액),4772
A2Z0010203,207230,2019-07-12 16:11:41,,간호간병입원료(일반과),3,N,N,1인실 입원료(병실차액),행위,기본진료료,,,,1인실 입원료(병실차액)-간호간병(일반과),4773
AB901,70000,2019-07-24 18:50:46,호스피스,,2,,,상급병실료 차액,행위,기본진료료,,,,1인실,4774
BF0402AW,2640000,2019-07-24 19:02:52,,,2,,,척추극돌기간고정용,치료재료,,,,,DIAM,4775
642203580,89,2019-07-24 19:39:54,,,2,,,,약제,,,,,마이드린캅셀(녹십자),4776
655500610,40000,2019-07-24 19:45:20,,,2,,,,약제,,,,,폐렴구균(프로디악스-23 폐렴구균백신주사)-예방접종,4777
RHZ00100,200000,2019-07-25 10:22:20,,,2,,,초음파 검사료,행위,검사료,초음파 검사료,,,초음파 IVUS Sono,4778
646802660,725,2019-07-29 08:27:54,,,4,,,약제,약제,,,,,서카딘서방정2mg(멜라토닌)(건일),4779
644704020,3594,2019-07-30 20:41:17,,DREMITCH,5,,,,약제,,,,,레밋치연질캡슐 2.5mcg,4780
654802040,15598,2019-07-30 20:43:51,,MHLASE-L,5,,,,약제,,,,,액상하이랙스주,4781
648300980,744,2019-07-30 20:45:22,,DVASE100,5,,,,약제,,,,,바세린 100g/통,4782
HI101+HJ101,392330,2019-09-09 15:21:13,,,4,N,N,"뇌[뇌,해마]",행위,영상진단 및 방사선 치료료,자기공명영상진단료(MRI),,,MRI 뇌-일반촬영+판독[테슬라3.0이상+품질관리적합],4783
HI201+HJ201,521670,2019-09-09 15:23:46,급여 인정기준 외 실시한 경우 비급여,,4,N,N,"뇌[뇌,해마]",행위,영상진단 및 방사선 치료료,자기공명영상진단료(MRI),,,MRI 뇌-조영제 주입 전/후 촬영+판독[테슬라3.0이상+품질관리적합,4784
HI103+HJ103,426300,2019-09-09 15:25:47,급여 인정기준 외 실시한 경우 비급여,,4,N,N,두경부,행위,영상진단 및 방사선 치료료,자기공명영상진단료(MRI),,,MRI 안면 Face 촬영+판독[테슬라3.0이상+품질관리적합],4785
HI104+HJ104,426300,2019-09-09 15:27:48,급여 인정기준 외 실시한 경우 비급여,,4,N,N,두경부,행위,영상진단 및 방사선 치료료,자기공명영상진단료(MRI),,,MRI 부비동 PNS 촬영+판독[테슬라3.0이상+품질관리적합],4786
HI105+HJ105,426300,2019-09-09 15:29:14,급여 인정기준 외 실시한 경우 비급여,,4,N,N,두경부,행위,영상진단 및 방사선 치료료,자기공명영상진단료(MRI),,,MRI 안와 Orbit　촬영+판독 [테슬라3.0이상+품질관리적합],4787
HI106+HJ106,426300,2019-09-09 15:30:39,급여 인정기준 외 실시한 경우 비급여,,4,N,N,두경부,행위,영상진단 및 방사선 치료료,자기공명영상진단료(MRI),,,MRI 측두골 Temporal Bone 촬영+판독 [테슬라3.0이상+품질관리적합],4788
HI107+HJ107,426300,2019-09-09 15:32:05,급여 인정기준 외 실시한 경우 비급여,,4,N,N,두경부,행위,영상진단 및 방사선 치료료,자기공명영상진단료(MRI),,,MRI 측두하악관절 TM-Joint　촬영+판독[테슬라3.0이상+품질관리적합],4789
HI108+HJ108,426300,2019-09-09 15:33:30,급여 인정기준 외 실시한 경우 비급여,,4,N,N,두경부,행위,영상진단 및 방사선 치료료,자기공명영상진단료(MRI),,,MRI 경부 Neck 촬영+판독료[테슬라3.0이상+품질관리적합],4790
HI203+HJ203,566580,2019-09-09 15:35:51,급여 인정기준 외 실시한 경우 비급여,,4,N,N,두경부,행위,영상진단 및 방사선 치료료,자기공명영상진단료(MRI),,,MRI 안면 Face /촬영+판독/조영제 사용 [테슬라3.0이상+품질관리적합],4791
HI204+HJ204,566580,2019-09-09 15:37:15,급여 인정기준 외 실시한 경우 비급여,,4,N,N,두경부,행위,영상진단 및 방사선 치료료,자기공명영상진단료(MRI),,,MRI 부비동 PNS /촬영+판독/조영제 사용 [테슬라3.0이상+품질관리적합],4792
HI205+HJ205,566580,2019-09-09 15:38:35,급여 인정기준 외 실시한 경우 비급여,,4,N,N,두경부,행위,영상진단 및 방사선 치료료,자기공명영상진단료(MRI),,,MRI 안와 Orbit /촬영+판독/조영제 사용　[테슬라3.0이상+품질관리적합],4793
HI206+HJ206,566580,2019-09-09 15:47:44,급여 인정기준 외 실시한 경우 비급여,,4,N,N,두경부,행위,영상진단 및 방사선 치료료,자기공명영상진단료(MRI),,,MRI 측두골 Temporal Bone /촬영+판독/조영제 사용 [테슬라3.0이상+품질관리적합],4794
HI207+HJ207,566580,2019-09-09 15:49:43,급여 인정기준 외 실시한 경우 비급여,,4,N,N,두경부,행위,영상진단 및 방사선 치료료,자기공명영상진단료(MRI),,,MRI 측두하악관절 TM-Joint /촬영료+판독/조영제 사용[테슬라3.0이상+품질관리적합],4795
HI208+HJ208,566580,2019-09-09 15:52:32,급여 인정기준 외 실시한 경우 비급여,,4,N,N,두경부,행위,영상진단 및 방사선 치료료,자기공명영상진단료(MRI),,,MRI 경부 Neck /촬영+판독/조영제 사용[테슬라3.0이상+품질관리적합],4796
BM3001RQ,34000,2019-09-17 11:15:09,,,3,N,N,피부보호제,치료재료,,,,,NDA Plus 3g (Spray),4797
DREMITCH,3549,2019-09-24 07:55:20,,,3,,,중추신경용약,약제,,,,,레밋치,4798
DSILDE100,1455,2019-09-24 16:14:38,,,3,N,N,발기부전치료제,약제,,,,,일양셀데나필 100 mg,4799
MBRID2,106713,2019-09-24 16:15:34,,,3,N,N,해독제,약제,,,,,브리디온주 2ml,4800
A2Z0010205,219910,2019-10-15 19:33:44,,간호간병입원료(내.소.정),3,N,N,1인실 입원료(병실차액),행위,기본진료료,,,,1인실 입원료(병실차액)-간호간병(내.소.정),4801
BTS01314,,2019-10-22 11:59:51,,,3,N,,인체조직(동종진피implant용),치료재료,,,1500000,1100000,"SUREDERM 4*5,　4*8",4802
RMHI124,601150,2019-10-31 17:30:17,,"일반촬영 1.5테슬라,3테슬라 장비 구분 (판독료포함)",3,N,,MRI진단료/기본검사/흉부/심장,행위,영상진단 및 방사선 치료료,자기공명영상진단료(MRI),636910,601150,MRI 심장 Heart　일반촬영,4803
RMHI224,827795,2019-10-31 17:34:12,,"조영제사용 1.5테슬라,3.0테슬라 장비구분 (판독료포함)",3,Y,,MRI진단료/기본검사/흉부/심장,행위,영상진단 및 방사선 치료료,자기공명영상진단료(MRI),874295,827795,MRI 심장 Heart 조영제사용,4804
RMHI125,402430,2019-11-01 15:22:16,,"일반촬영 1.5테슬라,3테슬라 장비 구분 (판독료포함)",3,N,,MRI진단료/기본검사/흉부/흉부,행위,영상진단 및 방사선 치료료,자기공명영상진단료(MRI),581965,402430,MRI 흉부 Chest 일반촬영,4805
RMHI225,581965,2019-11-01 15:26:06,,"조영제사용 1.5테슬라,3.0테슬라 장비구분 (판독료포함)",3,Y,,MRI진단료/기본검사/흉부/흉부,행위,영상진단 및 방사선 치료료,자기공명영상진단료(MRI),613775,581965,MRI 흉부 Chest 조영제사용,4806
RMHI126,402430,2019-11-01 15:27:59,,"일반촬영 1.5테슬라,3테슬라 장비 구분 (판독료포함)",3,N,,MRI진단료/기본검사/흉부/유방,행위,영상진단 및 방사선 치료료,자기공명영상진단료(MRI),426300,402430,MRI 유방 Breast 일반촬영,4807
RMHI226,581965,2019-11-01 15:29:32,,"조영제사용 1.5테슬라,3.0테슬라 장비구분 (판독료포함)",3,Y,,MRI진단료/기본검사/흉부/유방,행위,영상진단 및 방사선 치료료,자기공명영상진단료(MRI),613775,581965,MRI 유방 Breast 조영제사용,4808
RMHI127,402430,2019-11-01 15:34:23,,"일반촬영 1.5테슬라,3테슬라 장비 구분 (판독료포함)",3,N,,MRI진단료/기본검사/복부/복부,행위,영상진단 및 방사선 치료료,자기공명영상진단료(MRI),426300,402430,MRI 복부 Abdomen 일반촬영,4809
RMHI227,581545,2019-11-01 15:36:44,,"조영제사용 1.5테슬라,3.0테슬라 장비구분 (판독료포함)",3,Y,,MRI진단료/기본검사/복부/복부,행위,영상진단 및 방사선 치료료,자기공명영상진단료(MRI),665745,581545,MRI 복부 Abdomen 조영제사용,4810
RMHI128,402430,2019-11-01 15:39:49,,"일반촬영 1.5테슬라,3테슬라 장비 구분 (판독료포함)",3,N,,MRI진단료/기본검사/복부/골반,행위,영상진단 및 방사선 치료료,자기공명영상진단료(MRI),426300,402430,MRI 골반 Pelvis 일반촬영,4811
RMHI228,581545,2019-11-01 15:42:27,,"조영제사용 1.5테슬라,3.0테슬라 장비구분 (판독료포함)",3,Y,,MRI진단료/기본검사/복부/골반,행위,영상진단 및 방사선 치료료,자기공명영상진단료(MRI),613305,581545,MRI 골반 Pelvis 조영제사용,4812
RMHI129,402430,2019-11-01 15:44:08,,"일반촬영 1.5테슬라,3테슬라 장비 구분 (판독료포함)",3,N,,MRI진단료/기본검사/복부/췌장,행위,영상진단 및 방사선 치료료,자기공명영상진단료(MRI),426300,402430,MRI 췌장 Pancreas 일반촬영,4813
RMHI229,581545,2019-11-01 15:47:06,조영제-프로핸스주프리필드시린지(가도테리돌),"조영제사용 1.5테슬라,3.0테슬라 장비구분 (판독료포함)",3,Y,,MRI진단료/기본검사/복부/췌장,행위,영상진단 및 방사선 치료료,자기공명영상진단료(MRI),613305,581545,MRI 췌장 Pancreas 조영제사용,4814
RMHI229,665745,2019-11-01 15:48:24,조영제-프리모비스트10ml,"조영제사용 1.5테슬라,3.0테슬라 장비구분 (판독료포함)",3,Y,,MRI진단료/기본검사/복부/췌장,행위,영상진단 및 방사선 치료료,자기공명영상진단료(MRI),697505,665745,MRI 췌장 Pancreas 조영제사용,4815
RMHI130,402430,2019-11-01 15:50:18,,"일반촬영 1.5테슬라,3테슬라 장비 구분 (판독료포함)",3,N,,MRI진단료/기본검사/복부/신장 및 부신,행위,영상진단 및 방사선 치료료,자기공명영상진단료(MRI),426300,402430,MRI 신장 및 부신 Kidney and Adrenal 일반촬영,4816
RMHI130,581545,2019-11-01 15:51:49,,"조영제사용 1.5테슬라,3.0테슬라 장비구분 (판독료포함)",3,Y,,MRI진단료/기본검사/복부/신장 및 부신,행위,영상진단 및 방사선 치료료,자기공명영상진단료(MRI),613305,581545,MRI 신장 및 부신 Kidney and Adrenal 조영제사용,4817
RMHI131,402430,2019-11-01 15:55:49,,"일반촬영 1.5테슬라,3테슬라 장비 구분 (판독료포함)",3,N,,MRI진단료/기본검사/복부/음낭 및 음경,행위,영상진단 및 방사선 치료료,자기공명영상진단료(MRI),426300,402430,MRI 음낭 및 음경 Scrotum and Penile 일반촬영,4818
RMHI231,581545,2019-11-01 15:57:44,,"조영제사용 1.5테슬라,3.0테슬라 장비구분 (판독료포함)",3,Y,,MRI진단료/기본검사/복부/음낭 및 음경,행위,영상진단 및 방사선 치료료,자기공명영상진단료(MRI),613305,581545,MRI 음낭 및 음경 Scrotum and Penile 조영제사용,4819
RMHI132,402430,2019-11-01 16:00:19,,"일반촬영 1.5테슬라,3테슬라 장비 구분 (판독료포함)",3,N,,MRI진단료/기본검사/복부/간,행위,영상진단 및 방사선 치료료,자기공명영상진단료(MRI),426300,402430,MRI 간 Liver 일반촬영,4820
RMHI232,581545,2019-11-01 16:02:16,조영제-프로핸스주프리필드시린지(가도테리돌),"조영제사용 1.5테슬라,3.0테슬라 장비구분 (판독료포함)",3,Y,,MRI진단료/기본검사/복부/간,행위,영상진단 및 방사선 치료료,자기공명영상진단료(MRI),613305,581545,MRI 간 Liver 조영제사용,4821
RMHI232,665745,2019-11-01 16:03:36,조영제-프리모비스트10ml,"조영제사용 1.5테슬라,3.0테슬라 장비구분 (판독료포함)",3,Y,,MRI진단료/기본검사/복부/간,행위,영상진단 및 방사선 치료료,자기공명영상진단료(MRI),697505,665745,MRI 간 Liver 조영제사용,4822
RMHI133,402430,2019-11-01 16:07:25,,"일반촬영 1.5테슬라,3테슬라 장비 구분 (판독료포함)",3,N,,MRI진단료/기본검사/복부/담췌관,행위,영상진단 및 방사선 치료료,자기공명영상진단료(MRI),426300,402430,MRI 담췌관 Cholangiogram 일반촬영,4823
RMHI233,581545,2019-11-01 16:09:25,,"조영제사용 1.5테슬라,3.0테슬라 장비구분 (판독료포함)",3,Y,,MRI진단료/기본검사/복부/담췌관,행위,영상진단 및 방사선 치료료,자기공명영상진단료(MRI),613305,581545,MRI 담췌관 Cholangiogram 조영제사용,4824
RMHI134,402430,2019-11-01 16:11:50,,"일반촬영 1.5테슬라,3테슬라 장비 구분 (판독료포함)",3,N,,MRI진단료/기본검사/복부/전립선,행위,영상진단 및 방사선 치료료,자기공명영상진단료(MRI),426300,402430,MRI 전립선 Prostate 일반촬영,4825
RMHI234,581545,2019-11-01 16:13:07,,"조영제사용 1.5테슬라,3.0테슬라 장비구분 (판독료포함)",3,Y,,MRI진단료/기본검사/복부/전립선,행위,영상진단 및 방사선 치료료,자기공명영상진단료(MRI),613305,581545,MRI 전립선 Prostate 조영제사용,4826
RMHI137,404380,2019-11-01 16:15:52,,"조영제사용 1.5테슬라,3.0테슬라 장비구분 (판독료포함)",3,N,,MRI진단료/기본검사/혈관 [동맥 또는 정맥]-흉부혈관,행위,영상진단 및 방사선 치료료,자기공명영상진단료(MRI),428330,404380,MRI 흉부혈관 Thoracic MRA 일반촬영,4827
RMHI237,584875,2019-11-01 16:16:56,,"조영제사용 1.5테슬라,3.0테슬라 장비구분 (판독료포함)",3,Y,,MRI진단료/기본검사/혈관 [동맥 또는 정맥]-흉부혈관,행위,영상진단 및 방사선 치료료,자기공명영상진단료(MRI),616775,584875,MRI 흉부혈관 Thoracic MRA 조영제사용,4828
RMHI138,404380,2019-11-01 16:18:38,,"일반촬영 1.5테슬라,3테슬라 장비 구분 (판독료포함)",3,N,,MRI진단료/기본검사/혈관 [동맥 또는 정맥]-복부혈관,행위,영상진단 및 방사선 치료료,자기공명영상진단료(MRI),428330,404380,MRI 복부혈관 Abdominal MRA 일반촬영,4829
RMHI238,584875,2019-11-01 16:21:03,,"조영제사용 1.5테슬라,3.0테슬라 장비구분 (판독료포함)",3,Y,,MRI진단료/기본검사/혈관 [동맥 또는 정맥]-복부혈관,행위,영상진단 및 방사선 치료료,자기공명영상진단료(MRI),616775,584875,MRI 복부혈관 Abdominal MRA 조영제사용,4830
RMHI240,404380,2019-11-01 16:22:29,,"일반촬영 1.5테슬라,3테슬라 장비 구분 (판독료포함)",3,N,,MRI진단료/기본검사/혈관 [동맥 또는 정맥]-심혈관,행위,영상진단 및 방사선 치료료,자기공명영상진단료(MRI),428330,404380,MRI 심혈관 Cardiovascular　MRA 일반촬영,4831
RMHI240,584875,2019-11-01 16:23:28,,"조영제사용 1.5테슬라,3.0테슬라 장비구분 (판독료포함)",3,Y,,MRI진단료/기본검사/혈관 [동맥 또는 정맥]-심혈관,행위,영상진단 및 방사선 치료료,자기공명영상진단료(MRI),616775,584875,MRI 심혈관 Cardiovascular　MRA 조영제사용,4832
RMHI141,700040,2019-11-01 16:28:38,,"일반촬영 1.5테슬라,3테슬라 장비 구분 (판독료포함)",3,N,,MRI진단료/기본검사/전신,행위,영상진단 및 방사선 치료료,자기공명영상진단료(MRI),741720,700040,MRI 전신 Whole body 일반촬영,4833
RMHI241,979625,2019-11-01 16:30:27,,"조영제사용 1.5테슬라,3.0테슬라 장비구분 (판독료포함)",3,Y,,MRI진단료/기본검사/전신,행위,영상진단 및 방사선 치료료,자기공명영상진단료(MRI),1035215,979625,MRI 전신 Whole body 조영제사용,4834
AQA02602,3000,2020-01-22 08:50:40,,통원확인서[병명 기재],3,,,,제증명수수료,,,,,통원확인서[병명 기재],4835
3012000003,464,,2018-10-06,,,,,불투명.투명멸균드레싱 재료(드레싱고정용),치료재료,,,,,Fixroll Stretch(10 x 10cm)(3M SOFT CLOTH WITH LINER),4836
3010600020,799,2022-01-01 00:00:00,2019-07-24,,,,,,치료재료,,,,,Arm sling(성인용),4837
3010600017,9139,2022-01-01 00:00:00,2016-03-31,,,,,,치료재료,,,,,"CRUTCH WOODEN(With Gum Arm and Hand Cover), S",4838
3010600018,9139,2022-01-01 00:00:00,2014-09-22,,,,,,치료재료,,,,,"CRUTCH WOODEN(With Gum Arm and Hand Cover), M",4839
3010600019,9139,2022-01-01 00:00:00,2014-09-22,,,,,,치료재료,,,,,"CRUTCH WOODEN(With Gum Arm and Hand Cover), L",4840
DDULCO,17,2021-11-01 00:00:00,2020-11-01,,,,,,약제,,,,,Bisacodyl 5mg,4841
DBST,33,2021-11-01 00:00:00,2020-11-01,,,,,,약제,,,,,베스타제당의정,4842
DBC,14,2021-11-01 00:00:00,2020-11-01,,,,,,약제,,,,,삐콤정,4843
DACT,18,2021-11-01 00:00:00,2020-11-01,,,,,,약제,,,,,액티피드정,4844
DBIVONT,23,2021-11-01 00:00:00,2020-11-01,,,,,,약제,,,,,타스나정 500㎎,4845
DPZM,33,2021-11-01 00:00:00,2020-11-01,,,,,,약제,,,,,파자임95이중정,4846
DPOBA,1900,2021-11-01 00:00:00,2020-11-01,,,,,,약제,,,,,바네포연고 20g/Tube,4847
DCALAM,9,,2019-07-23,,,,,,약제,,,,,칼라민로션,4848
DPROO,1005,,2020-10-27,,,,,,약제,,,,,프록토세딜연고 15g/Tube,4849
LZ00900,25000,,2009-12-01,,,,,,약제,,,,,인플루엔자A/B바이러스항원검사(현장검사),4850
DBABYP,5500,,2020-11-01,,,,,,약제,,,,,Baby pow (100g),4851
DVASE100,482,2021-11-01 00:00:00,2020-11-01,,,,,,약제,,,,,바셀린100g,4852
DVASE,8,,2020-10-27,,,,,,약제,,,,,백색바세린,4853
DTAMI,850,,2019-02-01,,,,,,약제,,,,,유락신연고 50g/Tube,4854
DOMECLEAN,7807,,2020-02-01,,,,,,약제,,,,,오메크린 크림 5%/Omeclean Cream 5%,4855
DPREPAO,2985,2021-11-01 00:00:00,2020-11-01,,,,,,약제,,,,,푸레파인연고(28g/tube),4856
AQA01601,10000,,2018-01-01,일반진단서(1부),,,,,제증명수수료,,,,,일반진단서,4857
AQA02201,15000,,2018-01-01,"진단서,영문 등 외국어 [1부]",,,,,제증명수수료,,,,,영문 등 외국어 일반진단서,4858
AQA02801,10000,,2018-01-01,근로능력평가용진단서(1부),,,,,제증명수수료,,,,,근로능력평가용진단서,4859
AW400101,20000,,2015-01-22,건강진단서[1부],,,,,제증명수수료,,,,,건강진단서,4860
AQA01501,10000,,2018-01-01,일반소견서(1부),,,,,제증명수수료,,,,,일반소견서(보험회사 제출용),4861
AQA01503,15000,,2018-01-01,"일반소견서,영문 [1부]",,,,,제증명수수료,,,,,영문일반소견서(보험회사 제출용),4862
AQA00400,10000,,2013-07-01,보장구검진소견서,,,,,제증명수수료,,,,,보장구검진소견서,4863
AQA00200,39640,2022-01-01 00:00:00,2021-01-01,노인장기요양보험 의사소견서,,,,,제증명수수료,,,,,노인장기요양보험 의사소견서,4864
AQA00202,55730,2022-01-01 00:00:00,2021-01-01,노인장기요양보험(5등급예상 치매진단)의사소견서,,,,,제증명수수료,,,,,노인장기요양보험(5등급예상 치매진단)의사소견서,4865
AQA01003,100000,,2018-01-01,상해 진단서<3주이상> (1부),,,,,제증명수수료,,,,,상해 진단서(3주이상),4866
AQA01001,50000,,2018-01-01,상해 진단서<3주미만> (1부),,,,,제증명수수료,,,,,상해 진단서(3주미만),4867
AQA00501,10000,,2018-01-01,사망진단서(1부),,,,,제증명수수료,,,,,사망진단서,4868
AQA00503,15000,,2018-01-01,사망진단서 [영문 1부],,,,,제증명수수료,,,,,영문사망진단서,4869
AQA00801,30000,,2018-01-01,사체검안서 (1부),,,,,제증명수수료,,,,,시체검안서,4870
AQA00901,20000,,2018-01-01,사체부검료(1부),,,,,제증명수수료,,,,,사체부검료,4871
AQA02002,15000,,2018-01-01,장애진단서 (1부),,,,,제증명수수료,,,,,장애진단서(간단),4872
AQA02001,100000,,2018-01-01,장애진단서 (1부),,,,,제증명수수료,,,,,장애진단서,4873
AQA01301,15000,,2018-01-01,"심신장애진단서(발달지체,1부)",,,,,제증명수수료,,,,,장애 정도 심사용 진단서(신체적 장애),4874
AQA01304,40000,,2018-01-01,"심신장애진단서(정신지체,1부)",,,,,제증명수수료,,,,,장애 정도 심사용 진단서(정신적 장애),4875
AQA01901,1000,,2018-01-01,장애자증명서(1부),,,,,제증명수수료,,,,,장애인증명서,4876
AQA02503,4500,,2018-01-02,"출생증명서,영문 등 외국어 [퇴원후,1부]",,,,,제증명수수료,,,,,영문 등 외국어 출생증명서,4877
AQA00301,20000,,2018-01-03,병사용 진단서(1부),,,,,제증명수수료,,,,,병무용진단서,4878
AQA00101,6000,,2018-01-04,국민연금장해진단서(1부),,,,,제증명수수료,,,,,국민연금장애심사용 진단서,4879
AQA01200,150000,,2013-07-01,신체감정료(과목당),,,,,제증명수수료,,,,,신체감정료(과목당),4880
AQA01101,10000,,2018-01-01,성별감정서 (1부),,,,,제증명수수료,,,,,성별감정서,4881
AQA01401,20000,,2018-01-01,연령감정서 (1부),,,,,제증명수수료,,,,,연령감정서,4882
AQA01402,150000,,2018-01-01,연령감정서 치과용 [1부],,,,,제증명수수료,,,,,연령감정서 치과용,4883
AQA02101,100000,,2018-01-01,정신감정서 (1부),,,,,제증명수수료,,,,,정신감정서,4884
AQA02601,1000,,2018-01-01,통원사실증명서(병명 미기재),,,,,제증명수수료,,,,,통원확인서[병명 미기재],4885
AQA02602,3000,,2018-01-01,통원사실증명서(병명기재),,,,,제증명수수료,,,,,통원확인서[병명 기재],4886
AQA02701,100000,,2018-12-12,후유장애진단서(1부),,,,,제증명수수료,,,,,후유장애진단서,4887
AQA03001,10000,,2018-01-01,수술확인서 [1부],,,,,제증명수수료,,,,,수술확인서,4888
AQA01701,3000,,2018-01-01,"입,퇴원확인서,퇴원후 [1부]",,,,,제증명수수료,,,,,입퇴원확인서,4889
AQA02401,3000,,2017-09-21,진료확인서 [1부],,,,,제증명수수료,,,,,진료확인서,4890
AQA02301,50000,,2018-01-01,진료비추정서<천만원미만> (1부),,,,,제증명수수료,,,,,향후 진료비추정서(천만원미만),4891
AQA02303,100000,,2018-01-01,진료비추정서<천만원이상> (1부),,,,,제증명수수료,,,,,향후 진료비추정서(천만원이상),4892
AQB00101,1000,,2018-01-01,의무기록사본발급수수료(기본5부),,,,,제증명수수료,,,,,"진료기록사본(기본5부, 매당)",4893
AQB00102,100,,2018-01-01,의무기록사본발급수수료(기본5부초과 매당),,,,,제증명수수료,,,,,진료기록사본(6매 이상),4894
AQF00101,5000,,2018-01-01,PACS영상 CD Copy(매당),,,,,제증명수수료,,,,,진료기록영상(CD)-PACS영상,4895
AQF00501,5000,,2018-01-01,핵의학PACS영상 CD Copy(매당),,,,,제증명수수료,,,,,진료기록영상(CD)-핵의학 PACS영상,4896
AQF00401,5000,,2018-01-01,심혈관 PACS 영상비용 CD Copy [매당],,,,,제증명수수료,,,,,진료기록영상(CD)-심혈관 PACS영상,4897
AQF00201,5000,,2018-01-01,내시경 PACS영상 CD Copy [매당],,,,,제증명수수료,,,,,진료기록영상(CD)-내시경 PACS영상,4898
WZ00100,6000,,2013-07-01,"보호자식대(일반식, 1식)",,,,,기타,,,,,"보호자식대(일반식, 1식)",4899
WZ00200,1000,,2013-07-01,"보호자식대(공기밥, 1개)",,,,,기타,,,,,"보호자식대(공기밥, 1개)",4900
BZ00001,12240,2022-01-01 00:00:00,2019-10-01,환의 상하 한벌 (귀가용),,,,,치료재료,,,,,환의 한벌(귀가용),4901
BZ00002,8745,2022-01-01 00:00:00,2019-10-01,시트(대)/1장(귀가용),,,,,치료재료,,,,,시트(대)/1장(귀가용),4902
BZ00003,4600,2022-01-01 00:00:00,2019-10-01,반시트/1장(귀가용),,,,,치료재료,,,,,반시트/1장(귀가용),4903
BZ00004,20000,,2018-06-04,담요/1장(귀가용),,,,,치료재료,,,,,담요/1장(귀가용),4904
AQW01200,1000,,2018-01-01,제증명료 사본,,,,,제증명수수료,,,,,제증명료 사본,4905
RMHF101,231570,2022-01-01 00:00:00,2021-01-01,,,,,,행위료,영상진단 및 방사선 치료료,,,,MRI Brain Diffusion [단독촬영],4906
641605990,7807,2020-07-29 18:30:05,,DOMECLEAN,5,Y,,,약제,,,,,오메크린크림,4907
AQC0003,75000,,,,,,,,기타,,,,,특수구급차사용료<10KM이내>,4908
AQC0004,1300,,,,,,,,기타,,,,,특수구급차사용료<10KM초과 1KM당>,4909
WZ00100,6000,,,,,,,추가식대,기타,,,,,"보호자식대(일반식, 1식)",4910
WZ00200,1000,,,,,,,추가식대,기타,,,,,"보호자식대(공기밥, 1개)",4911
BZ00001,12240,,,,,,,,기타,,,,,환의 한벌(귀가용)끈바지,4912
BZ00002,8745,,,,,,,,기타,,,,,시트(대)/1장(귀가용),4913
D50GLY,536,,,,,,,,약제,,,,,그린관장약(글리세린),4914
DBC,14,,,,,,,,약제,,,,,삐콤정,4915
DBST,48,,,,,,,,약제,,,,,베스타제당의정 ,4916
DOMECLEAN,5419,,,,,,,,약제,,,,,오메크린크림(퍼메트린),4917
DTAMI,21,,,,,,,,약제,,,,,유락신연고(크로타미톤),4918
DVASE100,400,,,,,,,,약제,,,,,바셀린100g ,4919
MPERAMIFLU,9609,,,,,,,,약제,,,,,페라미플루주15ml(페라미비르수화물),4920
AQA00101,6000,,,,,,,국민연금장애심사용진단서,제증명료,,,,,국민연금장애심사용 진단서,4921
AQA00400,10000,,,,,,,소견서(검진소견서),제증명료,,,,,보장구검진소견서,4922
AQA00501,10000,,,,,,,사망진단서,제증명료,,,,,사망진단서,4923
AQA00502,1000,,,,,,,사망진단서,제증명료,,,,,사망진단서 [재발행 1부],4924
AQA00503,15000,,,,,,,영문사망진단서,제증명료,,,,,영문사망진단서,4925
AQA00801,30000,,,,,,,시체검안서,제증명료,,,,,사체검안서,4926
AQA01001,50000,,,,,,,상해진단서,제증명료,,,,,상해 진단서(3주미만),4927
AQA01003,100000,,,,,,,상해진단서,제증명료,,,,,상해 진단서(3주이상),4928
AQA01301,15000,,,,,,,장애정도심사용진단서,제증명료,,,,,장애 정도 심사용 진단서(신체적 장애),4929
AQA01304,40000,,,,,,,장애정도심사용진단서,제증명료,,,,,장애 정도 심사용 진단서(정신적 장애),4930
AQA01501,10000,,,,,,,소견서(일반소견서),제증명료,,,,,일반소견서(보험회사 제출용),4931
AQA01601,10000,,,,,,,진단서,제증명료,,,,,일반진단서,4932
AQA01602,1000,,,,,,,진단서,제증명료,,,,,일반진단서(재발행),4933
AQA01701,3000,,,,,,,확인서,제증명료,,,,,"입,퇴원확인서 [1부]",4934
AQA01901,1000,,,,,,,장애인증명서,제증명료,,,,,장애인증명서(1부),4935
AQA02201,15000,,,,,,,영문진단서,제증명료,,,,,영문 등 외국어 일반진단서,4936
AQA02401,3000,,,,,,,확인서,제증명료,,,,,진료확인서 [1부],4937
AQB00101,1000,,,,,,,진료기록사본,제증명료,,,,,"진료기록사본(기본5부, 매당)",4938
AQB00102,100,,,,,,,진료기록사본,제증명료,,,,,"진료기록사본(6매이상, 매당)",4939
AQF00101,5000,,,,,,,진료기록영상,제증명료,,,,,진료기록영상(CD)-PACS영상(COPY),4940
AQW01200,1000,,,,,,,제증명서사본,제증명료,,,,,제증명료 사본,4941
AW400101,20000,,,,,,,진단서,제증명료,,,,,건강진단서,4942
3011000017,5600,,,,,,,,치료재료,,,,,Soft Cloth Tape 1m ,4943
3012300056,1419,,,,,,,,치료재료,,,,,Bed Pan (대변기),4944
3012500005,1249,,,,,,,,치료재료,,,,,Urine Bottle(소변기),4945
3010600102,22000,,,,,,,,치료재료,,,,,Peha-Haft (Latex Free)10cm*20m,4946
LZ01000,25000,,,,,,,,행위료,,,,,SARS-CoV-2 항원검사[일반면역검사]-간이검사,4947
LZ00900,25000,,,,,,,,행위료,,,,,인플루엔자 A·B 바이러스항원검사 [현장검사],4948
EZ9850000,120000,2024-05-23 10:44:16,,SEZ98501,N,,,초음파 검사료,행위,검사료,초음파 검사료,,,수술중 초음파A - 유방절제술(GS),4949
EZ9850000,120000,2024-05-23 10:45:50,,SEZ9850101,N,,,초음파 검사료,행위,검사료,초음파 검사료,,,수술중 초음파A - 케모포트(GS),4950
EZ9850000,250000,2024-05-23 10:47:04,,SEZ98502,N,,,초음파 검사료,행위,검사료,초음파 검사료,,,수술중 초음파B - 뇌혈류/뇌혈관(NS),4951
EZ9850000,250000,2024-05-23 10:47:27,,SEZ9850201,N,,,초음파 검사료,행위,검사료,초음파 검사료,,,수술중 초음파B - 관상동맥(CS),4952
EZ9850000,250000,2024-05-23 10:47:48,,SEZ9850202,N,,,초음파 검사료,행위,검사료,초음파 검사료,,,수술중 초음파B - 동정맥루(GS),4953
EZ9850000,250000,2024-05-23 10:48:12,,SEZ9850203,N,,,초음파 검사료,행위,검사료,초음파 검사료,,,수술중 초음파B - 하지정맥류(GS),4954
EZ9850000,250000,2024-05-23 10:48:34,,SEZ9850204,N,,,초음파 검사료,행위,검사료,초음파 검사료,,,수술중 초음파B - 신장절제술(UR),4955
EZ9850000,250000,2024-05-23 10:48:57,,SEZ9850205,N,,,초음파 검사료,행위,검사료,초음파 검사료,,,수술중 초음파B - 간 절제술(GS),4956
EZ9850000,350000,2024-05-23 10:49:23,,SEZ98503,N,,,초음파 검사료,행위,검사료,초음파 검사료,,,수술중 초음파C - 신장이식(GS),4957
690300381,9800,2024-07-01 11:38:27,,,N,,,,약제,,,,,멀티블루5주,4958
3011600308,,2024-07-01 13:49:05,70826,650800220,N,,,,약제,,,,,Surgicel Fibrillar 1*2(2.5cm*5.1cm),4959
698700150,330000,2024-07-01 13:52:01,,5330100003,N,,,,약제,,,,,메타스캔주사액(플루오르화나트륨(18F)),4960
648300041,274,2024-07-01 14:01:08,,D50GLY2,N,,,,약제,,,,,그린관장약_(10g/20mL),4961
648300042,318,2024-07-01 14:02:15,,D50GLY3,N,,,,약제,,,,,그린관장약_(15g/30mL),4962
,3000,2024-07-01 14:03:37,,DGLY,N,,,,약제,,,,,Glycerine　1000 ml/btl,4963
650100200,580,2024-07-01 14:13:26,,DCLOFAZ50,N,,,,약제,,,,,라프렌연질캅셀50mg,4964
650202471,,2024-07-01 14:18:34,원외,DMAC10,N,,,,약제,,,,,폴락스산 10g,4965
,67369,2024-07-01 14:24:15,희귀의약품센터,MBLEO,N,,,,약제,,,,,히크마블레오마이신주,4966
680900270,628,2024-07-01 14:27:22,,DTALEAJE5,N,,,,약제,,,,,탈리제정5mg,4967
673400061,4331,2024-07-01 14:28:56,,DMUPIO-N,N,,,,약제,,,,,리노로신나잘연고,4968
659900050,478,2024-07-01 14:32:54,,DROWA,N,,,,약제,,,,,로와콜연질캅셀,4969
MGHSA36,177386,2024-07-01 14:33:18,성장호르몬 치료가 미용 목적으로 필요한 환자에게 투여 시 실 사용량 산정,648903161,N,,,,약제,,,,,싸이젠 리퀴드 카트리지 주(비감면),4970
MCARTIS,4840000,2024-07-01 14:36:50,평생 1회 인정(국사비 모두 1회 국비지원) 이후 본인부담(비감면),622900021,N,,,,약제,,,,,카티스템주 1.5ml,4971
MARGININ15,20900,2024-07-01 14:39:01,의료진 판단 하 성장호르몬 검사가 필요한 경우 실 사용량 산정,681100301,N,,,,약제,,,,,지씨아르기닌주 25ml,4972
681100301,20900,2024-07-01 14:54:05,,MARGININ15,N,,,,약제,,,,,지씨아르기닌주,4973
655601681,1405,2024-07-01 15:03:53,,MSOLUC,N,,,,약제,,,,,코티소루주,4974
BC0101AT,,2024-07-04 13:43:58,,,N,,,인체조직유래 2차 가공뼈,치료재료,,,772200,277749,DBX PUTTY,4975
BC0301QT,1940000,2024-07-04 13:59:03,,,N,,,재조합골형성단백질(RHBMP-2) 함유 골이식재,치료재료,,,,,NOVOSIS,4976
BC1301PE,138000,2024-07-04 13:59:56,,,N,,,체외고정기(SCREW/PIN 포함)류,치료재료,,,,,K-D CLAMP (전규격),4977
BC7001BW,,2024-07-04 14:00:52,,,N,,,CRANIOFACIAL IMPLANTS,치료재료,,,850000,706500,MEDPOR MICRO SHEETS(Medpor Micro sheets) (전규격),4978
BC7005BW,2400000,2024-07-04 14:01:28,,,N,,,CRANIOFACIAL IMPLANTS,치료재료,,,,,MEDPORE CRANIAL PRODUCTS (전규격),4979
BE4303DL,1940000,2024-07-04 14:02:00,,,N,,,기타 관절치환용 재료 (골결손대체용),치료재료,,,,,TRABECULAR METAL FEMORAL CONE AUGMENT(Trabecular Metal Femoral Cone Augment),4980
BF0002GZ,3400000,2024-07-04 14:03:32,,,N,,,척추고정용,치료재료,,,,,MOBI-CERVICAL,4981
BF0003GZ,4224000,2024-07-04 14:04:05,,,N,,,척추고정용,치료재료,,,,,BAGURA C CAGE(Bagura C cage),4982
BF0200JH,1958000,2024-07-04 14:04:32,,,N,,,추간판내 고주파 열치료술,치료재료,,,,,COOLIEF TRANSDISCAL COOLED RADIOFREQUENCY KIT,4983
BF0202SH,1597688,2024-07-04 14:08:26,,,N,,,추간판내 고주파 열치료술,치료재료,,,,,YES C DISC CATHETER(YES C DISC Catheter) (전규격),4984
BI001015,,2024-07-04 14:13:38,,,N,,,인조안구체 & 기타 안과용 재료 류,치료재료,,,11000,5500,안과용 플라스틱 안대 (전규격),4985
BI0641YD,468000,2024-07-04 14:14:29,,,N,,,특수재질 안구영역 임플란트(녹내장수술용),치료재료,,,,,올로젠 / OLOGEN,4986
BJ4301DU,880000,2024-07-04 14:14:59,,,N,,,고주파정맥내막폐쇄요법용,치료재료,,,,,CLOSURE PLUS CATH(Closure plus cath) 정맥류시(6F Closure Catheter),4987
BJ4321DU,1639000,2024-07-04 14:16:34,,,N,,,시아노아크릴레이트를 이용한 복재정맥 폐색술용,치료재료,,,,,베나실 클로저 시스템,4988
BJ4504BM,1160000,2024-07-04 14:17:36,,,N,,,혈관내영상카테터,치료재료,,,,,OPTICROSS 18 PERIPHERAL IMAGING CATHETER,4989
BJ4505BM,1570000,2024-07-04 14:17:59,,,N,,,혈관내영상카테터,치료재료,,,,,"중심 순환계 혈관내 초음파 카테터(OPTICROSS HD CORONARY IMAGING CATHTER, Opticross HD Coronary Imaging Catheter)",4990
BJ4504JT,1419834,2024-07-04 14:18:31,,,N,,,혈관내영상카테터,치료재료,,,,,EAGLE EYE PLATINUM DISTAL IVUS CATHETER,4991
BJ4506JT,1419829,2024-07-04 14:18:52,,,N,,,혈관내영상카테터,치료재료,,,,,REFINITY ST ROTATIONAL IVUS CATHETER,4992
BJ4800TD,673000,2024-07-04 14:19:15,,,N,,,경막외강 신경박리술 및 감압신경성형술용,치료재료,,,,,하나로 / HANARO,4993
BJ4801GV,419990,2024-07-04 14:19:44,,,N,,,경막외강 신경박리술 및 감압 신경성형술용,치료재료,,,,,EDEN EPIDURAL CATH SYSTEM (전규격),4994
BJ4801GZ,465000,2024-07-04 14:20:16,,,N,,,경막외강 신경박리술 및 감압 신경성형술용,치료재료,,,,,ABEL EPIDURAL CATHETER,4995
BJ4801NX,792000,2024-07-04 14:20:46,,,N,,,풍선확장 경막외강 유착박리술용,치료재료,,,,,협착 완화 풍선카테터 (ASAN ZINEU BALLON CATHETER),4996
BJ4804NX,220000,2024-07-04 14:21:06,,,N,,,풍선확장 경막외강 유착박리술용,치료재료,,,,,ZINEU-F EPIDURAL CATHETER,4997
BJ4801RA,489740,2024-07-04 14:31:20,,,N,,,경막외강 신경박리술용,치료재료,,,,,ST REED,4998
BJ4803GZ,638624,2024-07-04 14:33:07,,,N,,,경막외강 신경박리술용,치료재료,,,,,EPISOL,4999
BJ4804XU,700000,2024-07-04 14:33:32,,,N,,,경피외강 신경박리술 및 감압 신경성형술용,치료재료,,,,,BIOVISION 1.7 (Biovision 1.7 KIT),5000
BJ4840ZI,450000,2024-07-04 14:33:49,,,N,,,풍선카테터 부비동/이관 성형술용,치료재료,,,,,이관 풍선 확장 카테터(Earloon Eustachian Tube Dilation System),5001
,13200,2024-07-04 14:34:46,법정(고시)-건강보험 급여 인정기준 외 실시한 경우 비급여,,N,,,혈관 중재적 시술 후 지혈용,치료재료,,,,,듀얼스탑(DUAL STOP Cervix),5002
,22000,2024-07-04 14:35:11,법정(고시)- 건강보험 급여 인정기준 외 실시한 경우 비급여,,N,,,혈관 중재적 시술 후 지혈용,치료재료,,,,,듀얼튤립(DUAL TULIP),5003
BK7101EA,,2024-07-04 14:53:16,,,N,,,자착성(탄력)붕대,치료재료,,,2968,571,"COBAN BAND, Coban Band (전규격)",5004
BK7101IK,13547,2024-07-04 14:53:43,,,N,,,자착성(탄력)붕대,치료재료,,,,,CEB IDEAL BANDAGE (전규격),5005
BL3006BQ,17100,2024-07-04 14:57:19,,,N,,,OSTOMY용 ACCESSORY,치료재료,,,,,"PROTECTIVE(protective) 피부 보호 필름, ESENTA 피부보호 필름",5006
BL3007BQ,20000,2024-07-04 14:59:17,,,N,,,OSTOMY용 ACCESSORY,치료재료,,,,,TRIO SILESSE SKIN BARRIER SPRAY,5007
BL3003MV,22000,2024-07-04 14:59:39,,,N,,,OSTOMY용 ACCESSORY,치료재료,,,,,ESENTA 잔여물제거 스프레이,5008
BM0001MT,450000,2024-07-04 15:00:34,,,N,,,유방생검용,치료재료,,,,,ATEC (PROBE & VACCUM SET),5009
BM0004LV,230000,2024-07-04 15:01:00,,,N,,,내시경 초음파를 이용한 세침흡인술용,치료재료,,,,,VIZI-SHOT(Vizi-Shot),5010
BM2001JQ,,2024-07-04 15:04:20,,,N,,,상처고정 및 보호용(카테터 고정용 제외),치료재료,,,20900,6270,MEPITEL(Mepitel) (전규격),5011
,6256062,2024-07-04 15:08:36,,,N,,,외과수술용 선택품목류 (보형물),치료재료,,,,,보형물 AMS700 PENILE PROSTHESIS(3/PIECE),5012
,2640000,2024-07-04 15:09:40,,,N,,,외과수술용 선택품목류 (보형물),치료재료,,,,,BIOPLANT-HIMS(BioPlant-HIMS),5013
,440000,2024-07-04 15:10:19,,,N,,,외과수술용 선택품목류 (보형물),치료재료,,,,,ARTIFICIAL TESTIS(Artificial testis),5014
,21000,2024-07-04 15:11:41,,,N,,,외과수술용 선택품목류,치료재료,,,,,NASAL IMPLANT,5015
,360000,2024-07-04 15:12:11,,,N,,,외과수술용 선택품목류,치료재료,,,,,FASCIA LATA(Fascia Lata),5016
,1150000,2024-07-04 15:23:24,,,N,,,외과수술용 선택품목류,치료재료,,,,,COSTAL CARTILAGE(costal cartilage),5017
BM2601KQ,300000,2024-07-04 15:24:02,,,N,,,연조직 재건용,치료재료,,,,,COLTRIX TENDOREGEN(Coltrix Tendoregen)(3ML),5018
BM3011AU,,2024-07-04 17:21:46,,,N,,,인공유방,치료재료,,,480000,330000,의료용 실리콘 인조유방 (전규격),5019
BM5001ED,,2024-07-04 17:22:34,,,N,,,흉터관리재료,치료재료,,,52250,28500,스카클리닉 (전규격),5020
,445,2024-07-04 17:31:54,,,N,,,비침습적지혈용(반창고형),치료재료,,,,,"압박지혈밴드(Secuex, Secuex H) (전규격)",5021
BTB01013,450000,2024-07-04 17:32:37,,,N,,,척추전용형 동종골(MACHINED ALLOGRAFT BONE SPACER),치료재료,,,,,ALLOSPINE,5022
BTS01314,,2024-07-04 17:34:13,,,N,,,동종진피(IMPLANT용-유방재건술용 제외),치료재료,,,220000,55000,SURE-DERM(SUREDERM) (전규격),5023
BTS01414,99000,2024-07-04 17:34:35,,,N,,,동종진피(IMPLANT용-유방재건술용 제외),치료재료,,,,,BELLACELL HD(BellaCell HD),5024
,11562,2024-07-04 17:35:05,,,N,,,"병원비품 류 (체온계, 변기, 시트등)",치료재료,,,,,환의 한벌(귀가용),5025
,9150,2024-07-04 17:37:37,,,N,,,"병원비품 류 (체온계, 변기, 시트 등)",치료재료,,,,,시트(대)/1장(귀가용),5026
,6083,2024-07-04 17:38:08,,,N,,,"병원비품 류 (체온계, 변기, 시트 등)",치료재료,,,,,반시트/1장(귀가용),5027
,17800,2024-07-04 17:38:26,,,N,,,"병원비품 류 (체온계, 변기, 시트 등)",치료재료,,,,,담요/1장(귀가용),5028
,,2024-07-04 17:41:48,,,N,,,보조기류(ARM SLING 등),치료재료,,,1210,900,ARM SLING(Arm sling) (전규격),5029
,3434,2024-07-04 17:42:20,,,N,,,보조기류(ARM SLING 등),치료재료,,,,,CAST 신발 (전규격),5030
,,2024-07-04 17:42:55,,,N,,,보조기류(ARM SLING 등),치료재료,,,38500,19000,ELBOW HINGE (전규격),5031
,,2024-07-04 17:43:49,,,N,,,보조기류(ARM SLING 등),치료재료,,,50000,20600,KNEE HINGE (전규격),5032
,1800000,2024-07-04 17:44:47,,,N,,,보조기류(ARM SLING 등),치료재료,,,,,HALOVEST,5033
,15000,2024-07-04 17:45:31,,,N,,,보조기류(ARM SLING 등),치료재료,,,,,"CRUTCH,CRUTCH WOODEN(With Gum Arm and Hand Cover) (전규격)",5034
,500000,2024-07-04 18:00:57,,,N,,,혈액처리용 기구,치료재료,,,,,GPS 3 kit,5035
,,2024-07-04 18:11:44,,,N,,,치과용재료류(골이식재),치료재료,,,64630,53000,CTS FDB bone (전규격),5036
,68621,2024-07-04 18:12:08,,,N,,,치과용재료류(골이식재),치료재료,,,,,MBCP (전규격),5037
,,2024-07-04 18:13:21,,,N,,,치과용재료류(골이식재),치료재료,,,213662,118702,TUTOPLAST SPONGIOSA MICROCHIP(Tutoplast spongiosa microchip) (전규격),5038
,,2024-07-04 18:14:02,,,N,,,치과용재료류(골이식재),치료재료,,,198000,154000,Cowell BMP(Cowell BMP) (전규격),5039
,29738,2024-07-04 18:17:46,,,N,,,치과용재료류(골이식재),치료재료,,,,,GRAFT9(Graft9) (전규격),5040
,21200,2024-07-04 18:18:26,,,N,,,치과용재료류(조직유도재생막),치료재료,,,,,COLLACOTE,5041
,16978,2024-07-04 18:18:48,,,N,,,치과용재료류(조직유도재생막),치료재료,,,,,COLLA PLUG(Colla Plug),5042
,25125,2024-07-04 18:19:17,,,N,,,치과용재료류(조직유도재생막),치료재료,,,,,COLLATAPE,5043
,,2024-07-04 18:19:50,,,N,,,치과용재료류(조직유도재생막),치료재료,,,360000,336568,"GORE-TEX,TR6Y,TR6T,regenerative membrane TR9W(TITANIUM) (전규격)",5044
,130000,2024-07-04 18:20:13,,,N,,,치과용재료류(조직유도재생막),치료재료,,,,,TITANIUM MICRO MESH(CYTOFLEX)(Titanium Micro Mesh(cytoflex)),5045
,,2024-07-04 18:20:54,,,N,,,치과용재료류(조직유도재생막),치료재료,,,183878,145167,TUTOPLAST PERICARDIUM(Tutoplast pericardium) (전규격),5046
,180000,2024-07-04 18:21:34,,,N,,,치과용재료류(조직유도재생막),치료재료,,,,,BIOXCLUDE(BioXclude) (전규격),5047
,24500,2024-07-04 18:22:07,,,N,,,치과용재료류(SCREW 류),치료재료,,,,,본탁스크류(MR Curette BONE TAC) 10ea,5048
,,2024-07-04 18:22:52,,,N,,,치과용재료류,치료재료,,,32300,25500,SCREW(Screw) (전규격),5049
,,2024-07-04 18:23:27,,,N,,,치과용재료류,치료재료,,,134300,56100,MESH(Mesh) (전규격),5050
BL7601NM,35510,2024-07-04 18:23:57,,,N,,,기타근관충전재(MTA),치료재료,,,,,MTA,5051
,266792,2024-07-04 18:25:56,,,N,,,인체조직(BONE),치료재료,,,,,ICB BLOCK(ICB block) (전규격),5052
BTS01019,,2024-07-04 18:28:41,,,N,,,치과용재료류(조직유도재생막),치료재료,,,108913,89113,MEGA-DERM(mega-derm) (전규격),5053
L7401220,79889,2024-07-04 18:33:15,,,N,,,치과용재료류(골이식재),치료재료,,,,,BIO-OSS (전규격),5054
L7401221,122545,2024-07-04 18:33:53,,,N,,,치과용재료류(골이식재),치료재료,,,,,BIO-OSS (전규격),5055
L7402008,28100,2024-07-04 18:34:45,,,N,,,치과용재료류(골이식재),치료재료,,,,,Osteon II (전규격),5056
L7402108,39310,2024-07-04 18:35:13,,,N,,,치과용재료류(골이식재),치료재료,,,,,Osteon II (전규격),5057
L7414220,174632,2024-07-04 18:36:08,,,N,,,치과용재료류(조직유도재생막),치료재료,,,,,BIO-GIDE (전규격),5058
L7414221,211678,2024-07-04 18:36:57,,,N,,,치과용재료류(조직유도재생막),치료재료,,,,,BIO-GIDE (전규격),5059
BB3001BP,51700,2024-07-26 17:29:54,,,N,,,내시경적 식도 또는 위 정맥류 치료용(비흡수성) 색전물질,치료재료,,,,,HISTOACRYL INTERNAL(Histoacryl internal) 0.5ML,5060
BM9001XC,142500,2024-07-29 15:48:08,,,N,,,방광내 점적주입 재료,치료재료,,,,,"베지코트(VESICOAT,Vesicoat)　50ml",5061
BC8000QH,3900000,2024-07-29 15:49:07,,,N,,,CRANIOFACIAL IMPLANTS(맞춤형),치료재료,,,,,PRIMARY(Primary),5062
EZ777,20000,2024-08-02 16:47:16,,SZ01200,N,,,기능 검사료,행위,검사료,,,,동적 족저압 측정,5063
,500,2024-08-02 16:50:14,,AQA03102,N,,,제증명수수료,제증명수수료,,,,,수술실 CCTV 촬영 영상정보 열람(30분 초과 10분마다),5064
,1500,2024-08-02 16:51:04,,AQA03101,N,,,제증명수수료,제증명수수료,,,,,"수술실 CCTV 촬영 영상정보 열람(1편, 30분까지)",5065
,20000,2024-08-02 16:51:40,,AQA03201,N,,,제증명수수료,제증명수수료,,,,,"수술실 CCTV 촬영 영상정보 사본 제공(CD, 1장당)",5066
,,2024-09-09 15:11:56,,DLCAIN-G,N,,,,약제,,,,,카티젤 겔 12.5g,5067
,,2024-09-09 15:13:23,,DROZEXG1,N,,,,약제,,,,,로섹스 겔 0.75% 15g,5068
,,2024-09-09 15:13:57,,DROZEXG3,N,,,,약제,,,,,로섹스 겔 0.75% 30g,5069
,6400,2024-09-24 15:56:11,,,N,,,,치료재료,,,,,"COLD PACK(Cold Pack), 냉찜질팩",5070
,600000,2024-09-26 17:28:01,재료대별도산정,HZOS00600,N,N,N,치과 처치 및 수술료,행위,처치 및 수술료 등,,,,인공어깨관절치환술에서 3D CT 기반의 환자 맞춤형 수술 가이드를 이용한 관절와 위치 설정,5071
,1830000,2024-10-02 10:06:19,인공어깨관절치환술에서 3D CT 기반의 환자 맞춤형 수술 가이드를 이용한 관절와 위치 설정,,N,,,,치료재료,,,,,SEEANN SURGICAL GUIDANCE-A(SEEANN Surgical Guidance-A)3D CT 기반의 환자 맞춤형 수술 가이드를 이용한 관절와 위치 설정,5072
EZ991,770000,2024-11-14 09:42:56,치료재료 별도산정,SZ09403,N,N,N,특수초음파-기관지내시경초음파/기관지내시경초음파[가이드시스를 이용한 경우 포함],행위,검사료,초음파 검사료,,,기관지내시경초음파[가이드시스를 이용한 경우 포함],5073
BM2601KQ,130000,2024-12-12 09:48:18,,,N,,,연조직 재건용,치료재료,,,,,TENDOREGEN(Tendoregen) 1ml,5074
,1670000,2025-01-21 09:12:26,,,N,,,관상동맥내 광학파 단층촬영용,치료재료,,,,,DRAGONFLY OPSTAR IMAGING CATHETER,5075
,200000,2025-01-24 08:30:05,,RRZ00100,N,,,방사선치료료,행위,영상진단 및 방사선치료료,,,,방사선치료를 위한 무표식 실시간 표면유도기법(치료계획),5076
,50000,2025-01-24 08:30:45,,RRZ00200,N,,,방사선치료료,행위,영상진단 및 방사선치료료,,,,방사선치료를 위한 무표식 실시간 표면유도기법(치료),5077
