pid,name,type,region_big,region_small,tel,fax,zipcd,addr1,addr2,latitude,longitude,date_time,use_yn,island_area
1,강진의료원,종합병원,군,전남,061-4332-1679,061-433-1003,59227,전남 강진군,강진읍 탐진로 5,34.6372553,126.757457,1991-12-18 00:00:00,Y,불포함
2,곡성사랑병원,병원,군,전남,061-360-6000,061-360-6099,57540,전남 곡성군,곡성읍 곡성로 761,35.2763301,127.2882945,2007-09-01 00:00:00,Y,불포함
3,광양병원,병원,시,전남,061-761-7577,061-762-7070,57753,전남 광양시,광양읍 인덕로 992,34.9711046,127.5821405,2008-11-17 00:00:00,Y,불포함
4,구례병원,병원,군,전남,061-780-3300,061-783-0724,57645,전남 구례군,구례읍 동편제길 4,35.2159901,127.463487,2002-07-12 00:00:00,Y,불포함
5,녹동현대병원,병원,군,전남,061-840-1200,061-840-1122,59552,전남 고흥군,도양읍 차경구렁목길 211,34.5465248,127.1457469,2010-01-01 00:00:00,Y,포함
6,담양사랑병원,병원,군,전남,061-380-9000,061-381-9793,57343,전남 담양군,담양읍 천변7길 19,35.3152638,126.982747,2005-01-04 00:00:00,Y,불포함
7,벌교삼호병원,병원,군,전남,061-859-5000,061-858-5533,59431,전남 보성군,벌교읍 남하로 12,34.83369,127.3459825,2008-11-17 00:00:00,Y,포함
8,보성아산병원,병원,군,전남,061-850-3114,061-853-1516,59443,전남 보성군,미력면 가평길 36-17,34.7755385,127.1051557,2002-07-11 00:00:00,Y,불포함
9,신안대우병원,병원,군,전남,061-262-3301,061-261-3042,58847,전남 신안군,비금면 송치길 155-11,34.7223845,125.9330008,2006-02-01 00:00:00,Y,포함
10,서울의원(신안),의원,군,전남,061-275-7650,061-275-1624,58813,전남 신안군,지도읍 봉리길 16-3,35.0606316,126.2115923,2007-05-03 00:00:00,Y,포함
11,완도대성병원,병원,군,전남,061-553-1234,061-554-9323,59109,전남 완도군,완도읍 청해진동로 63,34.3170561,126.7356881,1999-05-14 00:00:00,Y,불포함
12,익산제일병원,병원,시,전북,063-840-2305,063-842-4964,54604,전북 익산시,평동로 665,35.9313235,126.9526763,2010-01-01 00:00:00,Y,불포함
13,장성병원,병원,군,전남,061-390-9000,061-390-9299,57216,전남 장성군,장성읍 오동촌길 16 (부강아트빌),35.3029027,126.7950398,2006-10-01 00:00:00,Y,불포함
14,정읍사랑병원,병원,시,전북,063-530-3100,063-535-4411,56192,전북 정읍시,상동중앙로 94 (상동),35.5607198,126.8662007,2010-01-01 00:00:00,Y,불포함
15,(의) 남우의료재단 진도전남병원,병원,군,전남,061-544-7933,061-543-0511,58926,전남 진도군,진도읍 남문길 12-11,34.4792952,126.2652077,2003-07-29 00:00:00,Y,불포함
16,함평성심병원,병원,군,전남,061-324-0001,061-324-1123,57154,전남 함평군,함평읍 영수길 136,35.0619963,126.5198848,2002-12-26 00:00:00,Y,불포함
17,혜성병원,병원,군,전북,063-583-5001,063-582-9800,56304,전북 부안군,부안읍 부령로 33,35.7327818,126.7460738,2002-06-17 00:00:00,Y,불포함
18,화순고려병원,병원,군,전남,061-370-3700,061-374-7679,58124,전남 화순군,화순읍 충의로 109,35.0561932,126.9896121,2002-12-26 00:00:00,Y,포함
19,무주군보건의료원,의원,군,전북,063-320-8314,063-324-4990,55515,전북 무주군,무주읍 한풍루로 413,36.0058824,127.6717091,2002-05-08 00:00:00,Y,불포함
20,완도금일보건지소,의원,군,전남,061-550-6793,061-550-6799,59140,전남 완도군,금일읍 금일로 397,34.3492508,127.0299988,2000-03-20 00:00:00,Y,포함
21,완도신노화의원,의원,군,전남,061-553-5700,061-552-8419,59158,전남 완도군,노화읍 노화로870번길 23,34.177341,126.5721722,2006-01-01 00:00:00,Y,포함
22,임실군보건의료원,의원,군,전북,063-640-3320,063-640-3317,55927,전북 임실군,임실읍 호국로 1680,35.6127033,127.2873253,1994-02-01 00:00:00,Y,불포함
23,장수군보건의료원,의원,군,전북,063-351-8000,063-350-3190,55631,전북 장수군,장수읍 장천로 247,35.6542283,127.5197623,1995-03-09 00:00:00,Y,불포함
24,조도면보건지소,의원,군,전남,061-542-5153,061-542-6153,58956,전남 진도군,조도면 창유1길 58-26,34.2949572,126.0466575,2001-12-01 00:00:00,Y,포함
25,중앙가정의학과의원,의원,시,전북,063-625-8977,063-625-8979,55761,전북 남원시,용성로 79 (동충동),35.4136077,127.385572,2010-01-01 00:00:00,Y,불포함
26,흑산면보건지소,의원,군,전남,061-275-9062,061-240-8837,58863,전남 신안군,흑산면 예리3길 61,34.6873489,125.4458703,2003-08-18 00:00:00,Y,포함
27,고창병원,종합병원,군,전북,063-560-5600,063-563-4549,56436,전북 고창군,고창읍 화신1길 9,35.4364207,126.693663,2002-03-06 00:00:00,Y,불포함
28,고흥종합병원,종합병원,군,전남,061-835-6000,061-832-1999,59535,전남 고흥군,고흥읍 고흥로 1935,34.6210043,127.2939397,1999-12-23 00:00:00,Y,불포함
29,광양사랑병원,종합병원,시,전남,061-797-7000,061-797-7878,57788,전남 광양시,공영로 71 (중동),34.9352802,127.695667,2002-07-11 00:00:00,Y,불포함
30,군산의료원,종합병원,시,전북,063-472-5000,063-472-5460,54105,전북 군산시,의료원로 27,35.9548898,126.7119167,1999-03-23 00:00:00,Y,불포함
31,나주종합병원,종합병원,시,전남,061-330-6100,061-330-6101,58251,전남 나주시,영산로 5419 (성북동),35.0362514,126.7192551,2002-11-15 00:00:00,Y,불포함
32,남원의료원,종합병원,시,전북,063-620-1114,063-632-3337,55726,전북 남원시,충정로 365 (고죽동),35.4214398,127.3945969,1994-12-22 00:00:00,Y,불포함
33,목포시의료원,종합병원,시,전남,061-260-6500,061-279-3242,58701,전남 목포시,이로로 18,34.8041235,126.4053521,1990-02-23 00:00:00,Y,불포함
34,대송의료재단 무안병원,종합병원,군,전남,061-450-3000,061-450-3253,58532,전남 무안군,무안읍 몽탄로 65,34.9914382,126.4891531,2002-12-26 00:00:00,Y,불포함
35,익산병원,종합병원,시,전북,063-840-9114,063-840-9458,54543,전북 익산시,무왕로 969 (신동),35.9580356,126.9622373,2001-06-18 00:00:00,Y,불포함
36,장흥종합병원,종합병원,군,전남,061-8628-3004,061-863-1132,59325,전남 장흥군,장흥읍 흥성로 74,34.6770898,126.9111921,2005-02-10 00:00:00,Y,불포함
37,전주예수병원,종합병원,시,전북,063-230-8114,063-230-8115,54987,전북 전주시,완산구 서원로 365 (중화산동1가),35.8154717,127.1261963,1990-12-24 00:00:00,Y,불포함
38,정읍아산병원,종합병원,시,전북,063-530-6114,063-530-6624,56153,전북 정읍시,충정로 606-22 (용계동),35.5720587,126.8490295,1991-12-18 00:00:00,Y,불포함
39,해남종합병원,종합병원,군,전남,061-530-0114,061-533-4556,59024,전남 해남군,해남읍 해남로 45,34.5716031,126.6130203,2002-02-01 00:00:00,Y,불포함
40,(의)명성의료재단 영양병원,병원,군,경북,054-682-0727,054-683-2996,36541,경북 영양군,영양읍 동서대로 75,36.6625188,129.1172504,2002-01-01 00:00:00,Y,불포함
41,(의)봉화해성병원,병원,군,경북,054-674-1332,054-674-0010,36239,경북 봉화군,봉화읍 보밑길 3,36.8916206,128.7333926,2002-01-01 00:00:00,Y,불포함
42,(의)석촌의료재단 성주병원,병원,군,경북,054-932-1212,054-933-5639,40026,경북 성주군,성주읍 성주읍 3길 5-3,35.9188037,128.2864166,2003-01-01 00:00:00,Y,불포함
43,세명종합병원,종합병원,시,경북,054-819-8389,054-819-8551,38619,경북 경산시,경안로 208,35.8260728,128.7372057,2008-11-01 00:00:00,Y,불포함
44,예천권병원,병원,군,경북,054-654-6611,054-654-2750,36820,경북 예천군,예천읍 동본리 시장로 136,36.6573136,128.4590263,2000-07-01 00:00:00,Y,불포함
45,울진군의료원,병원,군,경북,054-785-7024,054-785-7030,36324,경북 울진군,울진읍 현내항길 71,36.9927492,129.4100665,2003-03-13 00:00:00,Y,불포함
46,고령영생병원,병원,군,경북,054-955-2661,054-955-8100,40135,경북 고령군,대가야읍 중앙로 33,35.7261415,128.262953,2003-01-01 00:00:00,Y,불포함
47,김천남산종합의원,의원,시,경북,054-434-2111,054-434-7301,39596,경북 김천시,김천로 192(남산동),36.1238795,128.1117637,2010-01-01 00:00:00,Y,불포함
48,삼성연합의원,의원,시,경북,054-474-8575,054-474-8571,39431,경북 구미시,인동가산로 19길,36.0989172,128.4522122,2008-11-01 00:00:00,Y,불포함
49,울릉군보건의료원,의원,군,경북,054-790-6878,054-790-6879,40217,경북 울릉군,울릉읍 울릉순환로 396-18,37.4899374,130.8985208,1993-03-01 00:00:00,Y,포함
50,상주제일안과,의원,시,경북,054-536-7585,054-536-7586,37198,경북 상주시,상산로 251,36.4132887,128.1592496,2010-01-01 00:00:00,Y,불포함
51,진연합의원,의원,군,경북,054-832-7587,054-832-7586,37335,경북 의성군,의성읍 문소3길 109,36.35552,128.6938308,2010-11-01 00:00:00,Y,불포함
52,청송군보건의료원,의원,군,경북,054-873-7100,054-873-7108,37433,경북 청송군,청송읍 의료원길 19,36.4310601,129.0522753,1995-01-01 00:00:00,Y,불포함
53,태전정형외과연합의원,의원,구,대구,053-324-7585,053-324-7530,41462,대구시 북구,곡중앙대로 302,35.9121522,128.5489762,2008-11-01 00:00:00,Y,불포함
54,(의)삼백의료재단 상주성모병원,종합병원,시,경북,054-532-5001,054-531-0017,37179,경북 상주시,냉림서성길 7,36.420796,128.1599753,1993-03-01 00:00:00,Y,불포함
55,동국대학교 경주병원,종합병원,시,경북,054-748-9300,054-770-8501,38067,경북 경주시,동대로 87,35.8583073,129.1954409,2010-11-01 00:00:00,Y,불포함
56,동춘의료재단 문경제일병원,종합병원,시,경북,054-550-7706,054-552-5664,36986,경북 문경시,당교3길 25,36.5843256,128.1891835,1995-01-01 00:00:00,Y,불포함
57,순천향대학교 구미병원,종합병원,시,경북,054-468-9114,054-463-7504,39371,경북 구미시,1공단로 179(공단동),36.1040701,128.3843467,2002-01-01 00:00:00,Y,불포함
58,안동의료원,종합병원,시,경북,054-850-6451,054-858-6434,36694,경북 안동시,태사2길 55(북문동470),36.5681036,128.7318687,1993-03-01 00:00:00,Y,불포함
59,영남대학교부속 영천병원,종합병원,시,경북,054-338-9000,054-330-7580,38840,경북 영천시,오수1길 10(오수동),35.9579915,128.9131198,2000-07-01 00:00:00,Y,불포함
60,포항의료원,종합병원,시,경북,054-247-0551,054-247-4911,37688,경북 포항시,북구 용흥로 36,36.0350941,129.3544868,1993-03-31 00:00:00,Y,불포함
61,삼성연합의원(의성),의원,군,경북,054-861-5353,054-861-1231,37313,경북 의성군,안계면 안계길 171,36.3863022,128.4346149,2012-06-14 00:00:00,Y,불포함
62,건양대학교 부여병원,병원,군,충남,041-837-1200,041-837-1210,33169,충남 부여군,부여읍 계백로 200,36.275721,126.9010699,2003-02-01 00:00:00,Y,불포함
63,괴산성모병원,병원,군,충북,043-830-5405,043-834-3901,28027,충북 괴산군,괴산읍 임꺽정로 116,36.8154141,127.7842382,2011-01-03 00:00:00,Y,불포함
64,당진성모병원,병원,시,충남,041-351-0200,041-351-0220,31769,충남 당진시,당진중앙1로 43 (읍내동),36.8986377,126.6329937,2003-02-01 00:00:00,Y,불포함
65,정민의료재단 보은한양병원,병원,군,충북,043-544-1500,043-544-1100,28949,충북 보은군,보은읍 보은로 102,36.4832783,127.7182865,2002-09-01 00:00:00,Y,불포함
66,영동병원,병원,군,충북,043-740-9000,043-740-9001,29134,충북 영동군,영동읍 대학로 106,36.1852219,127.7810064,2008-12-05 00:00:00,Y,불포함
67,예산명지병원,병원,군,충남,041-335-2255,041-334-2255,32423,충남 예산군,예산읍 신례원로 26,36.7129157,126.833862,2006-09-11 00:00:00,Y,불포함
68,예일병원,병원,시,충남,041-571-7000,041-578-7511,31174,충남 천안시,서북구 충무로 129,36.7930172,127.1217545,2008-11-24 00:00:00,Y,불포함
69,(의)태성의료재단 제일조은병원,병원,군,충북,043-883-8800,043-877-4600,27627,충북 음성군,금왕읍 음성로1230번길 10,36.9974781,127.598521,2011-08-12 00:00:00,Y,불포함
70,서해병원,병원,군,충남,041-951-8282,041-951-8300,33635,충남 서천군,서천읍 서천로 184,36.0844803,126.6876312,2003-02-01 00:00:00,Y,불포함
71,(의)건명의료재단 중앙제일병원,종합병원,군,충북,043-533-1711,043-534-8898,27832,충북 진천군,진천읍 중앙북로 36,36.858312,127.4406201,2002-03-01 00:00:00,Y,불포함
72,충주시노인전문병원,요양병원,시,충북,043-855-9393,043-855-8866,27442,충북 충주시,동량면 충원대로 1398,37.0483971,127.9309571,2008-11-24 00:00:00,Y,불포함
73,고려병원,병원,시,충남,041-732-3489,041-732-2572,32951,충남 논산시,해월로 151,36.2043035,127.0836998,2010-01-01 00:00:00,Y,불포함
74,김봉천정형외과의원,의원,구,대전,042-541-4330,042-541-4333,35385,대전시 서구,계백로 1130 (가수원동),36.3023346,127.3521635,2010-01-01 00:00:00,Y,포함
75,서외과의원,의원,군,충북,043-742-1171,043-744-1839,29149,충북 영동군,영동읍 학산영동로 1241,36.173483,127.772942,2010-01-01 00:00:00,Y,불포함
76,이내과의원,의원,시,세종,044-865-3571,044-867-5825,30024,세종시,조치원읍 조치원로 31,36.5924922,127.2921328,2010-01-01 00:00:00,Y,불포함
77,청양군보건의료원,의원,군,충남,041-942-3401,041-940-4509,33324,충남 청양군,청양읍 칠갑산로7길 54,36.4551521,126.8049308,2003-03-01 00:00:00,Y,불포함
78,태안군보건의료원,의원,군,충남,041-671-5300,041-671-5218,32148,충남 태안군,태안읍 서해로 1952-16,36.7519439,126.3229392,2003-02-01 00:00:00,Y,불포함
79,건국대학교충주병원,종합병원,시,충북,043-840-8200,043-840-8964,27376,충북 충주시,국원대로 82 (교현동),36.9891443,127.9287458,2002-02-01 00:00:00,Y,불포함
80,공주의료원,종합병원,시,충남,041-962-1111,041-962-1219,32563,충남 공주시,웅진로 130,36.4518729,127.1248194,1997-11-01 00:00:00,Y,불포함
81,백제종합병원,종합병원,시,충남,041-733-2191,041-735-1639,32980,충남 논산시,시민로294번길 14,36.1923478,127.0943895,2000-07-01 00:00:00,Y,불포함
82,보령아산병원,종합병원,시,충남,041-930-5114,041-930-5133,33428,충남 보령시,죽성로 136,36.3805499,126.6232855,1998-01-01 00:00:00,Y,불포함
83,서산의료원,종합병원,시,충남,041-689-7000,041-689-8010,32001,충남 서산시,중앙로 149 (석림동),36.7844993,126.4503169,1998-01-01 00:00:00,Y,불포함
84,(의)힐링의료재단 옥천성모병원,종합병원,군,충북,043-730-7000,043-730-7100,29031,충북 옥천군,옥천읍 성왕로 1195,36.3137075,127.571949,1998-01-01 00:00:00,Y,불포함
85,홍성의료원,종합병원,군,충남,041-630-6114,041-630-6380,32232,충남 홍성군,홍성읍 조양로 224,36.5988023,126.6743322,1998-01-01 00:00:00,Y,불포함
86,365병원,병원,시,경남,055-248-0365,055-248-0362,51316,경남 창원시,마산회원구 3·15대로 686 (석전동),35.2300216,128.5802661,2011-11-10 00:00:00,Y,불포함
87,강병원,병원,군,경남,055-673-0101,055-672-5700,52942,경남 고성군,고성읍 중앙로 49,34.9741735,128.3252156,2010-06-01 00:00:00,Y,불포함
88,거창적십자병원,병원,군,경남,055-949-3332,055-943-7649,50132,경남 거창군,거창읍 중앙로 91,35.6866286,127.91002,1998-04-01 00:00:00,Y,불포함
89,구포부민병원,병원,구,부산,051-366-7000,051-366-7115,46504,부산시 북구,사상로 607,35.1982749,128.9906321,2010-01-01 00:00:00,Y,불포함
90,기장병원,병원,군,부산,051-712-7150,051-724-0171,46072,부산시 기장군,기장읍 대청로72번길 6,35.2358805,129.216446,2002-06-01 00:00:00,Y,불포함
91,남해병원,병원,군,경남,055-863-2201,055-860-6767,52417,경남 남해군,남해읍 화전로 169,34.846164,127.8943923,1998-04-01 00:00:00,Y,불포함
92,메트로병원,병원,시,경남,055-259-7700,055-259-7788,51370,경남 창원시,의창구 평산로219번길 3,35.2608147,128.6258478,2008-11-10 00:00:00,Y,불포함
93,반도병원,병원,시,경남,055-747-6000,055-743-2932,52758,경남 진주시,남강로 701,35.1917777,128.0881618,2008-11-20 00:00:00,Y,불포함
94,서귀포열린병원,병원,시,제주,064-762-8001,064-733-8006,63585,제주도 서귀포시,일주동로 8638 (동홍동),33.2523213,126.5723954,2010-01-01 00:00:00,Y,불포함
95,(의)에스엠씨의료재단 울산세민병원,병원,구,울산,052-292-2000,052-292-2019,44521,울산시 중구,학성로 184,35.556588,129.3309785,2008-11-10 00:00:00,Y,불포함
96,제주의료원,병원,시,제주,064-720-2222,064-724-2102,63243,제주도 제주시,산천단남길 10,33.4452709,126.5601453,2010-01-01 00:00:00,Y,불포함
97,중앙U병원,병원,구,부산,051-220-6304,051-292-1267,49371,부산시 사하구,감천로 59 (감천동),35.0842043,129.0096785,2011-12-01 00:00:00,Y,불포함
98,진해세광병원,병원,시,경남,055-540-3700,055-540-3711,51679,경남 창원시,진해구 중원동로 55-1,35.149786,128.6609432,2008-11-10 00:00:00,Y,포함
99,통영적십자병원,병원,시,경남,055-644-8901,055-645-8908,53061,경남 통영시,중앙로 97,34.8422443,128.419918,1998-04-01 00:00:00,Y,불포함
100,함양성심병원,병원,군,경남,055-963-4322,055-963-7689,50039,경남 함양군,함양읍 고운로 70,35.5208588,127.7302425,1998-04-01 00:00:00,Y,불포함
101,행복한병원,병원,시,경남,055-391-0090,055-391-0085,50460,경남 밀양시,하남읍 수산중앙로 56-2,35.3746864,128.7113696,2010-01-01 00:00:00,Y,불포함
102,푸른요양병원,요양병원,시,경남,055-270-8888,055-270-8886,51409,경남 창원시,의창구 창원천로94번길 82-18 (대원동),35.2378719,128.6573817,2008-11-10 00:00:00,Y,포함
103,복음의원,의원,군,경남,055-573-9977,055-573-9976,52149,경남 의령군,의령읍 충익로 23-6,35.3182881,128.2619126,2007-09-01 00:00:00,Y,불포함
104,수도의원,의원,구,부산,051-416-4031,051-418-9292,49057,부산시 영도구,태종로 160,35.0934178,129.0461788,2008-11-10 00:00:00,Y,불포함
105,청송의원,의원,군,경남,055-973-5422,055-973-8926,52222,경남 산청군,산청읍 웅석봉로 18,35.4156319,127.8758824,2009-03-02 00:00:00,Y,불포함
106,대우병원,종합병원,시,경남,055-680-8114,055-680-8412,53317,경남 거제시,두모길 16,34.8722413,128.7217033,1998-04-01 00:00:00,Y,불포함
107,마산의료원,종합병원,시,경남,055-249-1000,055-249-1036,51264,경남 창원시,마산합포구 3·15대로 231,35.1988953,128.566271,2000-07-01 00:00:00,Y,불포함
108,서귀포의료원,종합병원,시,제주,064-730-3160,064-733-4320,63585,제주도 서귀포시,장수로 47,33.2560963,126.5630644,1998-04-01 00:00:00,Y,불포함
109,서울산보람병원,종합병원,군,울산,052-255-7114,052-255-7100,44948,울산시 울주군,삼남읍 중평로 53,35.5596168,129.1205746,2007-02-01 00:00:00,Y,불포함
110,울산병원,종합병원,구,울산,052-259-5133,052-259-5145,44686,울산시 남구,월평로171번길 13,35.546209,129.3230784,1998-04-01 00:00:00,Y,불포함
111,제주대학교병원,종합병원,시,제주,064-717-1123,064-717-1029,63241,제주도 제주시,아란13길 15,33.4670429,126.5457558,2002-01-01 00:00:00,Y,불포함
112,제주한라병원,종합병원,시,제주,064-740-5342,064-740-5676,63127,제주도 제주시,도령로 65 (연동),33.4893203,126.4821751,2001-03-01 00:00:00,Y,불포함
113,연세에스병원,종합병원,시,경남,055-548-7700,055-542-0174,51659,경남 창원시,진해구 해원로32번길 13,35.1545448,128.6983452,2008-02-01 00:00:00,Y,불포함
114,원주세브란스기독병원,3차병원,시,강원,033-741-0114,033-741-1190,26426,강원도 원주시,일산로 20,37.348469,127.9451839,1991-10-17 00:00:00,Y,불포함
115,인제대학교 일산백병원,종합병원,시,경기,031-910-7114,031-910-7542,10380,경기도 고양시,일산서구 주화로 170,37.6742288,126.750367,2000-07-01 00:00:00,Y,불포함
116,강화병원,병원,군,인천,032-930-8151,032-933-8155,23025,인천시 강화군,강화읍 강화대로312번길 11,37.7433105,126.4954153,1991-01-01 00:00:00,Y,포함
117,근로복지공단 정선병원,병원,군,강원,033-560-7100,033-562-8110,26129,강원도 정선군,정선읍 봉양1길 145,37.3830173,128.6587563,2002-06-01 00:00:00,Y,포함
118,메디힐병원,병원,구,서울,02-2604-7551,02-2690-7575,7905,서울시 양천구,남부순환로 331 (신월동),37.5373069,126.8277244,2009-06-01 00:00:00,Y,불포함
119,사랑의병원,병원,구,서울,02-880-0114,02-880-0111,8789,서울시 관악구,남부순환로 1860 (봉천동),37.4837388,126.9426971,2009-01-01 00:00:00,Y,불포함
120,새서울연합의원,의원,구,서울,02-930-5858,02-933-0596,1625,서울시 노원구,동일로 1678 (상계동),37.6587474,127.0635414,2009-01-01 00:00:00,Y,불포함
121,아가페의료재단 시티병원,병원,시,경기,031-340-0114,031-346-2888,16060,경기도 의왕시,오전천로 29,37.3502461,126.9767752,2003-01-03 00:00:00,Y,불포함
122,양주예쓰병원,병원,시,경기,031-825-5000,031-825-0073,11451,경기도 양주시,회정로 103,37.8377357,127.0645178,2003-02-01 00:00:00,Y,불포함
123,양평병원,병원,군,경기,031-770-5000,031-770-5555,12550,경기도 양평군,양평읍 중앙로 129,37.4939802,127.5033376,1998-06-21 00:00:00,Y,불포함
124,원병원,병원,시,경기,031-590-3114,031-593-7985,12179,경기도 남양주시,화도읍 경춘로 1943-16,37.6518762,127.3043556,2003-04-01 00:00:00,Y,불포함
125,(의)영등포병원,병원,구,서울,02-2632-0013,02-2632-0722,7256,서울시 영등포구,당산로31길 10 (당산동3가),37.5268013,126.8959163,2009-01-01 00:00:00,Y,불포함
126,인성병원,병원,시,강원,033-253-3030,033-259-8107,24272,강원도 춘천시,금강로 39,37.8814112,127.7265589,2008-12-01 00:00:00,Y,불포함
127,인제고려병원,병원,군,강원,033-461-0088,033-463-2525,24635,강원도 인제군,인제읍 비봉로15번길 4,38.0678676,128.1733988,2002-07-03 00:00:00,Y,포함
128,인천광역시의료원 백령병원,병원,군,인천,032-836-1731,032-836-0118,23101,인천시 옹진군,백령면 백령로 233,37.9728415,124.718271,1998-02-01 00:00:00,Y,포함
129,HJ매그놀리아국제병원,병원,군,경기,031-589-4300,031-589-4494,12461,경기도 가평군,설악면 미사리로 267-177,37.6908251,127.5216892,2010-01-01 00:00:00,Y,포함
130,햇살병원,병원,시,경기,031-791-7330,031-795-0013,12968,경기도 하남시,신평로 51 (신장동),37.5464019,127.209475,2003-01-07 00:00:00,Y,불포함
131,현대유비스병원,종합병원,구,인천,032-890-5551,032-888-7272,22173,인천시 미추홀구,독배로 503 (숭의동),37.450671,126.6473763,2009-01-01 00:00:00,Y,불포함
132,현대중앙병원,병원,시,강원,033-747-1199,033-742-3901,26342,강원도 원주시,상지대길 23,37.3691652,127.938878,2010-01-01 00:00:00,Y,불포함
133,횡성대성병원,병원,군,강원,033-343-0901,033-344-1199,25240,강원도 횡성군,횡성읍 횡성로 275,37.4783172,127.9797883,2002-02-01 00:00:00,Y,불포함
134,봄날요양병원,요양병원,구,인천,032-464-9101,032-438-9102,21588,인천시 남동구,인주대로 806 (구월동),37.4492944,126.7252472,2009-01-01 00:00:00,Y,불포함
135,(의)유라의료재단 온누리요양병원,요양병원,구,서울,02-919-2700,02-912-8088,2775,서울시 성북구,"화랑로 271 (장위동, 동원베네스트)",37.6052866,127.0403349,2009-01-01 00:00:00,Y,불포함
136,가평성모의원,의원,군,경기,031-582-1833,031-582-1722,12420,경기도 가평군,가평읍 가화로 75,37.8264472,127.5148617,2003-02-15 00:00:00,Y,포함
137,김내과의원,의원,구,서울,02-703-2226,02-716-2226,4318,서울시 용산구,백범로 51길 6,37.5397381,126.960719,2006-01-01 00:00:00,Y,불포함
138,김일중내과의원,의원,구,서울,02-3473-1356,02-3472-2804,6727,서울시 서초구,효령로 396 (서초동),37.4855461,127.0118012,2006-01-01 00:00:00,Y,불포함
139,박상수내과의원,의원,구,서울,02-332-5460,02-334-5462,4072,서울시 마포구,독막로 22 (합정동),37.5467114,126.9328565,2006-01-01 00:00:00,Y,불포함
140,밝은미래안과,의원,구,서울,02-939-3075,02-934-3075,1674,서울시 노원구,동일로 1548 (상계동),37.6587474,127.0635414,2010-01-01 00:00:00,Y,불포함
141,노원삼성드림이비인후과의원,의원,구,서울,02-935-1365,02-935-7365,1751,서울시 노원구,노해로 482 (상계동),37.654609,127.0647926,2010-01-01 00:00:00,Y,불포함
142,양양정형외과,의원,군,강원,033-672-6722,033-672-6662,25031,강원도 양양군,양양읍 양양로 9-1,38.078381,128.6271749,2006-03-01 00:00:00,Y,불포함
143,어비뇨기과,의원,구,서울,02-930-0131,02-930-0104,1762,서울시 노원구,동일로 1401 (상계동),37.6676631,127.0580695,2010-01-01 00:00:00,Y,불포함
144,연세조내과의원,의원,구,서울,02-803-2134,02-809-5786,8628,서울시 금천구,"시흥대로 224,  4층",37.4537081,126.9015364,2006-01-01 00:00:00,Y,불포함
145,연천군보건의료원,의원,군,경기,031-839-4001,031-839-4191,11027,경기도 연천군,전곡읍 은대성로 95,38.0233652,127.0612435,2001-03-01 00:00:00,Y,불포함
146,윤문수비뇨기과의원,의원,구,서울,02-2069-0221,02-2069-0222,7250,서울시 영등포구,영중로 46 (영등포동5가),37.5293163,126.9051438,2010-01-01 00:00:00,Y,불포함
147,퇴촌중앙의원,의원,시,경기,031-766-6211,031-766-6256,12711,경기도 광주시,퇴촌면 광동로 73-8,37.4708129,127.3108802,2010-01-01 00:00:00,Y,불포함
148,평창군보건의료원,의원,군,강원,033-332-4000,033-330-4809,25377,강원도 평창군,평창읍 종부로 61,37.3607053,128.3890248,2006-03-01 00:00:00,Y,불포함
149,한양그린내과의원,의원,구,서울,02-379-3377,02-379-3378,3629,서울시 서대문구,통일로 442 (홍제동),37.5830596,126.9475271,2006-01-01 00:00:00,Y,불포함
150,현대중앙의원,의원,구,서울,02-2244-9600,02-2244-9601,2539,서울시 동대문구,사가정로 110 (전농동),37.5770904,127.0618216,2006-01-01 00:00:00,Y,불포함
151,화천군보건의료원,의원,군,강원,033-442-4424,033-440-2899,24119,강원도 화천군,화천읍 강변로 111,38.1075314,127.7091133,2003-02-01 00:00:00,Y,포함
152,제이씨빛소망안과,의원,구,서울,02-785-1068,02-6334-1100,7321,서울시 영등포구,국제금융로 6길 33 6층,37.5207606,126.926893,2010-01-01 00:00:00,Y,불포함
153,강릉동인병원,종합병원,시,강원,033-651-6167,033-652-4276,25478,강원도 강릉시,강릉대로419번길 42,37.7743397,128.9070484,1987-04-01 00:00:00,Y,불포함
154,강원대학교병원,종합병원,시,강원,033-258-2000,033-258-2296,24289,강원도 춘천시,백령로 156 (효자동),37.8700116,127.7404975,1999-01-01 00:00:00,Y,불포함
155,경기도립의료원 포천병원,종합병원,시,경기,031-539-9114,031-539-9137,11142,경기도 포천시,포천로 1648,37.9031637,127.1981229,1999-12-22 00:00:00,Y,불포함
156,경기도립의료원 수원병원,종합병원,시,경기,031-888-0114,031-888-0588,16316,경기도 수원시,장안구 수성로245번길 69,37.2920141,126.996646,1991-01-01 00:00:00,Y,불포함
157,경기도의료원 안성병원,종합병원,시,경기,031-8046-5000,031-8046-5566,17572,경기도 안성시,고수2로 17 (당왕동),37.0148856,127.2564024,2003-01-09 00:00:00,Y,불포함
158,경기도립의료원 의정부병원,종합병원,시,경기,031-828-5000,031-828-5021,11671,경기도 의정부시,흥선로 142,37.7410385,127.0425242,1992-10-01 00:00:00,Y,불포함
159,경기도의료원 파주병원,종합병원,시,경기,031-940-9100,031-944-0909,10922,경기도 파주시,중앙로 207 (금촌동),37.7568413,126.7794836,2002-10-15 00:00:00,Y,불포함
160,광명성애병원,종합병원,시,경기,02-2680-7114,02-2680-7755,14241,경기도 광명시,디지털로 36 (철산동),37.4731549,126.8689551,2002-05-16 00:00:00,Y,불포함
161,근로복지공단 태백병원,종합병원,시,강원,033-580-3114,033-581-6394,26052,강원도 태백시,보드미길 8,37.1034236,129.005278,1987-04-01 00:00:00,Y,불포함
162,김포우리병원,종합병원,시,경기,031-999-1231,031-999-1960,10099,경기도 김포시,감암로 11,37.6323493,126.7107705,2002-08-01 00:00:00,Y,불포함
163,(의)영문의료재단 다보스병원,종합병원,시,경기,031-8021-2114,031-8021-2009,17063,경기도 용인시,처인구 백옥대로1082번길 18,37.2314675,127.2113666,2011-02-14 00:00:00,Y,불포함
164,동수원병원,종합병원,시,경기,031-210-0114,031-210-0140,16494,경기도 수원시,팔달구 중부대로 165 (우만동),37.2780981,127.0363884,2003-03-03 00:00:00,Y,불포함
165,동해동인병원,종합병원,시,강원,033-530-0114,033-533-6119,25751,강원도 동해시,하평로 26,37.5301401,129.1073994,1991-10-17 00:00:00,Y,불포함
166,부평세림병원,종합병원,구,인천,032-509-5750,032-509-5768,21364,인천시 부평구,부평대로 175,37.5073304,126.7189172,2001-08-16 00:00:00,Y,불포함
167,삼척의료원,종합병원,시,강원,033-572-1141,033-573-8425,25920,강원도 삼척시,오십천로 418 (남양동),37.4377597,129.1614146,2001-03-01 00:00:00,Y,불포함
168,안양샘병원,종합병원,시,경기,031-467-9114,031-467-9198,14030,경기도 안양시,만안구 삼덕로 9,37.3934995,126.9245371,2006-10-01 00:00:00,Y,불포함
169,서울적십자병원,종합병원,구,서울,02-2002-8000,02-2002-8855,3181,서울시 종로구,새문안로 9 (평동),37.5671402,126.9670566,2002-10-01 00:00:00,Y,불포함
170,성남중앙병원,종합병원,시,경기,031-743-3000,031-799-5257,13161,경기도 성남시,중원구 산성대로476번길 12,37.4527005,127.1620743,2003-03-03 00:00:00,Y,불포함
171,센트럴병원,종합병원,시,경기,031-8041-3000,031-8041-3045,15079,경기도 시흥시,공단1대로 237,37.3367245,126.7281671,2009-01-01 00:00:00,Y,불포함
172,속초의료원,종합병원,시,강원,033-630-6000,033-630-6004,24821,강원도 속초시,영랑호반길 3,38.2164098,128.5885347,1991-08-01 00:00:00,Y,불포함
173,영월의료원,종합병원,군,강원,033-370-9101,033-370-9118,26234,강원도 영월군,영월읍 중앙1로 59,37.1865308,128.4651096,1987-04-01 00:00:00,Y,포함
174,용인강남병원,종합병원,시,경기,031-300-0114,031-282-2607,17064,경기도 용인시,기흥구 중부대로 411 (신갈동),37.2824324,127.1097149,2002-02-01 00:00:00,Y,불포함
175,(의)인성의료재단 한림병원,종합병원,구,인천,032-540-9114,032-556-9114,21079,인천시 계양구,장제로 722 (작전동),37.5639623,126.7342231,2009-07-01 00:00:00,Y,불포함
176,인천광역시의료원,종합병원,구,인천,032-580-6000,032-580-6585,22532,인천시 동구,방축로 217,37.484578,126.6547403,1990-04-01 00:00:00,Y,불포함
177,철원병원,병원,군,강원,033-452-5011,033-452-5014,24034,강원도 철원군,갈말읍 명성로 208,38.1502529,127.3077345,1999-12-22 00:00:00,Y,포함
178,화성중앙병원,종합병원,시,경기,031-352-8114,031-352-7587,18592,경기도 화성시,향남읍 발안로 5,37.1313154,126.9107719,2006-02-20 00:00:00,Y,불포함
179,금산365의원,의원,군,충남,041-754-9365,041-754-9360,32737,충남 금산군,금산읍 후곤천길 56,36.1061401,127.4881139,2012-02-10 00:00:00,Y,불포함
180,이신경외과의원,의원,군,충남,041-674-6006,041-674-3401,32143,충남 태안군,태안읍 동문1길 15,36.7497112,126.3019893,2012-02-01 00:00:00,Y,불포함
181,손장원정형외과의원,의원,구,서울,02-872-3900,02-887-4771,8745,서울시 관악구,관악로 203 2층,37.4834632804301,126.953765637256,2021-08-01 00:00:00,Y,불포함
182,순천성가롤로병원,종합병원,시,전남,061-720-2000,061-720-2104,57931,전남 순천시,순광로 221,34.9642662,127.5428763,2013-01-01 00:00:00,Y,불포함
183,메디홀스요양병원,요양병원,시,경기,032-667-0100,032-656-0453,14727,경기도 부천시,소사구 경인로 110번길 14,37.483186,126.7674836,2013-01-08 00:00:00,Y,불포함
184,명지의료재단 명지병원,종합병원,시,충북,043-640-8114,043-640-8384,27170,충북 제천시,내토로 991,37.1392727,128.2071427,2013-01-01 00:00:00,Y,불포함
185,홍천아산병원,종합병원,군,강원,033-430-5151,033-430-5616,25131,강원도 홍천군,홍천읍 산림공원1길 17,37.6906658,127.8946511,2013-01-15 00:00:00,Y,불포함
186,강서힘찬병원,병원,구,서울,1899-2228,02-3660-1128,7591,서울시 강서구,강서로56길 38 (등촌동),37.5591521,126.8406563,2013-02-12 00:00:00,Y,불포함
187,서울신경외과의원,의원,시,충남,041-352-2166,041-352-2168,31770,충남 당진시,계성3길 31-4 (읍내동),36.8986377,126.6329937,2013-03-11 00:00:00,Y,불포함
188,부산성소병원,병원,구,부산,051-633-1123,051-634-0101,48453,부산시 남구,수영로 175 (대연동),35.1360604,129.0864465,2013-12-01 00:00:00,Y,불포함
189,공정형외과의원,의원,군,충남,041-952-0788,041-952-0784,33642,충남 서천군,서천읍 충절로59번길 31-7,36.0763135,126.6894488,2014-04-01 00:00:00,Y,불포함
190,(의)라움의료재단 세웅병원,병원,구,부산,051-500-9700,051-500-9393,46327,부산시 금정구,서동로 162,35.214399,129.1040842,2014-05-01 00:00:00,Y,불포함
191,신세계요양병원,요양병원,시,경남,055-365-6666,055-365-6630,50540,경남 양산시,월라2길 45,35.3648266,129.1505559,2014-07-15 00:00:00,Y,불포함
192,예담정형외과의원,의원,구,서울,02-335-2500,02-335-2520,4072,서울시 마포구,독막로 22 (합정동),37.5467114,126.9328565,2014-11-17 00:00:00,Y,불포함
193,김광석외과의원,의원,시,충남,042-841-4411,042-841-4418,32804,충남 계룡시,엄사면 번영로 14,36.28825,127.2435529,2014-11-24 00:00:00,Y,불포함
194,진주제일병원,종합병원,시,경남,055-750-7123,055-750-7128,52709,경남 진주시,진주대로 885,35.1793942,128.0899721,2015-01-01 00:00:00,Y,불포함
195,동두천중앙성모병원,병원,시,경기,031-863-0550,031-861-6878,11326,경기도 동두천시,동광로 53,37.9088551,127.053944,2015-01-01 00:00:00,Y,불포함
196,(의)성하의료재단 누가병원,병원,시,전북,063-450-0904,063-450-0903,54076,전북 군산시,백릉로 70,35.9750726,126.73353,2015-04-01 00:00:00,Y,불포함
197,소안면 보건지소,의원,군,전남,061-550-6861,061-550-6869,59140,전남 완도군,소안면 소안로 213-1 소안면보건지소,34.1719923,126.6527272,2015-04-01 00:00:00,Y,포함
198,맑은샘병원,종합병원,시,경남,055-736-1004,055-731-1222,53209,경남 거제시,연초면 거제대로 4477,34.9096602,128.6555797,2015-04-01 00:00:00,Y,불포함
199,효성병원,종합병원,시,충북,043-221-5000,043-221-5010,28736,충북 청주시,상당구 쇠내로 16,36.6244467,127.4955285,2015-04-08 00:00:00,Y,불포함
200,더플러스병원,병원,시,경기,031-763-7582,031-761-0741,12758,경기도 광주시,경안로 40,37.4095535,127.2561902,2015-05-01 00:00:00,Y,불포함
201,경북도립경산노인전문요양병원,요양병원,시,경북,053-819-0700,053-816-3305,38646,경북 경산시,경안로 23-10,35.8291168,128.734837,2015-05-18 00:00:00,Y,불포함
202,양구성심병원,병원,군,강원,033-480-8800,033-480-8808,24545,강원도 양구군,양구읍 중심로 160,38.1045016,127.9911494,2015-10-14 00:00:00,Y,불포함
203,세브란의원,의원,군,강원,033-682-7755,033-682-7722,24715,강원도 고성군,거진읍 거진시장길 11,38.4475128,128.4547501,2015-12-01 00:00:00,Y,불포함
204,21세기내과의원,의원,시,경기,031-847-8600,031-847-8275,11492,경기도 양주시,고읍남로 6,37.7956094,127.0801064,2016-01-01 00:00:00,Y,불포함
205,마디정형외과의원,의원,구,울산,052-235-5858,052-235-8400,44077,울산시 동구,방어진순환도로 577,35.4934985,129.4264937,2016-01-01 00:00:00,Y,불포함
206,김형근예병원,병원,시,경기,031-421-7575,031-423-9405,431-810,경기도 안양시,"동안구 관악대로 458 (관양동, 서진빌딩)",37.4018045,126.9554341,2016-02-01 00:00:00,Y,불포함
207,송원요양병원,요양병원,시,충북,043-856-3501,043-843-3504,27462,충북 충주시,주덕읍 신양로 62,36.9717142,127.7941216,2016-06-15 00:00:00,Y,불포함
208,권경수내과의원,의원,구,서울,02-2685-6612,02-2685-6613,8276,서울시 구로구,경인로 40길 11,37.4953627,126.8587916,2016-07-01 00:00:00,Y,불포함
209,아산충무병원,종합병원,시,충남,041-536-6666,,336-801,충남 아산시,문화로 381 (모종동),36.7827986,127.0197926,2016-07-13 00:00:00,Y,불포함
210,연세메디하임병원,병원,시,강원,033-740-8800,033-746-0078,220-801,강원도 원주시,원문로 1419 (연세메디하임),37.3025455,127.8089145,2016-08-01 00:00:00,Y,불포함
211,성심중앙병원,병원,시,경기,031-681-1118,031-681-0271,17936,경기도 평택시,안현로서6길 16 (성심중앙병원),36.9839206786025,126.928402880654,2016-09-01 00:00:00,Y,불포함
212,김제우석병원,병원,시,전북,063-540-5159,063-540-5244,54372,전북 김제시,서암4길 45 (서암동),35.8073551,126.8802411,2016-11-01 00:00:00,Y,불포함
213,영암내과의원,의원,군,전남,061-472-0055,061-472-9500,58416,전남 영암군,중앙로 34 영암내과,34.7991107,126.6976378,2016-12-01 00:00:00,Y,불포함
214,중앙요양병원,요양병원,시,경북,054-773-8500,054-773-3383,38156,경북 경주시,금성로 281 (성건동),35.8440616,129.2063607,2016-12-12 00:00:00,Y,불포함
215,세종여주병원,종합병원,시,경기,031-880-7700,031-885-6677,12618,경기도 여주시,"청심로 47 (하동, 여주고려병원)",37.3015262,127.6260876,2017-01-01 00:00:00,Y,불포함
216,서울안과,의원,군,경남,055-882-2075,055-882-3075,52325,경남 하동군,하동읍 중앙로 15 2층(경남은행),35.070488,127.7506019,2017-01-01 00:00:00,Y,불포함
217,하동중앙의원,의원,군,경남,055-883-0222,055-884-0021,52324,경남 하동군,연화길 6 하동중앙내과정형외과의원,35.0713769,127.7532405,2017-01-01 00:00:00,Y,불포함
218,창원파티마병원,종합병원,시,경남,055-270-1109,055-265-2924,51394,경남 창원시,"의창구 창이대로 45 (명서동, 창원파티마병원)",35.2373176,128.6459024,2017-01-01 00:00:00,Y,불포함
219,김종웅내과의원,의원,구,서울,02-455-4038,02-3437-1437,4949,서울시 광진구,"용마산로 44 (중곡동, 삼경빌딩)",37.5575847,127.0881598,2017-01-16 00:00:00,Y,불포함
220,청주현대병원,병원,시,충북,043-237-2114,043-234-2681,28363,충북 청주시,"흥덕구 비하로 65 (비하동, 현대병원)",36.6328867,127.424581,2017-03-01 00:00:00,Y,불포함
221,울산시티병원,종합병원,구,울산,052-280-9101,052-280-9111,683-804,울산시 북구,산업로 1007,35.582894,129.3588552,2016-06-01 00:00:00,Y,불포함
222,진안군의료원,병원,군,전북,063-430-7000,063-430-7002,55422,전북 진안군,진안읍 진무로 1145,35.7952051289983,127.435602049331,2017-04-01 00:00:00,Y,불포함
223,서울드림의원,의원,군,강원,033-433-3354,033-340-4841,25136,강원도 홍천군,홍천읍 신장대로 47-1,37.6903254,127.881519,2017-03-29 00:00:00,Y,불포함
224,호성전주병원,병원,시,전북,063-240-8800,063-244-8500,54902,전북 전주시,덕진구 동부대로 895 (호성동1가) 호성전주병원,35.8654304,127.1479175,2017-05-22 00:00:00,Y,불포함
225,큰마디큰병원,병원,시,경북,054-700-0119,054-700-0100,38153,경북 경주시,원화로 312(성동동) 큰마디병원,35.8441723,129.2150584,2017-06-01 00:00:00,Y,불포함
226,서울으뜸정형외과의원,의원,구,서울,02-807-0111,02-896-0111,8559,서울시 금천구,독산로 210 (독산동) K빌딩 2층 (독산동1038-28),37.4657313,126.9023778,2017-05-15 00:00:00,Y,불포함
227,(의)상원의료재단 부산힘찬병원,병원,구,부산,051-559-0120,051-559-0128,47813,부산시 동래구,충렬대로 255 (수안동),35.2013098,129.0871909,2017-06-01 00:00:00,Y,불포함
228,신풍내과의원,의원,구,서울,02-831-1585,02-831-1586,7437,서울시 영등포구,신길로 28 (신길동) 4층 김종률내과의원,37.4951557,126.9090763,2017-09-25 00:00:00,Y,불포함
229,해남한국병원,병원,군,전남,061-530-3000,061-530-3054,59040,전남 해남군,해남읍 중앙2로 123 해남한국병원,34.5668629945197,126.59712300099,2018-01-01 00:00:00,Y,불포함
230,광명새움병원,병원,시,경기,1661-6888,02-6924-8318,14316,경기도 광명시,오리로 518 (소하동) 대교빌딩 4층 광명새움병원,37.446937,126.8812344,2018-01-08 00:00:00,Y,불포함
231,본서부병원,병원,구,서울,02-3156-5000,02-3156-5021,3460,서울시 은평구,은평로 133 (응암동) 본서부병원,37.600696,126.9225682,2018-02-01 00:00:00,Y,불포함
232,아이비이비인후과의원,의원,구,서울,02-784-7533,02-784-7533,7333,서울시 영등포구,"국제금융로 86 (여의도동, 롯데캐슬 아이비) 216호 아이비이비인후과",37.5199093,126.9317832,2018-01-29 00:00:00,Y,불포함
233,박원종내과의원,의원,시,경기,031-996-3722,031-996-3723,10018,경기도 김포시,통진읍 김포대로2230번길 21-3 박원종내과의원,37.6906411,126.5986924,2018-02-07 00:00:00,Y,포함
234,참사랑의원,의원,군,경남,055-583-1929,055-583-1928,50246,경남 함안군,가야읍 중앙남1길 34,35.2761445,128.4072079,2018-03-19 00:00:00,Y,불포함
235,무척조은병원,병원,시,경기,031-954-1400,031-954-1331,10816,경기도 파주시,문산읍 방촌로 1675-20,37.8639482,126.7809311,2018-03-05 00:00:00,Y,포함
236,새롬재활요양병원(의료법인유천의료재단),요양병원,군,경남,055-580-5800,055-587-5850,52027,경남 함안군,칠원읍 예곡1길 13 새롬재활요양병원,35.2757588834831,128.533318338455,2018-03-19 00:00:00,Y,불포함
237,박정빈외과의원,의원,시,강원,033-648-0080,033-648-2900,25532,강원도 강릉시,경강로 2109 (임당동) 문선빌딩 3층,37.7556751,128.8971823,2018-06-01 00:00:00,Y,불포함
238,이명호내과의원,의원,시,강원,033-645-7747,033-645-7748,25515,강원도 강릉시,솔올로5번길 40 (교동) 엘림빌딩2층,37.7638435,128.8755235,2018-06-01 00:00:00,Y,불포함
239,여수전남병원,종합병원,시,전남,061-640-7575,061-640-7260,59718,전남 여수시,좌수영로 49 (광무동) (광무동120-1) 원무부,34.7451209,127.7281943,2018-10-22 00:00:00,Y,불포함
240,다인병원,병원,시,경기,031-8014-1300,031-273-9635,16221,경기도 수원시,장안구 창룡대로 159 (연무동) 다인병원,37.2919224,127.0275236,2018-10-29 00:00:00,Y,불포함
241,하나안과의원,의원,군,전남,061-471-2007,061-471-2006,58418,전남 영암군,영암읍 동문로 5 하나안과의원,34.7961573,126.7023854,2018-11-01 00:00:00,Y,불포함
242,바로본병원,병원,구,대구,1644-8575,053-721-8571,41267,대구시 동구,국채보상로 769,35.8684223,128.615182,2018-11-15 00:00:00,Y,불포함
243,(의)자운의료재단강남요양병원,요양병원,시,경기,031-311-0700,031-696-5447,14950,경기도 시흥시,"수인로3325번길 10 (신천동, 우명프라자) 우명프라자3층",37.4381992,126.7882135,2018-11-12 00:00:00,Y,불포함
244,효성시티병원,병원,구,부산,051-709-3000,051-783-2929,48055,부산시 해운대구,해운대로 135(재송동),35.1851923,129.1214655,2018-12-01 00:00:00,Y,불포함
245,서울본내과의원,의원,구,서울,02-3143-2220,02-3143-0078,4032,서울시 마포구,양화로 133 (서교동) 서교타워빌딩 5층,37.555231,126.9209827,2019-02-01 00:00:00,Y,불포함
246,경기도의료원 이천병원,종합병원,시,경기,031-639-4800,031-639-4955,467-020,경기도 이천시,"경충대로 2742 (관고동, 경기도립의료원이천병원)",37.2828228,127.4332382,2019-02-01 00:00:00,Y,불포함
247,성모윌병원,병원,시,경기,1833-7512,031-751-2076,13313,경기도 성남시,수정구 성남대로 1171 (수진동) 성모윌병원,37.4344481,127.1282865,2019-02-01 00:00:00,Y,불포함
248,원광대학교 산본병원,종합병원,시,경기,031-390-2300,031-390-2244,15865,경기도 군포시,산본로 321,37.3594127,126.9336032,2019-03-01 00:00:00,Y,불포함
249,완도소안의원,의원,군,전남,061-554-8119,061-553-4336,537-831,전남 완도군,소안면 비자리 소안비자1186-47,34.1733124,126.649687,2019-03-01 00:00:00,Y,포함
250,한솔의원,의원,군,전북,063-262-0034,063-262-0035,55311,전북 완주군,고산면 고산로 81 2층,35.9752513,127.2059405,2019-04-01 00:00:00,Y,불포함
251,노병연내과의원,의원,시,충북,043-644-6670,043-644-6671,27165,충북 제천시,의림대로 153 (의림동) 3층,37.141406,128.2120266,2019-05-13 00:00:00,Y,불포함
252,서울나은병원,병원,구,서울,1544-6003,02-6714-9600,2571,서울시 동대문구,왕산로 137 (제기동) 서울나은병원,37.5785692,127.0387314,2019-06-15 00:00:00,Y,불포함
253,영덕아산병원,병원,군,경북,054-730-0114,054-730-0170,36408,경북 영덕군,영해면 영덕로 1621,36.5236797,129.4023434,2019-06-10 00:00:00,Y,불포함
254,건강한성심의원,의원,구,서울,02-437-6152,02-437-6153,2165,서울시 중랑구,용마산로 503 (망우동) 성심빌딩 2.3.4.5층,37.5961113,127.0999204,2019-07-01 00:00:00,Y,불포함
255,조은오산병원,병원,시,경기,1544-5355,031-373-1375,18136,경기도 오산시,오산로 307 조은오산병원,37.154202,127.0682016,2019-08-01 00:00:00,Y,불포함
256,좋은선린요양병원,요양병원,시,경북,054-245-6000,054-245-6110,37726,경북 포항시,북구 대신로 27 (대신동) 좋은선린요양병원,36.046507,129.3666959,2019-11-01 00:00:00,Y,불포함
257,신내과의원,의원,구,울산,052-252-9477,052-252-9478,44067,울산시 동구,방어진순환도로 651 (일산동) 3층,35.4999961,129.4282505,2020-01-01 00:00:00,Y,불포함
258,의료법인지평의료재단 메가병원,병원,시,경남,055-903-9000,055-903-9353,51004,경남 김해시,계동로 237 (대청동) 메가병원,35.1913311,128.8038856,2020-01-01 00:00:00,Y,불포함
259,(의)희경의료재단 성베드로병원,병원,시,경기,1544-1131,031-843-8490,11686,경기도 의정부시,평화로 622 (의정부동) 성베드로병원,37.74751557,127.0458566,2020-03-01 00:00:00,Y,불포함
260,나주비뇨기과의원,의원,시,전남,061-334-8822,061-334-8823,58251,전남 나주시,영산로 5419 (성북동) 신관3층 나주비뇨기과의원,35.0367447,126.7215616,2020-03-09 00:00:00,Y,불포함
261,(의)승연의료재단 삼천포서울병원,병원,시,경남,055-835-9900,055-833-1568,664-831,경남 사천시,남일로 33,34.933109,128.0801401,2020-04-06 00:00:00,Y,불포함
262,비에스종합병원,종합병원,군,인천,032-290-0001,032-290-0309,23037,인천시 강화군,강화읍 충렬사로 31 비에스종합병원,37.7360645,126.4857296,2020-04-16 00:00:00,Y,포함
263,연세빛가정의학과의원,의원,시,경남,055-382-7119,055-382-7118,50614,경남 양산시,물금읍 증산역로 152,35.3093,129.0063,2020-05-11 00:00:00,Y,불포함
264,(의)용성의료재단 삼성합천병원,병원,군,경남,055-933-2200,055-933-3322,50231,경남 합천군,합천읍 대야로 876 삼성합천병원,35.5664697,128.1633342,2020-05-11 00:00:00,Y,불포함
265,상명내과의원,의원,군,강원,033-672-8712,033-671-8711,25022,강원도 양양군,양양읍 양양로 62-1 2층 상명내과의원,38.0755132,128.6222144,2020-06-01 00:00:00,Y,불포함
266,탑내과의원,의원,시,경기,031-502-8833,031-502-9779,13835,경기도 과천시,"별양로 12 (원문동, 래미안 슈르) 래미안슈르상가 B동 3층",37.4230461,126.9935217,2020-06-01 00:00:00,Y,불포함
267,윤석주내과의원,의원,시,경기,031-843-3000,031-843-3011,11693,경기도 의정부시,"호국로 1336 (의정부동) 5,6,7 층 윤석주내과",37.7440644,127.0523609,2020-06-01 00:00:00,Y,불포함
268,보강재활의학과의원,의원,구,부산,051-851-8275,051-851-8274,47603,부산시 연제구,월드컵대로 3 (연산동) 신리메디컬 4층,35.1751162,129.0860896,2020-06-01 00:00:00,Y,불포함
269,남악하나내과의원,의원,군,전남,061-280-4800,061-287-7557,58567,전남 무안군,삼향읍 남악4로 86,34.8131522,126.4663924,2020-06-01 00:00:00,Y,불포함
270,서울연합의원,의원,군,전남,061-351-9530,061-351-9531,57066,전남 영광군,염산면 천년로 20-1,35.2171474,126.3741659,2020-07-01 00:00:00,Y,불포함
271,대동의원,의원,군,전북,063-653-2828,063-653-2828,56046,전북 순창군,순창읍 순창5길15,35.3732061,127.1407066,2020-07-01 00:00:00,Y,불포함
272,용상황금연합의원,의원,시,경북,054-822-7500,054-822-7501,36711,경북 안동시,경동로 847 (용상동) 용상황금연합의원 1층,36.5610309,128.749938,2020-07-01 00:00:00,Y,불포함
273,동탄시티병원,병원,시,경기,031-8015-3333,031-8015-1683,18435,경기도 화성시,동탄지성로 113 (반송동) 동탄시티병원,37.2084803,127.0626221,2020-08-01 00:00:00,Y,불포함
274,덕산의료재단 김천제일병원,종합병원,시,경북,054-420-3438,054-420-9414,39544,경북 김천시,신음1길 12 (신음동) 김천제일병원,36.135518594558,128.118710693766,2020-10-26 00:00:00,Y,불포함
275,김성진내과의원,의원,시,경기,031-347-4800,031-347-4802,15802,경기도 군포시,고산로 693 (산본동) 하나로빌딩 3층 김성진내과,37.3720916019939,126.935021737253,2020-12-01 00:00:00,Y,불포함
276,더베스트내과의원,의원,시,경기,031-487-1119,031-402-1105,15470,경기도 안산시,단원구 광덕대로 154 (고잔동) 로데오타운 A동 2층 더베스트내과,37.3102711679886,126.830735846102,2020-12-01 00:00:00,Y,불포함
277,코코이비인후과의원,의원,시,경기,031-212-7572,031-212-7576,16542,경기도 수원시,"영통구 매영로 84 (매탄동, 한국아파트) 한국2차아파트 상가동 207호 코코이비인후과",37.2676777876875,127.05107793725,2020-12-01 00:00:00,Y,불포함
278,비젼내과의원,의원,시,경기,031-896-3000,031-896-5020,16898,경기도 용인시,기흥구 보정로 115 (보정동) 우영프라자 4층,37.3199585769334,127.1151593284,2020-11-02 00:00:00,Y,불포함
279,수내과의원,의원,시,충남,041-667-8600,041-667-3407,31981,충남 서산시,안견로 190 (동문동) 2층 수내과의원,36.782216671477,126.458162246088,2020-12-01 00:00:00,Y,불포함
280,덕영내과의원,의원,군,경남,055-574-0071,055-574-0073,52140,경남 의령군,의령읍 의병로 217 덕영내과,35.3199003526725,128.260362376042,2020-12-01 00:00:00,Y,불포함
281,힐링연합의원,의원,구,광주,062-651-8600,062-651-8603,61725,광주시 남구,서문대로 725 (진월동) 2층,35.1242896153287,126.897750893739,2020-12-01 00:00:00,Y,불포함
282,나눔내과의원,의원,군,전남,070-5176-1046,061-381-8273,57318,전남 담양군,수북면 추성1로 736 나눔내과의원,35.3017391359894,126.932083655553,2020-12-01 00:00:00,Y,포함
283,한양내과의원,의원,군,전남,061-374-0333,061-374-1985,58119,전남 화순군,화순읍 자치샘로 36 옥천빌딩 2층,35.0617952590513,126.984862455547,2020-12-01 00:00:00,Y,포함
284,오케이내과의원,의원,군,전남,061-434-3900,061-434-3909,59234,전남 강진군,강진읍 평동2길 30 지스퀘어1층,34.6381168003295,126.76801894603,2020-12-01 00:00:00,Y,불포함
285,해남복음내과의원,의원,군,전남,061-534-7504,061-534-7505,59027,전남 해남군,"해남읍 중앙1로 2-14 2층, 해남복음내과의원",34.5714580481009,126.606978028326,2020-12-01 00:00:00,Y,불포함
286,김종성비뇨기과의원,의원,시,전북,063-834-7722,063-834-7792,54545,전북 익산시,무왕로 1073 (영등동) (영등동) 하나은행 2층,35.9588253714573,126.976011037214,2020-12-01 00:00:00,Y,불포함
287,임실내과의원,의원,군,전북,063-644-7575,063-644-7577,55926,전북 임실군,임실읍봉황로 159 임실내과,35.6148098016453,127.280097984901,2020-12-01 00:00:00,Y,불포함
288,참가정의학과의원,의원,군,전북,063-351-7277,063-351-7278,55612,전북 장수군,장계면 한들로 93 참가정의학과의원,35.7313701826582,127.582240028357,2020-12-01 00:00:00,Y,불포함
289,서울정형외과의원(영암),의원,군,전남,061-473-2000,061-473-2006,58416,전남 영암군,영암읍 중앙로 66,34.8018268747157,126.699561564391,2020-12-01 00:00:00,Y,불포함
290,현대가정의학과의원,의원,군,전북,063-584-6393,063-584-6393,56309,전북 부안군,부안읍 부풍로 48-1,35.7271393946926,126.732199073267,2020-12-01 00:00:00,Y,불포함
291,권태우정형외과의원,의원,시,경기,031-388-2198,031-388-2199,14047,경기도 안양시,동안구 시민대로 187,37.3919477562324,126.951597576099,2020-12-01 00:00:00,Y,불포함
292,박지영내과의원,의원,시,경기,031-793-1475,031-794-1475,12913,경기도 하남시,아리수로 570,37.5676058350288,127.190701379301,2020-12-01 00:00:00,Y,불포함
293,손경수내과의원,의원,시,강원,033-763-8252,033-763-9740,26441,강원도 원주시,"남원로 665 선일빌딩 1층일부,2,3,4층",37.3423686613029,127.954120703306,2020-12-01 00:00:00,Y,불포함
294,한림의원,의원,군,강원,033-462-4261,033-462-9340,24616,강원도 인제군,북면 원통로 218 한림의원,38.1242,128.2076,2020-12-01 00:00:00,Y,포함
295,화천내과의원,의원,군,강원,033-442-8001,033-442-8002,24124,강원도 화천군,화천읍 중앙로 19-1 화천내과의원,38.1043710726716,127.706368428423,2020-12-01 00:00:00,Y,포함
296,횡성정형외과의원,의원,군,강원,033-343-5337,033-343-5339,25220,강원도 횡성군,횡성읍 태기로19번길 14 태기로19번길14,37.4918418608538,127.98647430331,2020-12-01 00:00:00,Y,불포함
297,영남의원,의원,군,경북,054-653-7583,054-653-7581,36821,경북 예천군,예천읍 효자로 125 영남의원,36.6586152681535,128.457123928382,2020-12-01 00:00:00,Y,불포함
298,정일성의원,의원,군,경남,055-673-8866,055-674-3434,52942,경남 고성군,고성읍 송학로 122번길 19-2 1층 정일성의원,34.9769262669228,128.325982155544,2020-12-01 00:00:00,Y,불포함
299,고려정형외과의원(거창),의원,군,경남,055-943-9811,055-943-6151,50145,경남 거창군,거창읍 강남로 194 고려정형외과의원,35.6854575433319,127.918356673266,2020-12-01 00:00:00,Y,불포함
300,성심메디컬의원,의원,시,경남,055-746-5538,055-746-5538,52653,경남 진주시,서장대로213번길 5 (이현동) 성심메디컬의원,35.1909566261117,128.056072046044,2020-12-01 00:00:00,Y,불포함
301,한마음연합의원,의원,군,경남,055-964-2301,055-964-2305,50039,경남 함양군,함양읍 용평길 44 한마음연합의원,35.5199292472319,127.731911028351,2020-12-01 00:00:00,Y,불포함
302,서울비뇨기과의원(구리점),의원,시,경기,031-523-9000,031-523-9033,11926,경기도 구리시,건원대로3 흥화브라운오피스텔 4층,37.6015123428543,127.140625028408,2020-12-01 00:00:00,Y,불포함
303,청담비뇨기과의원,의원,시,경기,031-592-3698,070-8270-3113,12150,경기도 남양주시,늘을2로 20 (호평동) 4층 청담비뇨기과,37.6546585070028,127.244107455618,2020-12-01 00:00:00,Y,불포함
304,새벽의원,의원,군,경기,031-774-6247,031-771-2852,12562,경기도 양평군,양평읍 시민로 6-1 보원 메디컬 3층 새벽 피부비뇨기과,37.4890997335878,127.492828728405,2020-12-01 00:00:00,Y,불포함
305,강비뇨기과의원(연천),의원,군,경기,031-835-0108,031-835-0107,11033,경기도 연천군,전곡읍 전곡로 166 강비뇨기과의원,38.0268,127.068,2020-12-01 00:00:00,Y,불포함
306,한성내과의원,의원,시,경기,031-532-2375,031-531-2375,11174,경기도 포천시,소흘읍 솔모루로 114,37.8311014809836,127.149257455623,2020-12-01 00:00:00,Y,불포함
307,의)한솔의료재단 한서재활요양병원,요양병원,시,경남,055-346-1222,055-340-8000,50869,경남 김해시,진영읍 진영로454번길 102-10 한서재활요양병원,35.2924209741528,128.752991503249,2021-01-01 00:00:00,Y,불포함
308,민들레안과의원,의원,군,충북,043-542-7588,043-542-7587,28950,충북 보은군,보은읍 삼산남로 9 민들레안과,36.4829797340369,127.721651819526,2021-01-01 00:00:00,Y,불포함
309,메디안내과의원,의원,구,대전,042-867-8275,042-861-8275,34086,대전시 유성구,노은로 170 (지족동) 스타시티 3층,36.3749319946991,127.318371546076,2021-01-01 00:00:00,Y,불포함
310,드림이비인후과의원,의원,군,충북,043-733-5800,043-733-5801,29037,충북 옥천군,"옥천읍 삼금로 11 2층, 드림이비인후과의원",36.29976123612,127.566292837223,2021-01-01 00:00:00,Y,불포함
311,JS메디칼내과외과정형외과의원,의원,시,충남,041-589-7575,041-589-7500,31037,충남 천안시,서북구 직산읍 봉주로 51 JS메디칼의원,36.8775837834827,127.152235637239,2021-01-01 00:00:00,Y,불포함
312,성윤업내과의원,의원,군,강원,033-374-0871,033-372-0871,26233,강원도 영월군,영월읍 중앙1로 32 성윤업내과의원,37.1831661048388,128.466437103301,2021-01-01 00:00:00,Y,포함
313,닥터음가정의학과의원,의원,시,강원,033-633-3773,033-633-3773,24874,강원도 속초시,동해대로 4163 (조양동) 닥터음가정의학과의원,38.1911274037802,128.579316480016,2021-01-01 00:00:00,Y,불포함
314,윤이비인후과의원,의원,시,경기,031-401-4172,031-486-3553,425-020,경기도 안산시,단원구 예술대학로 9,37.3179536521171,126.836487937252,2021-01-01 00:00:00,Y,불포함
315,연세안과의원,의원,군,경남,055-862-0357,055-862-0352,52420,경남 남해군,남해읍 화전로 85 연세안과 의원,34.8389726593609,127.893887446035,2021-01-01 00:00:00,Y,불포함
316,의)창녕서울의료원 창녕서울병원,병원,군,경남,055-532-1975,055-532-0003,50322,경남 창녕군,창녕읍 창녕대로 122 창녕서울병원,35.5350369470069,128.497818384899,2021-01-01 00:00:00,Y,불포함
317,창녕원이비인후과의원,의원,군,경남,055-533-2224,055-533-8275,50323,경남 창녕군,"창녕읍 군청길 18,  501,502호(성동빌딩)",35.5428475173894,128.492063437203,2021-01-01 00:00:00,Y,불포함
318,강서고려비뇨의학과의원,의원,구,서울,02-2065-8822,02-2065-7722,7714,서울시 강서구,강서로 173 터보빌딩 5층,37.5420392621079,126.839634755615,2021-01-01 00:00:00,Y,불포함
319,우리내과의원,의원,구,서울,02-2648-5566,02-2648-5713,8005,서울시 양천구,오목로 312 (목동) 우리내과의원 3층,37.5248079416951,126.871958693805,2021-01-01 00:00:00,Y,불포함
320,서울중앙의료의원,의원,구,서울,02-6450-5500,02-6450-5503,4535,서울시 중구,소공로 70 (충무로1가) 포스트타워 지하3층 서울중앙의료의원,37.5617636641244,126.982098503312,2021-01-01 00:00:00,Y,불포함
321,하나비뇨기과의원,의원,시,전남,061-722-8575,061-722-8574,57968,전남 순천시,순광로 14 드림내과건물 5층,34.9547550139901,127.522941446038,2021-01-01 00:00:00,Y,불포함
322,정남진정형외과의원,의원,시,전남,061-642-7878,061-643-7182,59756,전남 여수시,신월로 735 (봉산동) 정남진정형외과,34.7361638901118,127.720666537181,2021-01-01 00:00:00,Y,불포함
323,문영래정형외과병원,병원,구,광주,062-606-8275,062-606-8279,61991,광주시 서구,운천로 148 (쌍촌동) 2층,35.1458773454289,126.857288903246,2021-01-01 00:00:00,Y,불포함
324,이진홍내과의원,의원,군,전북,063-564-1343,063-561-1373,56432,전북 고창군,고창읍 중앙로 230 이진홍내과의원,35.4350523822227,126.700645946051,2021-01-01 00:00:00,Y,불포함
325,제주의료원 부속요양병원,요양병원,시,제주,064-720-2106,064-724-2102,63243,제주도 제주시,산천단남길 10 (아라일동) 부속요양병원,33.4454976416986,126.560107103201,2021-01-01 00:00:00,Y,불포함
326,최선365의원,의원,시,제주,064-784-6333,064-784-7333,63640,제주도 서귀포시,성산읍 고성오조로 67 1층,33.4497275113737,126.914539045999,2021-01-01 00:00:00,Y,불포함
327,강북힘찬병원,병원,구,서울,02-1899-2226,02-2174-3128,1459,서울시 도봉구,도봉로 446 (창동),37.6457509395379,127.033366155618,2021-01-01 00:00:00,Y,불포함
328,드림권내과의원,의원,구,서울,02-6224-7575,02-6224-7576,8277,서울시 송파구,송파대로 345 5층 (가락동) 헬리오시티 상가 1A동 5002호,37.4970127320739,127.115573877228,2021-01-01 00:00:00,Y,불포함
329,시온정형외과의원,의원,구,서울,02-415-7110,02-415-7124,5675,서울시 송파구,가락로 166 (송파동) 3층,37.5057064295905,127.121190046108,2021-01-01 00:00:00,Y,불포함
330,한사랑내과의원,의원,군,강원,033-482-3566,033-482-3577,24526,강원도 양구군,양구읍 사명길 123 한사랑내과의원,38.1078,127.9883,2021-01-01 00:00:00,Y,불포함
331,강남아이원안과의원,의원,군,강원,033-455-7501,033-455-7503,24018,강원도 철원군,갈말읍 명성로 184 1층,38.148,127.3081,2021-01-01 00:00:00,Y,포함
332,에스탑치과의원,의원,구,서울,02-2612-7528,02-2612-7526,8277,서울시 구로구,경인로40길 12 (개봉동) 4층,37.4963683477247,126.859146673316,2021-01-01 00:00:00,Y,불포함
333,경기도립노인전문동두천병원,요양병원,시,경기,031-860-4114,031-860-4115,11322,경기도 동두천시,탑신로 536,37.900888340118,127.136213055625,2021-01-01 00:00:00,Y,불포함
334,추부의원,의원,군,충남,041-752-9950,041-753-9940,32714,충남 금산군,추부면 마전로 56 추부의원,36.1912971292759,127.467057128369,2020-12-01 00:00:00,Y,불포함
335,금호의원,의원,시,경북,054-336-7117,054-336-7118,38877,경북 영천시,금호읍 교대길 14 금호의원,35.9311780578222,128.872391219511,2021-01-18 00:00:00,Y,불포함
336,용이비인후과의원,의원,시,경북,054-556-7575,054-556-7576,36966,경북 문경시,중앙로 195 (흥덕동) 용이비인후과의원,36.6018482258891,128.203202746083,2021-01-18 00:00:00,Y,불포함
337,준내과의원,의원,구,대구,053-746-0875,053-746-0876,42019,대구시 수성구,달구벌대로 2395 (범어동) 준내과의원,35.8598589294444,128.624559364419,2021-01-18 00:00:00,Y,불포함
338,마디연합정형외과의원,의원,군,경북,054-373-9263,054-373-9265,38340,경북 청도군,청도읍 청화로 99,35.6474792761448,128.738241137206,2021-01-18 00:00:00,Y,불포함
339,고려마취통증의학과의원,의원,군,경북,054-382-0922,054-382-0923,39014,대구시 군위군,군위읍 중앙길 100 고려마취통증의학과의원,36.2372269346376,128.567316919519,2021-01-18 00:00:00,Y,불포함
340,유가제일연합의원,의원,군,대구,053-292-7582,053-292-7580,43018,대구시 달성군,"유가읍 테크노상업로 108 501호, 502호",35.684125771079,128.45122757393,2021-02-01 00:00:00,Y,불포함
341,구미시립노인요양병원,요양병원,시,경북,054-440-1000,054-440-1051,39203,경북 구미시,야은로 37-1 (부곡동),36.1532526168353,128.290237755576,2021-02-01 00:00:00,Y,불포함
342,우리연합의원,의원,시,경북,054-292-9200,054-728-9494,37907,경북 포항시,남구오천읍 정몽주로 560,35.9679683365682,129.416086519512,2021-02-01 00:00:00,Y,불포함
343,바른정형외과의원,의원,군,충북,043-533-7588,043-535-7588,27831,충북 진천군,진천읍 중앙북1길 11-4 바른정형외과,36.860398845936,127.439763628388,2021-02-01 00:00:00,Y,불포함
344,김영태신경외과의원,의원,시,충북,043)258-0173~4,043-225-5002,28725,충북 청주시,상당구 단재로 21-1 (석교동),36.6265872773671,127.492943537232,2021-02-01 00:00:00,Y,불포함
345,덕인의원,의원,구,대전,042-272-4551,042-273-4551,34629,대전시 동구,대전로 782 (원동),36.32968873454,127.43380247607,2021-02-01 00:00:00,Y,포함
346,고려정형외과의원(증평),의원,군,충북,043-838-7501,050-4186-4058,27926,충북 증평군,증평읍 중앙로 231 고려정형외과,36.7860415639452,127.583220146088,2021-02-01 00:00:00,Y,불포함
347,박봉안내과의원,의원,시,충북,043-847-7575,043-847-7572,27361,충북 충주시,봉계1길 52 (칠금동) 박봉안내과의원,36.9812132053904,127.915598128391,2021-02-01 00:00:00,Y,불포함
348,평택성모병원,종합병원,시,경기,031-1800-8800,070-3425-5533,17825,경기도 평택시,평택로 284,37.0084793194385,127.074083937243,2021-02-01 00:00:00,Y,불포함
349,동탄서울내과의원,의원,시,경기,031-831-8363,031-831-8368,18505,경기도 화성시,동탄순환대로 127-5 (산척동) 5층 동탄서울내과,37.2151286029264,127.044307819546,2021-02-01 00:00:00,Y,불포함
350,김병호내과의원,의원,시,강원,033-552-6997,033-552-6998,26011,강원도 태백시,황지로 176-1 (황지동) 김병호내과의원,37.1741934215326,128.990667164456,2021-02-01 00:00:00,Y,포함
351,신세계의원,의원,시,강원,033-533-3652,033-533-3653,25721,강원도 동해시,"청운1길 64, 301호(나안동)",37.486045,129.110245,2021-02-01 00:00:00,Y,불포함
352,사북제일의원,의원,군,강원,033-592-3412,033-592-0055,26150,강원도 정선군,사북읍 사북5길 1 제일의원,37.2275917845912,128.819795655606,2021-02-01 00:00:00,Y,포함
353,김태우신경과의원,의원,시,전남,061-279-5500,061-279-5505,58642,전남 목포시,영산로 515 (상동) 2층,34.8071928038119,126.414213037183,2021-02-01 00:00:00,Y,불포함
354,오복치과의원,의원,군,경북,054-833-7528,050-4472-5853,37337,경북 의성군,의성읍 문소3길 110,36.3561702062198,128.694467203278,2021-03-01 00:00:00,Y,불포함
355,금일마취통증의학과의원,의원,군,전남,061-553-3577,061-553-3939,59140,전남 완도군,금일읍 감목길 5,34.3495613531338,127.029760503225,2021-03-01 00:00:00,Y,포함
356,진안치과의원,의원,군,전북,063-432-1771,063-432-1778,55432,전북 진안군,진안읍 진무로 1102 진안치과,35.7918450520134,127.42900003721,2021-03-01 00:00:00,Y,불포함
357,성모정형외과의원,의원,구,서울,02-817-7714,02-817-7716,6953,서울시 동작구,상도로 81 (대방동) 7층 성모정형외과,37.4999780855442,126.929494994927,2021-03-01 00:00:00,Y,불포함
358,강남가드비뇨기과의원,의원,구,서울,02-566-8330,02-566-5610,7008,서울시 동작구,동작대로 121 (사당동) 경원빌딩8층,37.4869521772176,126.981651717047,2021-03-01 00:00:00,Y,불포함
359,누가의원,의원,군,경북,054-782-4979,054-783-9083,36305,경북 울진군,북면 울진북로 2067 누가의원,37.1013846587153,129.371796737245,2021-04-01 00:00:00,Y,포함
360,서울아산내과의원,의원,시,세종,044-862-7559,044-862-7560,30028,세종시,조치원읍 새내로 97 청춘메디컬 2층,36.6006704496018,127.298071037231,2021-05-01 00:00:00,Y,불포함
361,강북21세기병원,병원,구,서울,1577-6336,02-976-3762,2138,서울시 중랑구,면목로 473 (상봉동) 강북21세기병원,37.594292601875,127.085865019557,2021-06-01 00:00:00,Y,불포함
362,청주원광효도요양병원,요양병원,시,충북,043-267-0301,043-268-0156,28591,충북 청주시,흥덕구 월명로 15 (복대동) 원광효도요양병원,36.6364675394385,127.452857584929,2021-06-01 00:00:00,Y,불포함
363,공주서울내과의원,의원,시,충남,041-853-7582,041-853-7583,32555,충남 공주시,웅진로 186 (산성동) 2층 공주서울내과의원,36.4569556881215,127.125231855585,2021-07-01 00:00:00,Y,불포함
364,서울정형외과의원(홍천),의원,군,강원,033-432-0129,033-432-0129,25139,강원도 홍천군,홍천읍 신장대리 64-1,37.6888343639995,127.88496261956,2021-07-01 00:00:00,Y,불포함
365,서부영남내과의원,의원,구,대구,053-656-7533,053-622-7588,42482,대구시 남구,대명로 12 (대명동),35.8377222194921,128.558840119509,2021-07-01 00:00:00,Y,불포함
366,대동에스정형외과의원,의원,구,대구,053-943-2621,053-943-2645,41186,대구시 동구,"아양로 251 (신암동) 대동빌딩, 대동에스정형외과의원",35.887746156007,128.64022681951,2021-07-01 00:00:00,Y,불포함
367,밀양선비뇨기과의원,의원,시,경남,055-352-7512,055-352-7523,50427,경남 밀양시,중앙로 413 제일빌딩 302호,35.49667406051,128.747776219499,2021-08-01 00:00:00,Y,불포함
368,위드내과의원,의원,시,강원,033-641-9222,033-641-9221,25512,강원도 강릉시,솔올로 35 (교동) 2층,37.7652562282317,128.877983855621,2021-08-01 00:00:00,Y,불포함
369,우리이비인후과의원,의원,시,전남,061-276-7373,061-801-5100,58654,전남 목포시,"산대로 2 (산정동) 2, 2층",34.8025258120136,126.392208837183,2021-07-05 00:00:00,Y,불포함
370,예루살렘정형외과의원,의원,구,서울,02-575-0123,02-3461-0842,6737,서울시 서초구,남부순환로350길 33 (양재동) 예루살렘정형외과,37.4835848297527,127.036375984953,2021-08-01 00:00:00,Y,불포함
371,로뎀나무내과의원,의원,시,경기,031-654-1905,031-654-1915,17909,경기도 평택시,중앙로 82-1 (합정동) 2층,36.9938087564089,127.092244537242,2021-08-01 00:00:00,Y,불포함
372,노상필내과의원,의원,군,충북,043-770-7171,043-770-7172,29145,충북 영동군,영동읍 중앙로 28 노상필내과의원,36.1744887730204,127.776608355577,2021-08-01 00:00:00,Y,불포함
373,서내과의원,의원,구,대구,053-556-4509,053-563-7774,41870,대구시 서구,달구벌대로 1883 (내당동) 1층,35.8621458180694,128.570282819509,2021-08-01 00:00:00,Y,불포함
374,파티마연합속내과의원,의원,시,경북,053-852-7500,053-852-7501,38436,경북 경산시,하양읍 하양로 112 201호,35.9141710241031,128.819638019511,2021-08-01 00:00:00,Y,불포함
375,압해연합의원,의원,군,전남,061-271-7583,061-271-7681,58824,전남 신안군,압해읍 압해로 871-3,34.8647770475551,126.313632784881,2021-08-01 00:00:00,Y,포함
376,주영민비뇨기과의원,의원,시,경남,055-634-1365,055-637-8703,53251,경남 거제시,거제중앙로 1938,34.890581757104,128.622365593733,2021-08-09 00:00:00,Y,불포함
377,굿모닝내과의원,의원,시,경남,055-335-3565,055-324-3634,50916,경남 김해시,분성로 321 (서상동) 302호,35.2337149682424,128.881064503248,2021-08-09 00:00:00,Y,불포함
378,우리메디컬의원,의원,시,경남,055-850-7575,055-850-7576,52519,경남 사천시,사천읍 진삼로 1481 2층,35.083651730656,128.08574973719,2021-08-09 00:00:00,Y,불포함
379,박경대내과의원,의원,시,경북,054-774-3337,054-775-3371,38155,경북 경주시,화랑로 80 (서부동) 박경대내과의원,35.8445765583271,129.209520655568,2021-08-18 00:00:00,Y,불포함
380,최성식재활의학과의원,의원,군,전남,061-362-0887,061-363-0887,57535,전남 곡성군,곡성읍 중앙로 132 (청암센트럴빌) 102~105호 최성식재활의학과의원,35.2820120429269,127.296867346047,2021-09-01 00:00:00,Y,불포함
381,무주신경외과의원,의원,군,전북,063-324-8275,063-324-8276,55517,전북 무주군,무주읍 향학로 33-1 무주신경외과,36.0073229630056,127.662749737215,2021-09-01 00:00:00,Y,불포함
382,혁신오케이정형외과의원,의원,군,전북,063-277-7500,063-277-7505,55365,전북 완주군,이서면 기지로 54 비씨엠타워 2층,35.8383406726119,127.057809637211,2021-09-01 00:00:00,Y,포함
383,현대의원,의원,군,전남,061-772-7119,062-772-8575,57726,전남 광양시,옥곡면 큰골길 8,34.9889289281662,127.701110219486,2021-09-01 00:00:00,Y,불포함
384,참좋은정형외과신경과의원,의원,구,부산,051-312-7582,051-312-7581,46930,부산시 사상구,"백양대로 893, 궁전빌딩 402호",35.1860027019512,128.990723937193,2021-09-01 00:00:00,Y,불포함
385,연합내과의원,의원,구,광주,062-222-5651,062-228-9207,61463,광주시 동구,남문로 696 (학동) 1층 연합내과,35.1328885290715,126.928671384888,2021-09-01 00:00:00,Y,불포함
386,류마내과의원,의원,구,서울,02-474-5450,02-474-5460,5339,서울시 강동구,천호대로 1099 (천호동) 5층 502호,37.5358791485943,127.134088455615,2021-09-01 00:00:00,Y,불포함
387,더바름정형외과의원,의원,구,서울,02-455-2018,02-455-5551,5047,서울시 광진구,아차산로 450-2 (구의동),37.5387386120232,127.092307684954,2021-09-01 00:00:00,Y,불포함
388,남기헌정형외과의원,의원,구,서울,02-396-5595,02-396-5597,3615,서울시 서대문구,세검정로1길 5 (홍은동) 남기헌정형외과의원,37.5922944162009,126.942117519557,2021-09-01 00:00:00,Y,불포함
389,안성제일정형외과의원,의원,시,경기,031-673-2119,031-672-6119,17581,경기도 안성시,중앙로 372번길 37-15 1층 안성제일정형외과의원,37.0062992290881,127.268414837243,2021-09-01 00:00:00,Y,불포함
390,마디온정형외과의원,의원,시,강원,033-249-8575,033-249-8576,24455,강원도 춘천시,안마산로 107 (퇴계동) 마디온정형외과의원,37.8545107082426,127.729453486406,2021-09-01 00:00:00,Y,불포함
391,삼성우리내과의원,의원,시,경기,02-2613-7588,02-2613-7587,14237,경기도 광명시,철산로 32 (철산동) 4층 삼성우리내과의원,37.4763984468593,126.869807237256,2021-09-01 00:00:00,Y,불포함
392,한길정형외과의원,의원,구,인천,032-576-7582,032-232-3338,22809,인천시 서구,원적로 85 (가좌동) 201호,37.4946877569403,126.681279919554,2021-09-01 00:00:00,Y,불포함
393,하나의료조합영흥우리의원,의원,군,인천,032-886-9411,032-889-0788,23118,인천시 옹진군,"영흥면 영흥로 176번길 8, 203호(영흥늘푸른센터 2층)",37.2587164857506,126.493416128399,2021-09-01 00:00:00,Y,포함
394,강비뇨기과의원(태안),의원,군,충남,041-673-8008,,32143,충남 태안군, 태안읍 동백로 301 3층,36.7485991494733,126.303574973295,2021-09-01 00:00:00,Y,불포함
395,태강내과의원,의원,구,울산,052-292-2975,050-7701-0133,44478,울산시 중구,번영로 475 홈플러스울산점 5층 태강내과,35.5644677477926,129.334850255217,2021-09-13 00:00:00,Y,불포함
396,신선정형외과의원,의원,구,대전,042-636-3003,042-636-6335,35382,대전시 서구,관저중로 72 (관저동) 4층 신선정형외과,36.2988365289971,127.335173368732,2021-10-01 00:00:00,Y,불포함
397,김학영정형외과의원,의원,구,대전,042-254-7966,042-252-2617,34946,대전시 중구,계룡로 945 (대사동),36.3192384819087,127.417044997568,2021-10-01 00:00:00,Y,불포함
398,청담내과의원,의원,구,대전,042-635-7576,042-635-7553,34406,대전시 대덕구,동춘당로 179 (법동) 201,36.3674810031478,127.431582682229,2021-10-01 00:00:00,Y,불포함
399,분당연세비뇨의학과의원,의원,시,경기,031-2706-8292,031-706-8295,13590,경기도 성남시,분당구 황새울로335번길 5 (서현동) 앤타운빌딩 803호,37.3860569552425,127.121670158421,2021-10-01 00:00:00,Y,불포함
400,두리이비인후과의원(양주),의원,시,경기,031-868-8766,031-868-8767,11473,경기도 양주시,옥정로 196 (옥정동) 파스텔시티 6층,37.8193589258855,127.091836938327,2021-10-01 00:00:00,Y,불포함
401,강북보아스이비인후과의원,의원,구,서울,02-980-1530,02-980-1531,1117,서울시 강북구,"도봉로 242, 2층 1호",37.6312858056722,127.023893603469,2021-10-01 00:00:00,Y,불포함
402,서울의원(서울),의원,구,서울,02-993-2161,02-993-2169,1905,서울시 노원구,"월계로 370 (월계동) 201~202호 서울의원(월계동, 희성프라자)",37.6311032844965,127.060990169689,2021-10-01 00:00:00,Y,불포함
403,맑은성심피부과의원,의원,구,서울,02-437-6152,02-437-6153,2165,서울시 중랑구,용마산로 503,37.5964195020339,127.099877069688,2021-10-01 00:00:00,Y,불포함
404,김제욱피부비뇨기과의원,의원,시,경북,054-635-8290,054-635-6957,36080,경북 영주시,중앙로 122,36.8260165916831,128.62607577208,2021-10-15 00:00:00,Y,불포함
405,서광정형외과의원,의원,시,충남,041-931-7279,041-931-7278,33469,충남 보령시,주공로 5 (동대동) 서광정형외과,36.3458891091408,126.602473162207,2021-11-01 00:00:00,Y,불포함
406,가온내과의원,의원,시,경남,055-282-8511,055-282-8674,51490,경남 창원시,성산구 가음로 88 (가음동),35.2055272793328,128.702992034772,2021-10-15 00:00:00,Y,불포함
407,서병기내과의원,의원,군,전남,061-852-9878,061-853-9878,57535,전남 보성군,보성읍 중알로 61-15,34.7680438174204,127.082690124484,2021-11-01 00:00:00,Y,불포함
408,한양마취통증의학과의원,의원,군,전남,061-782-7582,061-783-7584,57535,전남 구례군,구례읍 봉성로 110,35.2122002373019,127.464826893127,2021-11-01 00:00:00,Y,불포함
409,이신내과의원,의원,구,부산,051-715-5501,051-715-5504,47241,부산시 부산진구,중앙대로 808 (전포동) 4층,35.1634423706383,129.063966412767,2021-11-01 00:00:00,Y,불포함
410,통영서울병원,병원,시,경남,055-640-1112,055-644-0082,53021,경남 통영시,광도면 남해안대로 857,34.8702108686734,128.415459868543,2021-11-01 00:00:00,Y,불포함
411,부강비뇨의학과의원,의원,구,부산,051-747-7200,051-747-7789,48096,부산시 해운대구,좌동순환로505 3층 부강비뇨의학과,35.165901662701,129.168320903404,2021-11-01 00:00:00,Y,불포함
412,수이비인후과의원,의원,군,부산,051-727-0575,050-4413-3066,46015,부산시 기장군,정관읍 정관로 495 2층 수이비인후과,35.3260667729671,129.170484968555,2021-11-01 00:00:00,Y,불포함
413,삼성나비뇨의학과의원,의원,구,서울,02-955-3077,02-955-3078,1436,서울시 도봉구,도봉로 551 (쌍문동) 4층 삼성나비뇨의학과의원,37.6546022296913,127.037756838323,2021-11-01 00:00:00,Y,불포함
414,한국한센복지협회부설의원,의원,시,경기,031-452-7093,031-459-4868,16048,경기도 의왕시,원골로 59 (오전동),37.3624804098588,126.971256600629,2021-11-01 00:00:00,Y,불포함
415,건강제일내과의원,의원,구,대구,053-255-8333,053-255-8334,41927,대구시 중구,달구벌대로 1993 (대신동) 2층,35.8652337202555,128.581937633496,2021-11-05 00:00:00,Y,불포함
416,강남비뇨기과의원,의원,시,경북,054-534-7575,054-536-7598,37198,경북 상주시,상산로 255 (남성동) 강남빌딩5층 강남비뇨기과,36.4149742189934,128.158998838764,2021-11-05 00:00:00,Y,불포함
417,미래연합의원,의원,시,전북,063-636-7500,063-636-7557,55773,전북 남원시,시청로 3 (죽항동) 미래연합의원,35.4114318042097,127.392922770102,2021-12-01 00:00:00,Y,불포함
418,영덕경대안과의원,의원,군,경북,054-734-5817,054-734-5818,36432,경북 영덕군,영덕읍 중앙길 90 영덕경대안과,36.4127151205036,129.367550787851,2021-11-22 00:00:00,Y,불포함
419,용산성모내과의원,의원,구,서울,02-794-9992,02-794-9919,4376,서울시 용산구,새창로 217 (한강로2가) 5층 용산성모내과,37.5304440611663,126.967694611271,2021-12-01 00:00:00,Y,불포함
420,라임비뇨기과의원,의원,구,서울,02-2237-5200,02-2237-5201,4569,서울시 중구,퇴계로 395 (흥인동) 일신빌딩302호,37.5655944482214,127.015481979759,2021-12-01 00:00:00,Y,불포함
421,구파발정형외과의원,의원,구,서울,02-334-8275,02-357-7598,033-069,서울시 은평구,진관2로 15-46 9층,37.6384681967747,126.917823972204,2021-12-01 00:00:00,Y,불포함
422,다사랑내과의원,의원,구,부산,051-201-2115,051-201-2116,46773,부산시 강서구,명지국제11로 25 (명지동) 동명빌딩 3층 다사랑내과의원,35.1053541367725,128.921541339252,2021-12-01 00:00:00,Y,불포함
423,의료법인 하람의료재단 청주탑요양병원,요양병원,시,충북,043-296-5000,043-296-5200,28803,충북 청주시,서원구 궁뜰로 16 (미평동) 청주탑요양병원,36.6009796175756,127.478541798662,2022-01-01 00:00:00,Y,불포함
424,의료법인태종의료재단 순창요양병원,요양병원,군,전북,063-650-8005,063-653-8807,56050,전북 순창군,순창읍 순창로 105,35.3652651123865,127.141126053344,2022-01-01 00:00:00,Y,불포함
425,참좋은정형외과의원(영도),의원,구,부산,051-714-1742,051-714-1743,49035,부산시 영도구,대교로 1 (봉래동3가) 2층 참좋은 정형외과 의원,35.0929564944309,129.044323555771,2022-01-01 00:00:00,Y,불포함
426,안신경외과의원,의원,구,울산,052-235-4900,052-233-6336,44034,울산시 동구,방어진순환도로 799,35.5133483416246,129.43090361345,2022-01-01 00:00:00,Y,불포함
427,장사랑연합내과의원,의원,시,충남,041-542-7582,041-542-7572,31522,충남 아산시,"번영로 223 (모종동) 4층,5층 장사랑연합내과의원",36.7845679110677,127.01330766873,2022-01-01 00:00:00,Y,불포함
428,서문365정형외과의원,의원,시,세종,044-868-1039,044-868-1065,30153,세종시,한누리대로 2281 (대평동) SM메디컬센터 3층서문365정형외과,36.4714111978445,127.275870683319,2022-01-01 00:00:00,Y,불포함
429,청록의료재단신세계요양병원,요양병원,시,경남,055-232-5600,055-232-5620,51216,경남 창원시,마산회원구 내서읍 죽암로 89,35.2589192508027,128.509425239732,2022-01-01 00:00:00,Y,불포함
430,연세정형외과의원,의원,구,인천,032-834-7000,032-834-7002,21954,인천시 연수구,비류대로 194 (옥련동) 3층 연세정형외과의원,37.4279679591951,126.656412953294,2022-01-01 00:00:00,Y,불포함
431,시지율정신건강의학과의원,의원,구,대구,053-792-7570,053-792-7571,42274,대구시 수성구,달구벌대로 3188 (신매동) 3층 시지율정신건강의학과의원,35.8403802378053,128.705313926256,2022-01-01 00:00:00,Y,불포함
432,의성군공립요양병원,요양병원,군,경북,054-834-7400,054-834-9916,37333,경북 의성군,의성읍 안평의성로 1122-30,36.3595527815487,128.681277997437,2022-01-01 00:00:00,Y,불포함
433,삼성유신경외과의원,의원,구,서울,02-2135-2058,070-7500-0207,6956,서울시 동작구,"상도로 84, 5,6층",37.5106659089366,126.939690017855,2022-01-01 00:00:00,Y,불포함
434,김홍열내과의원,의원,구,서울,02-805-6124,02-805-6126,8627,서울시 금천구,"금하로 651, 2,3층",37.4521003553836,126.901980197542,2022-01-01 00:00:00,Y,불포함
435,더원요양병원,요양병원,시,경기,031-282-8123,070-8282-7999,16962,경기도 용인시,기흥구 용구대로 2252 더원요양병원,37.2877982978202,127.108688255208,2022-01-01 00:00:00,Y,불포함
436,(구미)고려마취통증의학과의원,의원,시,경북,054-453-9797,054-453-9911,39225,경북 구미시, 금오산로 58,36.1274976216414,128.33692204005,2022-02-01 00:00:00,Y,불포함
437,성모안과의원,의원,시,전남,061-721-0062,061-721-0067,57950,전남 순천시,이수로 317,34.9542136107237,127.518398354872,2022-02-01 00:00:00,Y,불포함
438,플러스내과의원,의원,시,전남,061-804-5121,061-804-5113,57946,전남 순천시,신월큰길 13,34.9606982926322,127.519898683991,2022-02-01 00:00:00,Y,불포함
439,전내과의원,의원,구,울산,052-267-7272,052-267-9227,44758,울산시 남구, 번영로107번길1,35.535033185137,129.326725487448,2022-02-01 00:00:00,Y,불포함
440,지정신건강의학과의원,의원,구,대전,042-256-5551,042-256-5552,34944,대전시 중구,"중앙로 10(문화동, 태양빌딩 2층)",36.3225237427825,127.413572426355,2022-02-01 00:00:00,Y,불포함
441,천안충무병원,종합병원,시,충남,041-570-7644,041-574-3328,31181,충남 천안시,서북구 다가말3길 8,36.7975360864056,127.131590813291,2022-03-01 00:00:00,Y,불포함
442,동산내과의원,의원,시,제주,064-723-0808,064-753-0808,63231,제주도 제주시,"중앙로 337,3층 301,302호",,,2022-02-15 00:00:00,Y,불포함
443,연세차내과의원,의원,시,제주,064-747-2375,064-746-2375,63069,제주도 제주시,"우평로 338, 4,5층",33.4844249903827,126.430722169053,2022-02-15 00:00:00,Y,불포함
444,새희망마취통증의학과의원,의원,군,경기,031-581-7200,031-581-7201,12418,경기도 가평군,가평읍 가화로 113,37.8299099302956,127.513352726807,2022-03-01 00:00:00,Y,포함
445,광주제일내과의원,의원,시,경기,031-763-2601,031-763-2603,12759,경기도 광주시,중앙로 101,37.4090107774012,127.258378040293,2022-03-01 00:00:00,Y,불포함
446,사천중앙요양병원,요양병원,시,경남,055-851-5400,055-851-5499,52517,경남 사천시,사천읍 옥산로 127,35.0793663009778,128.097030297917,2022-03-01 00:00:00,Y,불포함
447,비타민마취통증의학과의원,의원,구,부산,051-469-7581,051-469-7582,48788,부산시 동구,"중앙대로 375, 강남빌딩 3층",35.1209402724487,129.043182840259,2022-04-01 00:00:00,Y,불포함
448,이지숨이비인후과의원,의원,구,부산,051-243-0002,051-248-0002,48953,부산시 중구,"구덕로 40, 호림빌딩 7층",35.0984573203255,129.031591165767,2022-04-01 00:00:00,Y,불포함
449,베스트이비인후과의원,의원,구,부산,051-555-0110,051-715-7570,47813,부산시 동래구,"충렬대로 259, 3~3층",35.2012940567325,129.087715491172,2022-04-01 00:00:00,Y,불포함
450,여수한국병원,병원,시,전남,061-653-2000,061-689-9790,59684,전남 여수시,여천체육공원길 10,34.7614570047899,127.675127599758,2022-03-18 00:00:00,Y,불포함
451,연합의원,의원,군,충남,041-631-8900,041-631-6708,32230,충남 홍성군,홍성읍 내포로 18,36.6004694512168,126.665827455617,2022-04-01 00:00:00,Y,불포함
452,청양훈요양병원,요양병원,군,충남,041-943-8114,041-943-8117,33339,충남 청양군,청양읍 칠갑산로 157,36.4508962180067,126.793770826779,2022-04-01 00:00:00,Y,불포함
453,두리이비인후과의원(파주),의원,시,경기,031-946-2115,031-946-2116,10905,경기도 파주시," 미래로 371, 1001-1002호(동패동)",,,2022-04-01 00:00:00,Y,불포함
454,메트로적추병원,병원,구,부산,051-626-0250,050-5300-0252,483-311,부산시 수영구,수영로 390-1,35.1412,129.1075,2022-05-01 00:00:00,Y,불포함
455,속바른내과의원,의원,구,부산,051-246-0100,051-246-3100,49253,부산시 서구,"충무대로 277, 2~3층",35.0964,129.0242,2022-05-01 00:00:00,Y,불포함
456,라라정신건강의학과의원,의원,구,부산,051-515-9900,051-575-9931,47540,부산시 연제구,중앙대로 1077 상계빌딩 6~7층(연산동),35.1844,129.0789,2022-07-01 00:00:00,Y,불포함
457,드림내과의원,의원,시,경기,031-431-7788,031-319-3939,15024,경기도 시흥시,"역전로 292, 2층(정왕동)",37.3522,126.7398,2022-07-01 00:00:00,Y,불포함
458,한호수내과의원,의원,군,전북,063-291-3900,063-291-1900,55342,전북 완주군,삼례읍 동학로 23,35.9099,127.0747,2022-11-01 00:00:00,Y,불포함
459,의료법인열린의료재단서연의원,의원,시,제주,064-763-4100,064-763-4102,63590,제주도 서귀포시,중정로 123,33.2488,126.5696,2022-11-01 00:00:00,Y,불포함
460,정흥채재활의학과의원,의원,시,경북,054-777-7277,054-777-7297,38144,경북 경주시,금성로 316,35.8459,129.2072,2022-12-01 00:00:00,Y,불포함
461,박상훈내과의원,의원,구,광주,062-653-9119,062-653-8686,62012,광주시 서구,화개1로 45,35.12799,126.85493,2022-12-01 00:00:00,Y,불포함
462,조민석내과의원,의원,구,광주,062-652-7070,062-652-7080,61709,광주시 남구,서문대로 692,35.121352,126.899101,2022-12-01 00:00:00,Y,불포함
463,뉴스타정형외과의원,의원,구,광주,062-463-7575,062-463-7577,61019,광주시 북구,임방울대로 1055,35.2122,126.8729,2022-12-01 00:00:00,Y,불포함
464,연세세브란스치과의원,의원,구,광주,062-959-0202,062-962-8500,62252,광주시 광산구,장신로 253,35.1911,126.838,2022-12-01 00:00:00,Y,불포함
465,박지우플란트치과의원,의원,시,전남,061-337-8828,061-337-8827,58203,전남 나주시,다시면 다시로 178,35.0174,126.6369,2022-12-01 00:00:00,Y,불포함
466,아라이비인후과의원,의원,시,전남,061-685-5500,061-684-4500,59673,전남 여수시,"시청로 19, 우리빌딩 3층",34.7636,127.6625,2022-12-01 00:00:00,Y,불포함
467,부부요양병원,요양병원,시,전남,061-989-9003,061-989-9090,58655,전남 목포시,영산로 620-1,34.8208,126.4221,2022-12-01 00:00:00,Y,불포함
468,김홍기가정의학과의원,의원,군,전북,063-433-2341,063-433-5905,55429,전북 진안군,진안읍 중앙로88,35.7927,127.427,2022-12-01 00:00:00,Y,불포함
469,청해의원,의원,군,경남,055-882-8540,055-884-0601,52344,경남 하동군, 진교면 진교중앙길 13,35.0291,127.9035,2022-12-01 00:00:00,Y,불포함
470,김안과의원,의원,시,충북,043-268-4131,043-267-1529,28642,충북 청주시,서원구 사직대로 88,36.6348,127.4571,2022-12-01 00:00:00,Y,불포함
471,쌍용우리이비인후과의원,의원,시,충남,041-575-7533,041-575-7534,31174,충남 천안시,서북구 충무로 175 금정빌딩 4층,36.795,127.1264,2022-12-01 00:00:00,Y,불포함
472,허브연합내과의원,의원,시,세종,044-715-7588,044-715-7589,30092,세종시,해밀3로 51 허브빌딩 3층,36.529,127.265,2022-12-01 00:00:00,Y,불포함
473,영암한국병원,병원,군,전남,061-470-7114,061-473-9180,58421,전남 영암군,영암읍 오리정길 8,34.7944,126.7009,2022-12-01 00:00:00,Y,불포함
474,김천참좋은마취통증의학과의원,의원,시,경북,054-431-8275,054-431-8276,39544,경북 김천시,신음새동네길 1,36.134708,128.11786,2022-12-12 00:00:00,Y,불포함
475,거창수이비인후과의원,의원,군,경남,055-945-9978,055-945-9979,50132,경남 거창군, 거창읍 거열로 116,35.6886,127.9065,2022-12-01 00:00:00,Y,불포함
476,(의)학산의료재단아라한국병원,병원,군,경남,055-736-4008,055-583-7576,52072,경남 함안군,경남 함안군 산인면 학산2길 17-50,35.2743,128.4318,2022-12-01 00:00:00,Y,불포함
477,조성원내과의원,의원,구,인천,032-565-0771,032-565-0772,22677,인천시 서구,청마로 163 당하메디칼 2층,37.592,126.6767,2022-12-01 00:00:00,Y,불포함
478,김정수이비인후과의원,의원,구,대구,053-327-3338,053-321-3334,41423,대구시 북구,학정로 415,35.9419,128.563,2022-12-19 00:00:00,Y,불포함
479,속안심내과연합의원,의원,구,대구,053-965-6633,053-965-6634,41087,대구시 동구,안심로 366,35.8678,128.7244,2023-01-01 00:00:00,Y,불포함
480,이성원피부비뇨기과의원,의원,구,대구,053-562-8300,053-562-8300,41744,대구시 서구,달서로 201,35.8804,128.5712,2022-12-19 00:00:00,Y,불포함
481,원형마취통증의학과의원,의원,구,대구,053-622-4955,053-622-4953,42449,대구시 남구,대명로 304,35.8447,128.5894,2023-01-01 00:00:00,Y,불포함
482,완쾌신경과의원,의원,구,대구,070-4365-7155,053-642-2103,42781,대구시 달서구,월배로 175,35.8178,128.5328,2023-01-01 00:00:00,Y,불포함
483,다올연합의원,의원,구,대구,053-782-2558,053-783-2558,42242,대구시 수성구,범안로 60,35.8179,128.6444,2023-01-01 00:00:00,Y,불포함
484,청도탑연합비뇨의학과의원,의원,군,경북,054-373-1020,054-373-1021,38338,경북 청도군,청도읍 청화로 179,35.6428,128.7447,2023-01-01 00:00:00,Y,불포함
485,현풍경대비뇨기과의원,의원,군,대구,053-611-8700,053-611-8701,43017,대구시 달성군,테크노상업로 20,35.6913,128.4535,2023-01-01 00:00:00,Y,불포함
486,왜관병원,병원,군,경북,054-971-1004,054-973-2569,39888,경북 칠곡군,왜관읍 군청2길 10,35.9963,128.4015,2023-01-01 00:00:00,Y,불포함
487,경대연합내과의원,의원,시,경북,054-254-8282,054-252-2228,37611,경북 포항시,북구 삼흥로 18,36.0639,129.3803,2023-01-01 00:00:00,Y,불포함
488,수완탑정형외과의원,의원,구,광주,062-959-8575,062-959-8573,62247,광주시 광산구,임방울대로 348,35.1912,126.8245,2023-01-01 00:00:00,Y,불포함
489,황인용신경과의원,의원,시,전남,061-724-5577,061-724-1219,57949,전남 순천시,이수로 321,34.9542,127.519,2023-01-01 00:00:00,Y,불포함
490,장하림의원,의원,시,전북,063-236-7975,063-236-7974,55081,전북 전주시,완산구 거마평로 146,35.8058,127.117,2023-01-01 00:00:00,Y,불포함
491,한샘내과의원,의원,구,대전,042-822-7598,042-822-7521,34171,대전시 유성구,유성대로 772,36.361,127.3363,2023-01-01 00:00:00,Y,불포함
492,브레인요양병원,요양병원,구,대전,042-365-0101,042-365-0104,34179,대전시 유성구,도안대로 567번길 26,36.3518,127.3387,2023-01-01 00:00:00,Y,불포함
493,마디신경외과의원,의원,구,대전,042-271-7008,042-273-7032,34703,대전시 동구,곤룡로 6,36.2801,127.4686,2023-01-01 00:00:00,Y,불포함
494,햇살이비인후과의원,의원,구,대전,042-721-2795,042-721-2796,34812,대전시 중구,목중로 50 중촌제일프라자 3층,36.3379,127.4096,2023-01-01 00:00:00,Y,불포함
495,바른생각병원,병원,구,대전,042-337-0001,042-337-0006,35220,대전시 서구,청사로 128,36.3597,127.378,2023-01-01 00:00:00,Y,불포함
496,진해프라임비뇨기과의원,의원,시,경남,055-547-8100,055-551-2234,51680,경남 창원시,진해구 충장로 130 3층,35.1519,128.6663,2023-01-01 00:00:00,Y,불포함
497,누네빛안과의원,의원,구,부산,051-810-5678,051-810-5629,47285,부산시 진구,부전로77 누네메디타워 7-13층,35.157,129.0566,2023-01-01 00:00:00,Y,불포함
498,(의)열린의료재단연산열린의원,의원,구,부산,051-714-0835,051-714-0837,47540,부산시 연제구," 중앙대로 1091 제세빌딩 3, 7층",35.1856,129.0807,2023-01-01 00:00:00,Y,불포함
499,바른이김대식치과의원,의원,구,부산,051-715-5075,050-4434-8103,48265,부산시 수영구,수영로 465 남천프라자 3층,35.1476,129.1101,2023-01-01 00:00:00,Y,불포함
500,굿모닝이비인후과의원,의원,구,부산,051-987-7575,051-711-8875,47289,부산시 진구,중앙대로 669,35.1526,129.0589,2023-01-01 00:00:00,Y,불포함
501,늘편한내과의원,의원,구,부산,051-621-0119,051-792-6363,48445,부산시 남구,진남로 4 3층,35.1356,129.092,2023-01-01 00:00:00,Y,불포함
502,덕천요편한비뇨기과의원,의원,구,부산,051-365-2582,051-335-2582,46576,부산시 북구,만덕대로 22 드림메디컬빌딩 7층,35.2126,129.0154,2023-01-01 00:00:00,Y,불포함
503,조이비인후과의원,의원,구,부산,051-758-3593,051-759-3524,48264,부산시 수영구,수영로 511-1,35.1518,129.1113,2023-01-01 00:00:00,Y,불포함
504,이손요양병원,요양병원,군,울산,055-780-3011,055-780-1011,44955,울산시 울주군,삼남읍 하방로 39,35.5066,129.0904,2023-01-01 00:00:00,Y,불포함
505,연세추의원,의원,구,인천,032-832-5775,032-832-5776,22011,인천시 연수구,"하모니로 178번길 22, GTX센트럴B동 501,502호",37.3836,126.6407,2023-01-01 00:00:00,Y,불포함
506,오케이365정형외과의원,의원,시,경기,031-548-1213,031-548-1214,16455,경기도 수원시,"팔달구 매산로 11, 3층",37.26744114,127.0027168,2023-01-01 00:00:00,Y,불포함
507,삼성우리이비인후과의원,의원,구,서울,02-6737-7582,02-6237-7580,7607,서울시 강서구,"방화동로 92, 3층",37.5688,126.8129,2023-01-01 00:00:00,Y,불포함
508,(의)열린의료재단 분당열린의원,의원,시,경기,031-708-9393,031-781-1364,13591,경기도 성남시,"분당구 분당로53번길 22, 4층",37.3844,127.1229,2023-01-01 00:00:00,Y,불포함
509,나래비뇨기과의원,의원,시,경기,031-392-7582,031-392-6582,15806,경기도 군포시,"금산로112, 2층",37.372,126.9363,2023-01-01 00:00:00,Y,불포함
510,수지엘내과의원,의원,시,경기,031-272-6699,031-272-6697,16810,경기도 용인시,"수지구  신봉1로 73, 3층",37.323,127.0767,2023-01-01 00:00:00,Y,불포함
511,서울본정형외과의원,의원,시,경기,031-791-8825,031-791-8728,12969,경기도 하남시,"신장로 152, 2층,5층",37.5397,127.2021,2023-01-01 00:00:00,Y,불포함
512,에스1 내과의원,의원,시,경기,031-8078-8078,070-4827-1391,18244,경기도 화성시,"꽃내음1길 19-6, 5층",,,2023-01-01 00:00:00,Y,불포함
513,에스메디센터내과외과의원,의원,구,서울,02-6925-0700,070-4324-9111,2737,서울시 성북구,"오패산로 99, 2~6층",37.6109,127.0351,2023-01-01 00:00:00,Y,불포함
514,김종원치과의원,의원,구,대구,053-632-2804,053-632-2805,42833,대구시 달서구,한실로 99,35.8072,128.5377,2023-01-25 00:00:00,Y,불포함
515,상인요양병원,요양병원,구,대구,053-282-5000,053-282-5001,42748,대구시 달서구,월배로 247,35.8203,128.5404,2023-01-25 00:00:00,Y,불포함
516,이튼연합치과의원남산점,의원,구,대구,053-254-8328,053-256-7551,41975,대구시 중구,남산로 61,35.8623,128.5821,2023-01-25 00:00:00,Y,불포함
517,이재형봄빛내과,의원,군,강원,033-343-3636,033-343-3635,25230,강원도 횡성군,횡성읍 한우로306,37.4874,127.9866,2023-01-01 00:00:00,Y,불포함
518,정평경대연합신경외과의원,의원,시,경북,053-217-8899,053-217-0099,38657,경북 경산시, 대학로 10길 1,35.8337,128.728,2023-02-01 00:00:00,Y,불포함
519,영천이플란트치과의원,의원,시,경북,054-706-8275,070-4009-7006,38894,경북 영천시,완산로 68,35.9665,128.9393,2023-02-01 00:00:00,Y,불포함
520,장수요양병원,요양병원,군,충남,041-642-0001,041-642-2004,32209,충남 홍성군,은하면 구성남로 381,36.5526,126.569,2023-02-01 00:00:00,Y,불포함
521,아이코이비인후과의원,의원,구,서울,02-453-1920,02-453-1921,4954,서울시 광진구,"자양로 287, 3층",37.5515,127.0918,2023-02-01 00:00:00,Y,불포함
522,가온삼성비뇨의학과의원,의원,구,서울,02-2294-8275,02-2294-8276,4737,서울시 성동구,"독서당로 302, 3층",37.5476,127.0227,2023-02-01 00:00:00,Y,불포함
523,내일맑음재활의학과의원,의원,구,서울,02-2088-4922,02-2135-9411,1187,서울시 강북구,"솔샘로 203, 3층",37.6203,127.0152,2023-02-01 00:00:00,Y,불포함
524,송파본내과의원,의원,구,서울,02-423-6655,02-423-7655,5697,서울시 송파구,"송파대로 385, 1층",37.5016,127.1097,2023-02-01 00:00:00,Y,불포함
525,창동제일의원,의원,구,서울,02-900-5011,02-904-5011,1405,서울시 도봉구,노해로 65길 17-13,37.6519,127.0455,2023-02-01 00:00:00,Y,불포함
526,삼성속편한내과의원,의원,구,서울,02-432-5002,02-432-6066,2249,서울시 중랑구,"사가정로 398, JS빌딩 2층",37.5803,127.0888,2023-02-01 00:00:00,Y,불포함
527,삼성수의원,의원,군,강원,033-375-2000,033-375-2700,26235,강원도 영월군,영월읍 중앙1로 15,37.1824,128.4656,2023-02-01 00:00:00,Y,포함
528,밝음나눔안과의원,의원,구,서울,02-556-8800,02-556-8585,6232, 서울시 서초구,"서초대로77길 3, 3층",37.4965,127.0287,2023-02-01 00:00:00,Y,불포함
529,강릉연세요양병원,요양병원,시,강원,033-645-1400,033-643-8812,25552,강원도 강릉시,옥가로 70,37.7623,128.9008,2023-02-01 00:00:00,Y,불포함
530,우신향병원,병원,구,서울,02-927-3333,02-925-4992,2856,서울시 성북구,안암로 99,37.5848,127.0311,2023-02-01 00:00:00,Y,불포함
531,한도병원,종합병원,시,경기,031-8040-1114,031-401-5155,15367,경기도 안산시, 단원구 선부광장로 103,37.334,126.8077,2023-02-01 00:00:00,Y,불포함
532,센텀플러스신경외과의원,의원,시,경남,055-381-7588,055-382-7588,50613,경남 양산시,물금읍 청운로 185,35.3173,129.0028,2023-02-01 00:00:00,Y,불포함
533,우리들마취통증의학과의원,의원,군,전북,063-562-7570,063-562-7571,56432,전북 고창군,고창읍 중앙로 206,35.43498179,126.6980024,2023-03-01 00:00:00,Y,불포함
534,오강렬내과의원,의원,시,전북,063-858-9119,063-562-7571,54593,전북 익산시,익산대로 198,35.9436,126.9488,2023-03-01 00:00:00,Y,불포함
535,이상희재활의학과의원,의원,군,전북,063-653-8274,063-653-8276,56040,전북 순창군,순창읍 순창9길 12-14,35.376,127.1422,2023-03-01 00:00:00,Y,불포함
536,더봄구강악안면외과치과의원,의원,구,대전,042-710-2875,042-710-2876,35233,대전시 서구,대덕대로 246 넥서스벨리 B동 2층,36.3533,127.38,2023-03-01 00:00:00,Y,불포함
537,동서신경외과의원,의원,군,경기,031-773-6806,031-773-6806,12561,경기도 양평군,양평읍 시민로36,37.4901,127.4957,2023-03-01 00:00:00,Y,불포함
538,가장편한내과의원,의원,구,서울,02-824-0011,,6921,서울시 동작구,"상도로 247, 3층",37.5052,126.9462,2023-03-01 00:00:00,Y,불포함
539,금촌비뇨기과의원,의원,시,경기,031-941-3588,031-941-3596,10930,경기도 파주시," 중앙로 308, 금촌타워 상가아파트 304~306호",37.7634,126.7757,2023-03-01 00:00:00,Y,불포함
540,조은비뇨기과의원,의원,시,경기,031-864-1711,,11346,경기도 동두천시,"지행로 59, 401호",37.8927,127.0538,2023-03-01 00:00:00,Y,불포함
541,메가비뇨의학과의원,의원,구,서울,02-871-7575,02-872-7575,8759,서울시 관악구,"남부순환로1603, 5층",37.4845,126.9288,2023-03-01 00:00:00,Y,불포함
542,방배연내과의원,의원,구,서울,02-522-9792,02-522-7555,6686,서울시 서초구,"방배로 83, 방배센트럴빌딩 6층",37.4819,126.997,2023-03-01 00:00:00,Y,불포함
543,구로삼성정형외과의원,의원,구,서울,02-2683-8275,02-2683-8276,8271,서울시 구로구,"경인로 204, 501호, 601호",37.4959,126.8439,2023-03-01 00:00:00,Y,불포함
544,미치과의원,의원,구,서울,02-912-2828,02-943-2737,2751,서울시 성북구,화랑로 87,37.6027,127.0418,2023-04-01 00:00:00,Y,불포함
545,박영수비뇨기과의원,의원,구,부산,051-291-5732,,49408,부산시 사하구,낙동대로 453,35.1052,128.969,2023-04-01 00:00:00,Y,불포함
546,더본정형외과의원,의원,구,부산,051-723-7600,051-723-7601,46015,부산시 기장군,"정관읍 정관로 563, 301호",35.3219,129.1757,2023-04-01 00:00:00,Y,불포함
547,정원정형외과의원,의원,구,부산,051-248-0119,051-248-9911,49235,부산시 서구,대영로 46,35.1094,129.0167,2023-04-01 00:00:00,Y,불포함
548,하이울산신경과의원,의원,구,울산,052-286-5300,052-286-5301,44509,울산시 중구,번영로 485 4층,35.5641,129.3366,2023-04-01 00:00:00,Y,불포함
549,울산숲정신건강의학과의원,의원,구,울산,052-281-7582,052-281-7583,44227,울산시 북구,"호계로 292, 3층",35.6292,129.3514,2023-04-01 00:00:00,Y,불포함
550,시원한비뇨기과의원,의원,구,서울,02-2062-7510,02-2062-7511,8082,서울시 양천구,"중앙로 262, 402~3호",37.5199,126.8635,2023-04-01 00:00:00,Y,불포함
551,정승기정형외과의원,의원,구,서울,02-358-2458,02-358-1333,3368,서울시 은평구,통일로 710,37.6093,126.9312,2023-04-01 00:00:00,Y,불포함
552,동인내과의원,의원,구,서울,02-2245-0875,02-2245-0854,2604,서울시 동대문구,천호대로 307,37.5659,127.0547,2023-04-01 00:00:00,Y,불포함
553,현대정형외과의원,의원,시,경남,055-902-3300,055-902-3301,50905,경남 김해시,"구산로19, 2층",35.249,128.8709,2023-05-01 00:00:00,Y,불포함
554,청도대남병원,병원,군,경북,054-373-0606,054-370-5550,38329,경북 청도군,화양읍 청화로 79-7,35.6486172,128.7368285,2023-04-01 00:00:00,Y,불포함
555,장성기독의원,의원,군,전남,061-393-3403,061-393-3404,57219,전남 장성군,장성읍 영천로 200-1,35.3023,126.785,2023-06-01 00:00:00,Y,불포함
556,의료법인거명의료재단 영광기독병원,종합병원,군,전남,061-350-3115,061-350-3100,57044,전남 영광군,영광읍 신남로 265,35.275,126.5109,2023-07-01 00:00:00,Y,불포함
557,삼성외과의원,의원,구,대전,042-361-5500,042-361-7775,35234,대전시 서구,"대덕대로176번길 9, 6~7층(둔산동)",36.3487,127.3777,2023-06-01 00:00:00,Y,불포함
558,서울정형외과의원(용산),의원,구,서울,02-792-0321,02-792-0329,4322,서울시 용산구,"한강대로 259, 고려에이트리움",37.5415,126.9724,2023-06-01 00:00:00,Y,불포함
559,한양정형외과의원,의원,구,서울,02-2242-7844,02-2215-2649,2645,서울시 동대문구,천호대로 455,37.5611,127.0697,2023-06-01 00:00:00,Y,불포함
560,서울플란트치과의원,의원,시,경기,031-283-2581,031-274-3332,16921,경기도 용인시,"기흥구 용구대로 2384, 2층",37.2992,127.108,2023-06-01 00:00:00,Y,불포함
561,강남드림내과의원,의원,구,서울,02-459-9777,,6373,서울시 강남구,"자곡로120, 403~405호",37.4721,127.0963,2023-06-01 00:00:00,Y,불포함
562,강동본터치정형외과의원,의원,구,서울,02-442-0087,02-428-0087,5269,서울시 강동구,"고덕로 262, 304~310호, 407~412호",37.5547,127.1546,2023-06-01 00:00:00,Y,불포함
563,홍제연세참비뇨의학과의원,의원,구,서울,02-396-5550,,3646,서울시 서대문구, 통일로 433,37.5876,126.9451,2023-06-01 00:00:00,Y,불포함
564,강북으뜸병원,병원,구,서울,1522-1746,02-985-0336,1170,서울시 강북구,"도봉로 187, 2~5층, 지하1층",37.6253,127.0262,2023-06-01 00:00:00,Y,불포함
565,연세수정형외과의원,의원,구,서울,02-332-1320,02-332-1323,4058,서울시 마포구,신촌로 88,37.5545,126.9344,2023-06-01 00:00:00,Y,불포함
566,오아로피부과의원,의원,구,서울,02-930-1500,02-930-0015,1695,서울시 노원구,노해로 507,37.6554,127.064,2023-06-01 00:00:00,Y,불포함
567,이주형내과의원,의원,군,울산,052-237-8800,052-237-8830,44978,울산시 울주군,"온양읍 온양로 105, 3층",35.4103,129.2834,2023-07-01 00:00:00,Y,불포함
568,구리센트럴병원,병원,시,경기,031-564-4114,031-546-4116,11932,경기도 구리시,검배로 46,37.5973,127.144,2023-07-01 00:00:00,Y,불포함
569,다대튼튼치과의원,의원,구,부산,051-715-2275,070-8650-2275,49506,부산시 사하구,"다대로 698, 5층",35.0486,128.9654,2023-07-17 00:00:00,Y,불포함
570,가톨릭정형외과의원,의원,시,경기,032-223-8275,032-342-1192,14676,경기도 부천시,"경인로 522, 4층(괴안동, 위드플러스타워)",37.4846,126.8133,2023-07-17 00:00:00,Y,불포함
571,밀양윤병원,병원,시,경남,055-354-2200,055-354-6112,44978,경남 밀양시,삼문중앙로 32(삼문동),35.4844,128.7556,2023-08-04 00:00:00,Y,불포함
572,류재규내과의원,의원,군,전북,063-653-5885,063-653-5886,56040,전북 순창군,순창읍 순창로 225-10,35.3756,127.143,2023-08-01 00:00:00,Y,불포함
573,하나이비인후과의원,의원,시,경북,054-455-8924,054-455-2012,39225,경북 구미시, 구미중앙로 111,36.1278,128.3345,2023-08-29 00:00:00,Y,불포함
574,153신경외과의원,의원,구,인천,032-217-1100,032-217-1102,21542,인천시 남동구,"호구포로 830, 5층",37.4563,126.7199,2023-09-01 00:00:00,Y,불포함
575,정의원,의원,군,전남,061-867-8576,,59347,전남 장흥군,관산읍 관산로 92-6,34.5634,126.9387,2023-09-01 00:00:00,Y,불포함
576,하나이비인후과의원,의원,시,전북,063-547-8275,063-547-9275,54408,전북 김제시,동서로 160,35.7989,126.8864,2023-09-01 00:00:00,Y,불포함
577,평촌연세365내과의원,의원,시,경기,031-385-3650,,14072,경기도 안양시,"동안구 평촌대로 217번길 27, 3~4층",37.3903,126.954,2023-09-01 00:00:00,Y,불포함
578,다산이엠365의원,의원,시,경기,031-566-0911,031-566-0918,12249,경기도 남양주시,"다산중앙로 82번길 78, 2~3층",37.6197,127.1633,2023-09-01 00:00:00,Y,불포함
579,구리백내과의원,의원,시,경기,031-557-6311,031-557-6303,11932,경기도 구리시,"검배로 42, 3~4층",37.5975,127.1436,2023-09-01 00:00:00,Y,불포함
580,아산퍼스트마취통증의학과의원,의원,시,강원,033-572-7588,,25920,강원도 삼척시,"진주로 19, 3층",37.4425,129.1638,2023-09-01 00:00:00,Y,불포함
581,뉴대성병원,병원,시,경기,032-610-1111,032-652-0145,14577,경기도 부천시,부천로 91,37.49254643,126.7841812,2023-10-01 00:00:00,Y,불포함
582,박현수정형외과의원,의원,구,인천,032-507-6222,032-507-6224,21416,인천시 부평구,"수변로 8, 파워프라자 2층",37.4872,126.7398,2023-10-01 00:00:00,Y,불포함
583,손발척척정형외과의원,의원,시,경기,031-986-2980,031-986-2981,10113,경기도 김포시,"양도로 23, 오성프라자 6차 5층",37.6067,126.7251,2023-10-01 00:00:00,Y,불포함
584,엘앤에스비뇨기과의원,의원,구,서울,02-988-1151,02-988-1108,1125,서울시 강북구,"도봉로 217, 25메디컬빌딩 5-7층",37.6281,127.0252,2023-11-01 00:00:00,Y,불포함
585,도봉연세위내과의원,의원,구,서울,02-6953-7561,02-6953-7562,1334,서울시 도봉구,"도봉로 684, 모비우스스퀘어 3층",37.6653,127.0438,2023-11-01 00:00:00,Y,불포함
586,노태호바오로내과의원,의원,구,서울,02-968-7575,02-968-7373,2573,서울시 동대문구,"홍릉로 3, 3층",37.5807,127.0448,2023-11-01 00:00:00,Y,불포함
587,굿데이이비인후과의원,의원,구,서울,02-966-9002,02-966-9005,2572,서울시 성북구,돌곶이로 25,37.6067,127.061,2023-11-01 00:00:00,Y,불포함
588,서울베스트안과의원,의원,구,서울,02-966-0225,02-966-0226,2788,서울시 동대문구,왕산로 171,37.5794,127.0421,2023-11-01 00:00:00,Y,불포함
589,서울안과의원,의원,시,경남,055-327-7582,055-327-7584,50948,경남 김해시,"내외중앙로 84 서울메디컬센터 8층,9층",35.2374,128.8676,2023-11-01 00:00:00,Y,불포함
590,이동헌비뇨기과의원,의원,시,경남,055-248-1097,,51289,경남 창원시,마산회원구 회원동 북성로138 천지리치빌 306호,35.2194,128.5711,2023-11-01 00:00:00,Y,포함
591,중앙마취통증의학과의원,의원,군,경남,055-532-1450,055-532-1421,51289,경남 창녕군,창녕읍 명덕로 66-1,35.5425,128.4965,2023-11-01 00:00:00,Y,불포함
592,장현진정형외과의원,의원,시,세종,044-863-1150,044-865-2258,30026,세종시,조치원읍 조치원로 62-1,36.6024,127.3035,2023-11-01 00:00:00,Y,불포함
593,새봄안과의원,의원,구,대전,042-826-2475,042-710-2476,34188,대전시 유성구,"계룡로 114, BYC빌딩 7층(봉명동)",36.3527,127.3431,2023-11-13 00:00:00,Y,불포함
594,군산원광효도요양병원,요양병원,시,전북,063-450-0817,063-450-0708,54078,전북 군산시,조촌4길 11,35.9676,126.7356,2023-12-01 00:00:00,Y,불포함
595,달팽이이비인후과의원,의원,시,전북,063-445-1005,063-445-1055,54072,전북 군산시,궁포안1길 33,35.9762,126.7441,2023-12-01 00:00:00,Y,불포함
596,배양규비뇨의학과의원,의원,구,울산,052-260-6000,052-260-0026,10930,울산시 남구,"삼산로 171, 2층, 3층",35.5373,129.3259,2023-12-01 00:00:00,Y,불포함
597,삼성바른정형외과의원,의원,시,충북,043-643-3300,043-643-3313,27169,충북 제천시,의림대로 123. 2층,37.1388,128.2106,2023-12-01 00:00:00,Y,불포함
598,중앙외과의원,의원,군,충북,043-832-2448,043-832-0303,28030,충북 괴산군,괴산읍 읍내로 11길 14,36.8098,127.7936,2023-12-01 00:00:00,Y,불포함
599,조은내과의원,의원,군,충북,043-882-8880,043-882-7770,27668,충북 음성군,대소면 오태로 98,36.9675,127.4859,2023-12-01 00:00:00,Y,불포함
600,의령병원,병원,군,경남,070-8885-6149,055-573-6800,52150,경남 의령군, 의령읍 의병로 14길 10,35.3186,128.2588,2023-12-01 00:00:00,Y,불포함
601,굿앤센신경외과신경과내과의원,의원,시,경남,055-752-8090,055-752-8020,52726,경남 진주시,"동진로 22, 아주스타타워 8,9층",35.1786,128.0936,2023-12-01 00:00:00,Y,불포함
602,신등하나의원,의원,군,경남,055-974-0417,,52257,경남 산청군,신등면 신차로 509,35.3775,128.0104,2023-12-01 00:00:00,Y,불포함
603,현대의원,의원,군,경남,055-933-8578,,50223,경남 합천군,삼가면 삼가1로 94,35.4137,128.1229,2023-12-01 00:00:00,Y,불포함
604,일등내과의원,의원,군,경남,055-863-1012,055-863-4012,52420,경남 남해군,"화전로 96번가길 4, 3층",34.84,127.8951,2023-12-01 00:00:00,Y,불포함
605,고성비뇨기과의원,의원,군,경남,055-674-7575,055-674-7572,52942,경남 고성군,고성읍 동외로 157,34.9754,128.3257,2023-12-01 00:00:00,Y,불포함
606,현대요양병원,요양병원,시,충남,041-850-7500,041-860-7599,32585,충남 공주시,번영2로 18-10(신관동),36.4689,127.133,2023-12-01 00:00:00,Y,불포함
607,박언비뇨의학과의원,의원,구,부산,051-622-5474,051-622-5475,48497,부산시 남구,수영로 260 5층 511-512호,35.1374,129.0881,2023-12-01 00:00:00,Y,불포함
608,비에스숨이비인후과의원,의원,구,부산,051-710-7579,051-710-7580,49427,부산시 사하구,"낙동남로 1412 경부빌딩 7,8층",35.106,128.9676,2023-12-01 00:00:00,Y,불포함
609,한솔내과의원,의원,구,부산,051-581-3242,051-581-3585,46243,부산시 금정구,구서로17 덕원메디칼 2층,35.2466,129.089,2023-12-01 00:00:00,Y,불포함
610,우리고운피부과의원,의원,시,전남,061-279-3355,061-279-3288,58707,전남 목포시,영산로 246,34.8026,126.3934,2023-12-01 00:00:00,Y,불포함
611,위드유이비인후과의원,의원,군,전남,061-283-3900,061-283-3902,58581,전남 무안군,일로읍 오룡번영3로 40,34.8036,126.4835,2023-12-01 00:00:00,Y,포함
612,문경드림비뇨기과의원,의원,시,경북,054-504-7752,054-504-7753,36971,경북 문경시,중앙로 127,36.5965,128.2,2023-12-01 00:00:00,Y,불포함
613,좋은연합정형외과의원,의원,구,대구,053-628-2727,053-652-5678,42654,대구시 달서구,당산로 94,35.8458,128.5448,2023-12-01 00:00:00,Y,불포함
614,세이치과의원,의원,시,경북,054-431-2275,054-439-2275,39613,경북 김천시,자산로 147,36.1209,128.1183,2023-12-01 00:00:00,Y,불포함
615,세명치과의원,의원,시,경북,053-812-2822,053-812-2823,38619,경북 경산시,경안로 206,35.826,128.7371,2023-12-01 00:00:00,Y,불포함
616,손사랑연합의원,의원,시,전남,061-724-0994,061-725-3792,57934,전남 순천시,백강로 375-11,34.9665,127.5205,2023-12-01 00:00:00,Y,불포함
617,박혜의원,의원,군,전남,061-835-2281,061-835-2281,59537,전남 고흥군,고흥읍 학교길 40,34.6077,127.2913,2023-12-01 00:00:00,Y,불포함
618,메디팜요양병원,요양병원,시,전남,061-729-3306,061-729-3301,58028,전남 순천시,양율길 306(인월동),34.8974,127.4782,2023-12-01 00:00:00,Y,불포함
619,장인수가정의학과의원,의원,시,전북,063-214-7582,063-214-7583,54807,전북 전주시,덕진구 쪽구름로 120,35.8742,127.0721,2023-12-01 00:00:00,Y,불포함
620,중앙안과의원,의원,시,전북,063-625-3398,063-633-3399,55760,전북 남원시,용성로 113,35.4101,127.3886,2023-12-01 00:00:00,Y,불포함
621,남원의원,의원,시,제주,064-764-4156,064-764-4144,63621,제주도 서귀포시,남원읍 태위로 636,33.2778,126.7146,2023-12-01 00:00:00,Y,불포함
622,청주웰치과의원,의원,시,충북,043-238-9201,043-238-9205,28363,충북 청주시,"흥덕구 2순환로 1120, 3-5층",36.6414,127.4371,2023-12-01 00:00:00,Y,불포함
623,내포아산의원,의원,군,충남,041-404-7582,041-404-7579,32416,충남 예산군,"삽교읍 예목로 154, 3층",36.6721,126.6854,2023-12-01 00:00:00,Y,불포함
624,마스터연세정형외과의원,의원,구,서울,02-807-1175,02-806-1175,8630,서울시 금천구,시흥대로 190,37.4509,126.9025,2023-12-01 00:00:00,Y,불포함
625,코사랑이비인후과의원,의원,구,서울,02-821-1515,02-821-1512,7055,서울시 동작구,보라매로 113 3층,37.4995,126.928,2023-12-01 00:00:00,Y,불포함
626,타임안과의원,의원,구,서울,02-6342-8000,02-6342-8001,8227,서울시 구로구,경인로 387 5층,37.497,126.8632,2023-12-01 00:00:00,Y,불포함
627,센트럴요양병원,요양병원,시,경기,031-8041-3799,031-8041-3522,15079,경기도 시흥시,공단1대로 237 B동 3~8층,37.3369,126.7283,2023-12-01 00:00:00,Y,불포함
628,맨스톤비뇨의학과의원,의원,시,경기,031-265-5375,031-265-5376,6897,경기도 용인시,기흥구 죽전로 2 4층,37.3202,127.109,2023-12-01 00:00:00,Y,불포함
629,서울아산이비인후과의원,의원,시,경기,0507-1405-3710,031-848-3710,11695,경기도 의정부시,평화로 540 퍼시픽타워 11층,37.7401,127.0476,2023-12-01 00:00:00,Y,불포함
630,동울산영상의학과의원,의원,구,울산,052-236-7799,052-236-7798,44068,울산시 동구,방어진순환도로 633 세인트에스타워9층,35.4984,129.4277,2023-12-01 00:00:00,Y,불포함
631,백인정형외과의원,의원,군,울산,052-262-6900,052-262-6912,44946,울산시 울주군,언양읍 남문길 12,35.5643,129.1226,2023-12-01 00:00:00,Y,불포함
632,이광욱내과의원,의원,군,부산,051-722-9957,051-722-9958,46061,부산시 기장군,"읍내로 105, 5층",35.2454,129.2159,2023-12-01 00:00:00,Y,불포함
633,덕천치과의원,의원,구,부산,051-313-6000,051-312-6001,46548,부산시 북구,만덕대로 17,35.2108,129.007,2023-12-01 00:00:00,Y,불포함
634,애플치과의원,의원,구,부산,051-248-2828,051-248-2822,48953,부산시 중구," 비프광장로 40, B-501호",35.09823309,129.028896,2023-12-01 00:00:00,Y,불포함
635,김호일정형외과의원,의원,구,부산,051-342-3355,051-342-1991,46642,부산시 북구,시랑로 12(구포동),35.2046,129.0041,2023-12-15 00:00:00,Y,불포함
636,조은금강병원,종합병원,시,경남,055-330-0319,055-330-0345,50880,경남 김해시,김해대로 1814-37,35.2623,128.8617,2023-12-18 00:00:00,Y,불포함
637,푸른정형외과의원,의원,시,충남,041-931-2386,041-931-2389,33471,충남 보령시,"명천중앙길 8, 104호",36.344,126.6001,2024-01-01 00:00:00,Y,불포함
638,큰나무정형외과의원,의원,시,충남,041-543-8275,041-411-1046,31482,충남 아산시,배방읍 모산로 181,36.7757,127.0629,2024-01-01 00:00:00,Y,불포함
639,더속편한내과의원,의원,군,경북,054-977-4500,054-977-4502,39841,경북 칠곡군,석적읍 강변대로 2288,36.0756,128.3943,2024-01-04 00:00:00,Y,불포함
640,에스신경외과의원,의원,구,대구,053-764-1192,053-764-1193,42176,대구시 수성구,수성구 동대구로 86,35.8379,128.6247,2024-01-01 00:00:00,Y,불포함
641,더퍼스트병원,병원,군,대구,053-710-8211,053-710-7811,42945,대구시 달성군,화원읍 비슬로 2463,35.7982,128.4877,2024-01-01 00:00:00,Y,불포함
642,하하정형외과의원,의원,군,경북,054-954-9911,054-954-9910,40109,경북 고령군,다산면 다산로 701,35.8254,128.4522,2024-01-01 00:00:00,Y,불포함
643,퍼스트내과의원,의원,시,경기,031-981-6051,031-981-6053,10071,경기도 김포시,"김포한강4로 525, 감두리빌딩 4층",37.6457,126.6254,2023-12-29 00:00:00,Y,불포함
644,주안성모이비인후과의원,의원,구,인천,032-872-8281,032-872-8286,22126,인천시 미추홀구,"석정로 391, 뉴글로벌빌딩 2층",37.4672,126.679,2023-12-29 00:00:00,Y,불포함
645,마음속내과의원,의원,구,인천,032-541-6767,032-541-6768,21034,인천시 계양구," 장제로 871 셀마파빌딩 3,4층",37.545,126.7381,2023-12-29 00:00:00,Y,불포함
646,원더이비인후과의원,의원,구,인천,032-330-2275,032-330-2276,21389,인천시 부평구,"부평대로 19-1, 2층",37.4931,126.7226,2023-12-29 00:00:00,Y,불포함
647,꽃보다이비인후과의원,의원,구,인천,032-465-1904,032-466-1904,21565,인천시 남동구,"구월남로 172, 3층 301호",37.4527,126.7085,2023-12-29 00:00:00,Y,불포함
648,탑비뇨기과의원,의원,구,서울,02-478-0100,,5328,서울시 강동구," 천호대로 1015(천호동, 성보빌딩 10층)",37.5385,127.1251,2024-01-01 00:00:00,Y,불포함
649,잠실서울비뇨의학과의원,의원,구,서울,02-425-0010,,5510,서울시 송파구,"송파대로 562(신천동, 3층)",37.5153,127.0996,2024-01-01 00:00:00,Y,불포함
650,연세안안과의원,의원,구,서울,02-446-6675,,5055,서울시 광진구,"자양로 95, 801호(자양동)",37.5362,127.0832,2024-01-01 00:00:00,Y,불포함
651,원주연세의원,의원,시,강원,033-766-7881,,26403,강원도 원주시,흥업면 남원로 57,37.3015,127.9192,2024-01-01 00:00:00,Y,불포함
652,동해제일내과의원,의원,시,강원,033-522-6638,033-522-6637,25809,강원도 동해시,청운1길 48 2층,37.4858,129.1085,2024-01-01 00:00:00,Y,불포함
653,신준호의원,의원,시,강원,033-575-0018,,25920,강원도 삼척시,남양동 55-63,37.4415,129.1644,2024-01-01 00:00:00,Y,불포함
654,태백밝은안과의원,의원,시,강원,033-554-0071,,26008,강원도 태백시,황지로 169(황지동),37.1734,128.991,2024-01-01 00:00:00,Y,포함
655,정선연세외과의원,의원,군,강원,033-563-7778,033-563-7780,26130,강원도 정선군,정선읍 봉양6길 14,37.3789,128.664,2024-01-01 00:00:00,Y,포함
656,수서울내과의원,의원,시,경기,031-748-1112,031-748-1110,13179,경기도 성남시,중원구 산성대로 380(5층),37.4457,127.1578,2024-01-01 00:00:00,Y,불포함
657,연세플러스비뇨기과의원,의원,시,강원,033-243-6400,,24352,강원도 춘천시,금강로 69(4층),37.8791,127.7293,2024-01-01 00:00:00,Y,불포함
658,킹덤치과의원,의원,구,광주,062-671-4400,062-671-6677,61702,광주시 남구,제석로 110,35.1242,126.9076,2024-02-01 00:00:00,Y,불포함
659,화순고인돌정형외과의원,의원,군,전남,061-373-7575,061-373-7576,58118,전남 화순군,화순읍 중앙로 69,35.0612,126.9893,2024-02-01 00:00:00,Y,포함
660,강진88정형외과의원,의원,군,전남,061-433-8899,061-434-7988,59234,전남 강진군,강진읍 평동2길 30,34.638,126.768,2024-02-01 00:00:00,Y,불포함
661,장흥성심의원,의원,군,전남,061-836-5903,061-846-8275,59324,전남 장흥군,장흥읍 중앙로1길 13,34.6778,126.9101,2024-02-01 00:00:00,Y,불포함
662,김만중내과의원,의원,군,전남,061-536-3737,061-536-3839,59040,전남 해남군,해남읍 천변1길 8,34.5693,126.5983,2024-02-01 00:00:00,Y,불포함
663,속편한내과의원,의원,군,충남,041-753-5575,041-753-1175,32736,충남 금산군,"금산읍 금산로 1491, 2층",36.1068,127.4893,2024-01-01 00:00:00,Y,불포함
664,대성안과의원,의원,시,경기,032-661-3100,032-661-3103,14578,경기도 부천시,부흥로 377,37.4919,126.7835,2024-01-15 00:00:00,Y,불포함
665,요한비뇨기과의원,의원,시,경기,031-855-8822,031-847-8874,11673,경기도 의정부시,"시민로 39, 3층",37.7385,127.0395,2024-02-01 00:00:00,Y,불포함
666,더편한장내과의원,의원,시,경기,031-671-7575,031-671-7576,17577,경기도 안성시,"아양1로 61, 폴리프라자1 3층",37.0076,127.2594,2024-02-01 00:00:00,Y,불포함
667,연세탄탄정형외과의원,의원,시,경기,031-939-1004,031-855-8824,10896,경기도 파주시,"책향기로 836, 아름터타워 3층",37.7292,126.7638,2024-02-01 00:00:00,Y,불포함
668,서울신세계안과의원,의원,시,경기,1599-7397,,11695,경기도 의정부시,태평로 73번길 55,37.7388,127.0485,2024-02-01 00:00:00,Y,불포함
669,고성제일의원,의원,군,강원,033-681-7582,033-681-8275,24734,강원도 고성군,간성읍 간성로 40,38.3791,128.4724,2024-02-01 00:00:00,Y,포함
670,경기도립노인전문 남양주병원,요양병원,시,경기,031-590-5000,031-590-5010,12025,경기도 남양주시,수동면 외방로 172번길 50,37.7382,127.3095,2024-02-01 00:00:00,Y,포함
671,강남서울엔비뇨기과의원,의원,구,서울,02-553-8258,02-565-8258,6232,서울시 강남구," 강남대로 376, 12층",37.4965,127.0287,2024-02-01 00:00:00,Y,불포함
672,허준원엠디피부과의원,의원,구,서울,02-518-0382,02-518-0383,6017,서울시 강남구," 언주로 174길 26, 남강빌딩 2층",37.528,127.0359,2024-02-01 00:00:00,Y,불포함
673,푸른정형외과의원,의원,군,경기,031-774-7582,031-774-8275,12557,경기도 양평군,양평읍 시민로 29,37.4903,127.4947,2024-02-01 00:00:00,Y,불포함
674,일산연세참비뇨의학과의원,의원,시,경기,031-927-9276,031-926-3558,10414,경기도 고양시,"일산동구 강석로 113, 2층",37.6509,126.7794,2024-02-01 00:00:00,Y,불포함
675,곽내과의원,의원,구,서울,02-735-5135,02-734-5135,3043,서울시 종로구,"자하문로 58, 3층",37.5812,126.9712,2024-02-01 00:00:00,Y,불포함
676,한마음외과의원,의원,시,경기,031-235-7766,031-237-8262,16580,경기도 수원시,권선구 경수대로 321,37.2555,127.0211,2024-02-01 00:00:00,Y,불포함
677,평촌범계연세바로걷는의원,의원,시,경기,031-387-7585,031-387-7586,16072,경기도 안양시,"동안구 시민대로 206, 4,5층",37.3917,126.9538,2024-02-01 00:00:00,Y,불포함
678,이룸이비인후과의원,의원,시,경기,031-571-5075,031-571-0550,12066,경기도 남양주시,"진접읍 해밀예당1로 30, 센타프라자 6층",37.7118,127.1864,2024-02-01 00:00:00,Y,불포함
679,김철수내과의원,의원,시,경기,031-503-0872,,14999,경기도 시흥시,"능곡번영길 30, 3층",37.3704,126.8064,2024-02-01 00:00:00,Y,불포함
680,부산신경외과의원,의원,구,부산,051-715-3301,051-715-3302,46642,부산시 사상구,낙동대로 786 애진빌딩 6층,35.1307,128.9722,2024-02-01 00:00:00,Y,불포함
681,해비치의원,의원,시,제주,064-787-6780,064-787-6781,63629,제주도 서귀포시,"표선면 표선중앙로 86, 2층",33.3257,126.8331,2024-02-01 00:00:00,Y,불포함
682,신세기이비인후과의원,의원,구,부산,051-704-0370,051-704-0371,48111,부산시 해운대구,"세실로 43, 301호",35.1688,129.1785,2024-02-15 00:00:00,Y,불포함
683,에이치메디컬의원,의원,구,광주,062-510-2003,062-510-2003,61219,광주시 북구,서암대로 187,35.1688,126.9047,2024-03-01 00:00:00,Y,불포함
684,서울삼성재활의학과의원,의원,시,제주,064-792-8887,064-792-8887,63508,제주도 서귀포시,대정읍 하모상가로 49,33.2221,126.254,2024-02-15 00:00:00,Y,포함
685,하늘정형외과의원,의원,구,인천,032-747-1321,032-752-1321,22397,인천시 중구,"하늘중앙로 193, 조양타워 6,7층",37.49035863,126.5606598,2024-02-26 00:00:00,Y,불포함
686,김현장외과의원,의원,시,충남,041-734-5544,041-734-5542,32969,충남 논산시, 해월로 178(반월동),36.2054,127.0863,2024-03-01 00:00:00,Y,불포함
687,수연합내과의원,의원,구,대구,053-642-7575,053-642-7595,42781,대구시 달서구,월배로 219,35.8191,128.5372,2024-03-15 00:00:00,Y,불포함
688,이움내과의원,의원,구,경기,031-979-0875,031-979-0872,10503,경기도 고양시,"덕양구 백양로 51, 네이버타운 301호",37.6303,126.8332,2024-04-01 00:00:00,Y,불포함
689,베데스다복음병원,종합병원,시,경남,055-781-9708,055-388-1592,50576,경남 양산시,신기로 28(신기동),35.3532,129.0436,2024-04-11 00:00:00,Y,포함
690,새강북연합정형외과의원,의원,구,대구,053-324-7575,053-322-0077,41423,대구시 북구,학정로 419,35.9421,128.5631,2024-04-22 00:00:00,Y,불포함
691,제일좋은내과의원,의원,시,경북,054-254-1212,054-254-1214,37678,경북 포항시,남구 대이로 109,36.0249,129.3407,2024-04-22 00:00:00,Y,불포함
692,동송제일정형외과의원,의원,군,강원,033-458-1188,050-5130-1188,24014,강원도 철원군,"동송읍 금학로 215, 2층",38.2077,127.2177,2024-05-01 00:00:00,Y,포함
693,윤성일정형외과의원,의원,군,강원,033-439-9999,033-439-9900,25139,강원도 홍천군,"홍천읍 홍천로 316, 4~5층",37.6882,127.8804,2024-05-01 00:00:00,Y,불포함
694,서울원병원,병원,구,서울,1544-5888,5404)292-2877,7714,서울시 강서구,"강서로 179, 6~10층",37.5423,126.8391,2024-05-01 00:00:00,Y,불포함
695,BS삼성안과의원,의원,시,부산,051-808-7688,051-806-7688,48981,부산시 중구,구덕로 90 서라벌빌딩 5층,35.0975,129.026,2024-06-01 00:00:00,Y,불포함
696,더바른내과의원,의원,시,경남,055-785-5888,055-785-5889,50554,경남 양산시,"덕계로 61 태광프라자 2,3층",35.3737,129.1504,2024-06-01 00:00:00,Y,불포함
697,일산미래내과의원,의원,시,경기,1544-7517,031-924-3127,10242,경기도 고양시,"일산서구 일현로 97-11, 1층",37.696,126.7643,2024-06-01 00:00:00,Y,불포함
698,부산노인전문제3병원,요양병원,시,부산,051-780-5557,051-780-5558,48064,부산시 해운대구,해운대로 469번가길 77,35.1682,129.1475,2024-07-01 00:00:00,Y,불포함
699,부안효요양병원,요양병원,군,전북,063-580-7337,063-580-7272,56303,전북 부안군,행안면 염소로 25,35.7305,126.7213,2024-08-01 00:00:00,Y,불포함
700,플란트유치과의원,의원,군,전북,063-923-9877,063-923-9878,56436,전북 고창군,고창읍 보릿골로 115,35.4357,126.6953,2024-08-01 00:00:00,Y,불포함
701,진주역전이비인후과의원,의원,시,경남,055-759-3535,055-753-3535,52860,경남 진주시,관문로4 율곡스퀘어프런티어2 4층,35.1521,128.1178,2024-07-08 00:00:00,Y,불포함
702,밝은삼성안과의원,의원,시,경남,055-795-1700,070-8228-1010,52725,경남 진주시,진주대로 888 아이비타워 5층,35.1798,128.0911,2024-07-08 00:00:00,Y,불포함
703,시그니티요양병원,요양병원,군,전남,061-288-5504,061-288-5505,56303,전남 무안군,삼향읍 남악로 250번길 59-30,34.803,126.4714,2024-08-01 00:00:00,Y,불포함
704,센텀카이스트재활의학과의원,의원,시,부산,051-711-7512,051-711-7513,48492,부산시 남구,유엔평화로 4 갤러리메디타워 5-6층,35.1349,129.0917,2024-07-15 00:00:00,Y,불포함
705,오션이비인후과의원,의원,시,부산,051-405-1004,051-711-7513,49101,부산시 영도구,동삼로 56 한나타워 2층,35.0785,129.0708,2024-07-15 00:00:00,Y,불포함
706,맑은유비뇨기과의원,의원,시,부산,051-324-2481,051-323-2481,47039,부산시 사상구,"낙동대로 786, 애진빌딩 502호",35.1308,128.9721,2024-07-15 00:00:00,Y,불포함
707,서울아산이비인후과의원,의원,구,부산,051-711-3323,051-711-3306,46576,부산시 북구,만덕대로 24(덕천동),35.2104,129.0077,2024-07-15 00:00:00,Y,불포함
708,마디와신경외과의원,의원,시,경북,054-457-1800,054-457-1900,39227,경북 구미시,구미대로 409,36.1261,128.3385,2024-07-16 00:00:00,Y,불포함
709,속튼튼의원,의원,군,경북,054-371-0075,054-371-0074,38344,경북 청도군,청도읍 청화로 154,35.6437,128.7426,2024-07-16 00:00:00,Y,불포함
710,브이웰마취통증의학과의원,의원,구,대구,053-956-4886,053-957-4886,41562,대구시 북구,동북로 244,35.8954,128.6174,2024-07-16 00:00:00,Y,불포함
711,장튼튼내과의원,의원,구,인천,032-752-2388,032-752-2389,22402,인천시 중구,"하늘달빛로 94, 스타타워 301~3호",37.4872,126.5574,2024-07-17 00:00:00,Y,불포함
712,서울아산정형외과의원,의원,시,제주,064-782-8275,064-782-8276,63333,제주도 제주시,"조천읍 함덕 13길 1 2,3층",33.5416,126.6676,2024-07-22 00:00:00,Y,불포함
713,연합치과의원,의원,시,제주,064-762-2275,064-763-2275,63588,제주도 서귀포시,일주동로 8614 2층,33.2549,126.5679,2024-07-22 00:00:00,Y,불포함
714,이진정형외과의원,의원,시,경남,055-364-5511,055-364-5502,50554,경남 양산시,덕계로 22,35.3703,129.1486,2024-08-01 00:00:00,Y,불포함
715,한빛내과의원,의원,구,부산,051-966-7800,051-966-7802,48815,부산시 동구,중앙대로 233,35.1181,129.0407,2024-08-01 00:00:00,Y,불포함
716,위드유이비인과의원,의원,구,부산,051-583-7300,051-583-5533,46219,부산시 금정구,"중앙대로 2101, 2층",35.2718,129.0924,2024-08-01 00:00:00,Y,불포함
717,경북도립안동노인전문요양병원,요양병원,시,경북,054-851-6110,054-851-6404,36755,경북 안동시,남후면 남일로 1463,36.5235,128.6893,2024-08-01 00:00:00,Y,불포함
718,서울삼성내과의원,의원,군,경북,054-652-3410,054-652-3409,36820,경북 예천군,예천읍 중앙로 42,36.6564,128.4559,2024-08-01 00:00:00,Y,불포함
719,삼성안과의원,의원,시,경북,054-554-1119,054-544-1117,36971,경북 문경시,점촌로 23,36.5969,128.2001,2024-08-01 00:00:00,Y,불포함
720,라임비뇨기과의원,의원,시,대구,053-955-7600,053-955-7900,41198,대구시 동구,아양로 81,35.8833,128.6229,2024-08-01 00:00:00,Y,불포함
721,새하양정형외과의원,의원,시,경북,053-851-7585,053-851-7580,38699,경북 경산시,하양읍 서사도리 9로 27,35.9165,128.8126,2024-08-01 00:00:00,Y,불포함
722,민치과의원,의원,군,경북,054-783-0050,054-783-2550,36325,경북 울진군,울진읍 울진중앙로 120,36.9923,129.4014,2024-08-01 00:00:00,Y,불포함
723,눈애안과의원,의원,구,인천,032-716-6647,070-7547-6649,21949,인천시 연수구,"독배로 409번길 11, 효명프라자 304~5호",37.4276,126.6458,2024-08-01 00:00:00,Y,불포함
724,연수리더스내과의원,의원,구,인천,032-719-9988,032-719-9965,21930,인천시 연수구,"용담로 153, 대동월드스포츠센터 203호",37.4135,126.6826,2024-08-01 00:00:00,Y,불포함
725,우안과의원,의원,시,경남,055-355-2112,055-352-0220,50430,경남 밀양시,석정로 7-1,35.4915,128.753,2024-08-12 00:00:00,Y,불포함
726,보람가정의학과의원,의원,군,경남,055-586-0501,055-586-0502,52017,경남 함안군,원서로 10,35.3082,128.5184,2024-08-12 00:00:00,Y,불포함
727,미소들노인전문병원,요양병원,구,서울,02-3666-1114,02-3666-5523,8250,서울시 구로구,고척로21나길 88-41,37.5029,126.8412,2024-08-01 00:00:00,Y,불포함
728,화이팅정형외과의원,의원,구,서울,02-2088-2075,02-2088-2675,6236,서울시 강남구,"테헤란로 146, 현익빌딩 5층",37.5,127.0354,2024-08-01 00:00:00,Y,불포함
729,신도림하나이비인후과의원,의원,구,서울,02-859-5011,,8288,서울시 구로구,"새말로 89, 태영빌딩 202호",37.5058,126.8896,2024-08-01 00:00:00,Y,불포함
730,다모아치과의원,의원,시,경기,031-593-2879,031-593-2879,12150,경기도 남양주시,"늘을2로 14번길 5, 샤르망메디칼프라자 401호",37.6541,127.2446,2024-08-01 00:00:00,Y,불포함
731,건강드림내과의원,의원,시,경기,031-666-8275,031-664-8275,17763,경기도 평택시,"지산로 64, 1~5층",37.0797,127.0621,2024-08-01 00:00:00,Y,불포함
732,우리들내과의원,의원,시,강원,033-610-1500,033-641-3970,25533,강원도 강릉시,"경강로 2079, 2~5층",37.754,128.8945,2024-08-01 00:00:00,Y,불포함
733,누가이비인후과의원,의원,시,강원,033-535-3600,,25769,강원도 동해시,"한섬로 111-7, 3층",37.5222,129.1153,2024-08-01 00:00:00,Y,불포함
734,서울안과의원,의원,시,전남,061-283-3075,061-283-4075,58662,전남 목포시,비파로 106,34.8075,126.4241,2024-09-01 00:00:00,Y,불포함
735,동서재활의학과의원,의원,시,전남,061-280-8113,061-280-8199,58667,전남 목포시,하당로 153번길 14,34.8056,126.4142,2024-09-01 00:00:00,Y,불포함
736,하나로플란트치과의원,의원,군,전남,061-894-7528,061-894-7529,57153,전남 함평군,내바람길 42,35.0625,126.5211,2024-09-01 00:00:00,Y,불포함
737,복음내과의원,의원,군,전남,061-351-0124,061-351-0125,57041,전남 영광군,옥당로 155,35.2758,126.5008,2024-09-01 00:00:00,Y,불포함
738,밝은여수안과,의원,시,전남,061-665-1090,061-665-1091,59750,전남 여수시,좌수영로 25,34.7428,127.7278,2024-09-01 00:00:00,Y,불포함
739,센텀소중한눈안과의원,의원,구,부산,051-920-7788,051-920-7582,48060,부산시 해운대구,센텀남대로 50,35.1681,129.1313,2024-08-12 00:00:00,Y,불포함
740,윤재웅신경외과의원,의원,구,부산,051-710-3256,051-710-3259,47765,부산시 동래구,반송로 325(명장동),35.2085,129.1032,2024-08-12 00:00:00,Y,불포함
741,청춘안과의원,의원,구,부산,051-558-1070,051-558-1020,47738,부산시 동래구,명륜로 103번길 19,35.2029,129.082,2024-08-12 00:00:00,Y,불포함
742,이기훈내과의원,의원,시,전북,063-852-3321,063-852-3320,54533,전북 익산시,황등면 황등서로 4,36.0046,126.9445,2024-09-01 00:00:00,Y,불포함
743,양춘호치과의원,의원,시,전북,063-542-4567,063-542-4566,54379,전북 김제시,동서로 259,35.8042,126.8953,2024-09-01 00:00:00,Y,불포함
744,바르다마취통증의학과의원,의원,군,부산,051-724-6768,051-624-6775,46048,부산 기장군,일광읍 해빛6로 85-16,35.2654,129.2265,2024-08-19 00:00:00,Y,불포함
745,경대믿음정형외과의원,의원,구,대구,053-525-7582,053-525-7583,41732,대구시 서구,원대로 33,35.8806,128.5802,2024-08-19 00:00:00,Y,불포함
746,비앤비뇨의학과의원,의원,구,대구,053-552-2525,053-552-2527,42633,대구시 달서구,달구벌대로 1525,35.8501,128.5339,2024-08-19 00:00:00,Y,불포함
747,구지척앤본신경외과의원,의원,구,대구,053-615-6666,053-615-6665,43008,대구시 달성군,구지면 과학마을로 42,35.6556,128.418,2024-08-19 00:00:00,Y,불포함
748,우리삼성안과의원,의원,군,경북,054-975-7582,054-975-7582,42122,경북 칠곡군,왜관읍 중앙로 159,35.9891,128.3993,2024-08-19 00:00:00,Y,불포함
749,9988정형외과의원,의원,구,대구,053-784-9988,053-784-9987,39895,대구시 수성구,수성로 353,35.8571,128.6135,2024-08-19 00:00:00,Y,불포함
750,상무탑정형외과의원,의원,구,광주,062-384-8875,062-384-8876,67998,광주시 서구,마륵복개로 91,35.1457,126.8493,2024-09-01 00:00:00,Y,불포함
751,화순튼튼마취통증의학과의원,의원,군,전남,061-372-7522,,58120,전남 화순군,화순읍 칠충로 141-7,35.0611,126.9825,2024-09-01 00:00:00,Y,포함
752,서울탑마취통증의학과의원,의원,군,전남,061-537-0999,061-535-8279,59038,전남 해남군,남부순환로 5,34.5705,126.6074,2024-09-01 00:00:00,Y,불포함
753,임태진내과의원,의원,군,전남,061-555-2005,061-555-2005,59114,전남 완도군,완도읍 개포로 130번길 17,34.3189,126.7447,2024-09-01 00:00:00,Y,불포함
754,전남제일요양병원,요양병원,군,전남,061-900-1166,061-900-1163,58140,전남 화순군,화순읍 덕음로 999,35.0491,126.9851,2024-09-01 00:00:00,Y,포함
755,삼봉이치과의원,의원,군,전북,063-263-8275,063-263-8276,55334,전북 완주군,삼례읍 삼봉중앙로 9,35.922,127.1237,2024-09-01 00:00:00,Y,불포함
756,다사랑의원,의원,군,전북,063-644-2400,063-644-2401,55925,전북 임실군,임실읍 봉황로 203,35.6181,127.2829,2024-09-01 00:00:00,Y,불포함
757,권오연치과의원,의원,시,경북,054-636-0248,054-632-2875,36085,경북 영주시,중앙로 78,36.8221,128.6247,2024-09-02 00:00:00,Y,불포함
758,나득영심혈내과의원,의원,시,경북,054-772-9007,054-772-9008,38156,경북 경주시,원효로 51번길 12,35.8433,129.2066,2024-09-02 00:00:00,Y,불포함
759,정안과의원,의원,시,경남,055-636-7345,055-636-7346,53253,경남 거제시,거제중앙로 25길 4 유신빌딩 3층,34.8884,128.6229,2024-09-02 00:00:00,Y,불포함
760,동인천내과의원,의원,구,인천,032-765-5676,032-765-5681,21949,인천시 동구,"송현로 1, 송현프라자 401호",37.477,126.6334,2024-08-19 00:00:00,Y,불포함
761,서울연합의원,의원,군,충북,043-883-2700,043-883-8840,27666,충북 음성군,대소면 오태로 175,36.9665,127.4942,2024-08-19 00:00:00,Y,불포함
762,대전참사랑요양병원,요양병원,구,대전,070-4292-6554,042-478-9922,35235,대전시 서구,계룡로 491번길 8,36.3456,127.3804,2024-09-01 00:00:00,Y,불포함
763,백세성모정형외과의원,의원,구,대전,042-716-0119,042-716-0114,35311,대전시 서구,도산로 286,36.332,127.3856,2024-09-01 00:00:00,Y,불포함
764,나상연정형외과의원,의원,구,대전,042-628-3600,042-635-1711,34604,대전시 동구,동대전로 59-1,36.329,127.4412,2024-09-01 00:00:00,Y,불포함
765,하나치과의원,의원,군,충남,041-751-7522,041-751-7555,32738,충남 금산군,금산읍 인삼로 65,36.1033,127.4889,2024-09-01 00:00:00,Y,불포함
766,부여이비인후과의원,의원,군,충남,041-408-7500,041-408-7501,33145,충남 부여군,부여읍 성왕로 196,36.2819,126.9096,2024-09-01 00:00:00,Y,불포함
767,서울더편한치과의원,의원,군,충북,043-742-2080,043-744-2080,29145,충북 영동군,영동읍 중앙로 43,36.1757,127.778,2024-09-01 00:00:00,Y,불포함
768,곽앤신이비인후과의원,의원,구,대구,053-638-7582,053-654-7583,42760,대구시 남구,월배로 474,35.8353,128.5564,2024-09-02 00:00:00,Y,불포함
769,동인요양병원,요양병원,시,전남,061-640-8105,061-655-0016,59699,전남 여수시,좌수영로 319,34.7591,127.7107,2024-10-01 00:00:00,Y,불포함
770,구례서울의원,의원,군,전남,061-783-7575,061-783-7576,57639,전남 구례군,구례읍 봉동길 7,35.2096,127.4684,2024-10-01 00:00:00,Y,불포함
771,전용진정형외과의원,의원,구,울산,052-260-0504,070-4325-0504,44719,울산시 남구,"삼산로 266, 5층",35.5388,129.3363,2024-09-09 00:00:00,Y,불포함
772,명비뇨기과의원,의원,시,경기,032-327-1351,032-327-1352,14539,경기도 부천시,"원미구 길주로 243, 302호 제일프라자",37.5044,126.7697,2024-09-09 00:00:00,Y,불포함
773,오이비인후과의원,의원,시,경기,02-899-1119,02-899-1118,14327,경기도 광명시,"오리로 374, 3층 인선빌딩",37.4358,126.8797,2024-09-09 00:00:00,Y,불포함
774,로하스광명요양병원,요양병원,시,경기,02-2619-0075,02-2619-7775,14239,경기도 광명시,"디지털로 25, 3~5층 창덕빌딩",37.4741,126.8702,2024-09-09 00:00:00,Y,불포함
775,안정효내과의원,의원,시,강원,033-262-9889,033-262-9887,24378,강원도 춘천시,"퇴계로 188, 3층",37.8572,127.7394,2024-09-01 00:00:00,Y,불포함
776,하나큐치과의원,의원,시,강원,033-256-1928,033-256-1927,24256,강원도 춘천시,"후석로 355, 2층",37.8824,127.7478,2024-09-01 00:00:00,Y,불포함
777,춘천시노인전문병원,요양병원,시,강원,033-240-7500,033-240-7591,24216,강원도 춘천시,동면 세실로 252,37.8801,127.7564,2024-09-01 00:00:00,Y,포함
778,탑정형외과의원,의원,시,강원,1599-7501,033-745-7502,26437,강원도 원주시,봉화로 31,37.3473,127.9284,2024-09-01 00:00:00,Y,불포함
779,연세내과의원,의원,시,경기,031-203-1245,031-204-1245,16703,경기도 수원시,"영통구 봉영로 1623, 3층",37.2559,127.0747,2024-09-01 00:00:00,Y,불포함
780,안양더샘찬정형외과의원,의원,시,경기,031-465-1358,031-465-1516,14001,경기도 안양시,"만안구 병목안로 2, 3층",37.3999,126.9199,2024-09-01 00:00:00,Y,불포함
781,서울탑재활의학과의원,의원,시,경기,031-393-1000,031-393-1011,15865,경기도 군포시,"산본로 323번길 16-6, 5층",37.3592,126.9323,2024-09-01 00:00:00,Y,불포함
782,하나의원,의원,시,경기,031-663-9798,031-663-9793,17756,경기도 평택시,송탄로 410,37.0801,127.0582,2024-09-01 00:00:00,Y,불포함
783,센트럴제일안과,의원,시,경기,031-978-8275,031-948-8274,10908,경기도 파주시,"경의로 1092, 401호",37.7148,126.7601,2024-09-01 00:00:00,Y,불포함
784,권이비인후과의원,의원,시,서울,02-438-0660,02-6455-0661,2116,서울시 중랑구,"망우로 203, 201호",37.594,127.0751,2024-09-01 00:00:00,Y,불포함
785,랩이비인후과의원,의원,시,서울,02-6015-5075,02-6015-5074,4037,서울시 마포구,"양화로 61, 두암빌딩 1~2층",37.5508,126.9151,2024-09-01 00:00:00,Y,불포함
786,연세장안과의원,의원,시,서울,02-372-5677,02-372-5633,3791,서울시 서대문구,"수색로 56, 4층",37.5711,126.9126,2024-09-01 00:00:00,Y,불포함
787,연세든든내과의원,의원,시,서울,02-6347-8880,02-6347-8889,7715,서울시 강서구,"화곡로 152, 2층",37.5409,126.8387,2024-09-01 00:00:00,Y,불포함
788,베스트서울이비인후과의원,의원,시,서울,02-2138-2675,02-2138-2676,4724,서울시 성동구,"동호로 102, 3층",37.55,127.0165,2024-09-01 00:00:00,Y,불포함
789,열린성모이비인후과의원,의원,시,서울,02-6413-1004,050-4204-1264,5631,서울시 송파구,"백제고분로 466, 2층",37.5119,127.1136,2024-09-01 00:00:00,Y,불포함
790,서울선정형외과의원,의원,시,서울,02-2038-2530,050-4446-3569,7968,서울시 양천구,공항대로 630,37.5466,126.8748,2024-09-01 00:00:00,Y,불포함
791,영등포열린의원,의원,시,서울,02-2676-0832,070-8233-0834,7305,서울시 영등포구,"경인로 841, 4~5층",37.5165,126.9059,2024-09-01 00:00:00,Y,불포함
792,연세큰숲내과의원,의원,시,서울,02-2038-8270,02-2038-8273,3358,서울시 은평구,"통일로 742, 4~5층",37.6117,126.9292,2024-09-01 00:00:00,Y,불포함
793,강서이편한치과의원,의원,시,서울,02-2694-2804,02-2694-2808,7691,서울시 강서구,"강서로 254, 401호",37.5483,126.8368,2024-09-01 00:00:00,Y,불포함
794,제니트비뇨기과의원,의원,시,경남,055-285-2727,055-285-2797,51436,경남 창원시,성산구 원이대로 595 고운메디컬 3층,35.2279,128.6803,2024-10-01 00:00:00,Y,불포함
795,샘연합의원,의원,시,전남,061-744-7707,061-744-7706,57959,전남 순천시,팔마로 48,34.9462,127.4935,2024-11-01 00:00:00,Y,불포함
796,심병수신경외과의원,의원,시,전남,061-655-1700,061-655-0038,59713,전남 여수시,문수로 84,34.7541,127.7044,2024-11-01 00:00:00,Y,불포함
797,삼성비뇨기과의원,의원,시,충남,041-578-0875,041-578-0876,31175,충남 천안시,서북구 충무로 178,36.7943,127.127,2024-10-01 00:00:00,Y,불포함
798,이병진치과의원,의원,시,세종,044-862-2812,044-905-3008,30023,세종시,조치원읍 조치원로 7,36.6014,127.2976,2024-10-01 00:00:00,Y,불포함
799,세종연합비뇨기과의원,의원,시,세종,044-867-2800,044-867-2805,30127,세종시,한누리대로 273,36.4884,127.2565,2024-10-01 00:00:00,Y,불포함
800,단양군보건의료원,의원,군,충북,043-420-7700,043-420-3209,27013,충북 단양군,단양읍 삼봉로 53,36.9815,128.3504,2024-10-01 00:00:00,Y,불포함
801,인천메트로정형외과의원,의원,시,인천,032-891-8875,032-891-8876,22188,인천시 미추홀구,"용정공원로 83번길 59, 2층",37.4475,126.6494,2024-10-01 00:00:00,Y,불포함
802,김평남내과의원,의원,시,광주,062-233-7575,062-233-7576,61489,광주시 동구,백서로 134-1,35.1422,126.9202,2024-11-01 00:00:00,Y,불포함
803,첨단메디케어의원,의원,시,광주,062-720-9700,062-720-9799,62279,광주시 광산구,월계로 223-8,35.2139,126.8507,2024-11-01 00:00:00,Y,불포함
804,대한결핵협회 전북특별자치도지부 복십자의원,의원,시,전북,063-714-3104,063-241-3105,54909,전북 전주시,"완산구 쑥고개로 377, 2층",35.8477,127.1549,2024-11-01 00:00:00,Y,불포함
805,새봄가정의학과의원,의원,군,전북,063-262-1033,063-262-1066,55334,전북 완주군,삼례읍 삼봉1로 2,35.9225,127.1237,2024-11-01 00:00:00,Y,불포함
806,영주기독병원,병원,시,경북,054-635-6161,054-635-6172,36096,경북 영주시,구성로 380,36.8252,128.6212,2024-10-16 00:00:00,Y,불포함
807,서울신세계안과의원(강북),의원,시,서울,02-1599-7397,,1215,서울시 강북구,"도봉로 52, 4~5층",37.6136,127.0306,2024-10-01 00:00:00,Y,불포함
808,창동으뜸정형외과의원,의원,시,서울,02-6077-8880,,1413,서울시 도봉구,마들로13길 61,37.6578,127.0464,2024-10-01 00:00:00,Y,불포함
809,분당안과의원,의원,시,경기,031-703-6464,,13506,경기도 성남시,"분당구 성남대로 912, 4층",37.4109,127.1292,2024-10-01 00:00:00,Y,불포함
810,주인종내과의원,의원,시,서울,02-883-3379,,8777,서울시 관악구,"신림로 318, 6층",37.4825,126.9304,2024-10-01 00:00:00,Y,불포함
811,서전성모안과의원,의원,시,서울,02-875-7572,,8747,서울시 관악구,"은천로 110, 2층",37.4866,126.9475,2024-10-01 00:00:00,Y,불포함
812,강남레옹치과의원,의원,시,서울,02-535-2119,,6614,서울시 서초구,"강남대로 415, 4층",37.4995,127.0263,2024-10-01 00:00:00,Y,불포함
813,서초성모이비인후과의원,의원,시,서울,02-581-0075,,6656,서울시 서초구,"반포대로27길 13, 2층",37.4896,127.0064,2024-10-01 00:00:00,Y,불포함
814,종로아산본정형외과의원,의원,시,서울,02-745-7575,02-745-7576,3139,서울시 종로구,"종로 123, 3층",37.5707,126.9913,2024-10-01 00:00:00,Y,불포함
815,분당센트럴요양병원,요양병원,시,경기,031-706-9090,031-8023-9091,13568,경기도 성남시,분당구 양현로94번길 17,37.3918,127.1262,2024-10-01 00:00:00,Y,불포함
816,감일성모내과의원,의원,시,경기,02-6215-7575,02-6215-7500,12996,경기도 하남시,"신우실로 61, 4층",37.5098,127.1613,2024-10-01 00:00:00,Y,불포함
817,광주시원한비뇨의학과의원,의원,시,경기,031-8027-9275,,12758,경기도 광주시,"광주대로 31, 8층",37.4095,127.2602,2024-10-01 00:00:00,Y,불포함
818,안심서울마취통증의학과의원,의원,시,서울,02-766-3087,,5241,서울시 강남구,"도산대로 237, 5층 (신사동)",37.52170703,127.0329811,2024-10-01 00:00:00,Y,불포함
819,시원한신경과의원,의원,시,경북,054-285-8500,054-285-8501,37769,경북 포항시,남구 중흥로 88,36.013,129.3507,2024-11-01 00:00:00,Y,불포함
820,기장뉴욕치과의원,의원,군,부산,051-723-7285,051-723-7286,46066,부산 기장군,"차성로 288번길 30, 2층",35.2429,129.2153,2024-11-01 00:00:00,Y,불포함
821,박윤하비뇨기과의원,의원,시,부산,051-867-5335,051-517-4884,47520,부산시 연제구,반송로 5,35.1867,129.0821,2024-11-01 00:00:00,Y,불포함
822,수영청담비뇨의학과의원,의원,시,부산,051-754-8111,051-754-8112,48243,부산시 수영구,수영로 675,35.1659,129.1145,2024-11-01 00:00:00,Y,불포함
823,벗이비인후과의원,의원,시,인천,032-710-7531,032-710-7538,21034,인천시 계양구,"장제로 871, 2층",37.545,126.7382,2024-11-01 00:00:00,Y,불포함
824,메가비뇨의학과의원,의원,시,인천,032-426-8600,032-426-8603,21666,인천시 남동구,"논고개로 114, 에이스타워 301~2호",37.4014,126.7247,2024-11-01 00:00:00,Y,불포함
825,부평내과의원,의원,시,인천,032-522-7563,032-522-7564,21389,인천시 부평구,"부평대로 9, 문화오피스텔 4층",37.4921,126.7226,2024-11-01 00:00:00,Y,불포함
826,더윈이비인후과의원,의원,시,광주,062-676-0111,,61727,광주시 남구,서문대로 675,35.1195,126.8987,2024-12-01 00:00:00,Y,불포함
827,손치과의원,의원,군,전남,061-833-2875,061-833-2876,59540,전남 고흥군,고흥읍 터미널길 33,34.6082,127.2812,2024-12-01 00:00:00,Y,불포함
828,새플란트치과의원,의원,시,서울,02-433-2080,,2163,서울시 중랑구,"상봉로 134, 3층",37.5981,127.0933,2024-11-01 00:00:00,Y,불포함
829,우리안신경외과의원,의원,시,경기,031-484-7777,,15537,경기도 안산시,상록구 용신로 364,37.3015,126.8623,2024-11-01 00:00:00,Y,불포함
830,봉담센트럴내과의원,의원,시,경기,031-307-1000,,18309,경기도 화성시,"봉담읍 상리2길 55, 5층",37.2251,126.9469,2024-11-01 00:00:00,Y,불포함
831,안종훈내과의원,의원,시,경기,031-593-7390,031-593-7390,12180,경기도 남양주시,화도읍 마석중앙로 78,37.6519,127.3083,2024-11-01 00:00:00,Y,불포함
832,리앤홍이비인후과,의원,시,경기,031-714-1077,,13558,경기도 성남시,"분당구 성남대로331번길 7, 4층",37.3655,127.1072,2024-11-01 00:00:00,Y,불포함
833,서울더센트럴치과,의원,시,경기,031-763-2080,031-761-2860,12736,경기도 광주시,"초월읍 경충대로 1087, 2~3층",37.3736,127.2994,2024-11-01 00:00:00,Y,불포함
834,연세든든내과,의원,시,경기,031-694-0775,031-694-0774,17369,경기도 이천시,"영창로 202, 가동 5층",37.2808,127.4451,2024-11-01 00:00:00,Y,불포함
835,삼성정형외과의원,의원,시,경기,031-298-2115,050-4242-7679,18303,경기도 화성시,봉담읍 삼천병마로 1316,37.2222,126.9519,2024-11-01 00:00:00,Y,불포함
836,우리베스트내과의원,의원,시,인천,032-715-6308,032-715-6302,22731,인천시 서구,"염곡로 464번길 15, 4층",37.5264,126.671,2024-11-11 00:00:00,Y,불포함
837,김포삼성굿비뇨기과의원,의원,시,경기,031-8049-7675,031-8049-7655,10110,경기도 김포시,"김포대로 847, 4층",37.6196,126.7197,2024-11-11 00:00:00,Y,불포함
838,부천메디홀스의원,의원,시,경기,032-656-4114,032-656-0375,14727,경기도 부천시,소사구 경인로 110번길 18,37.483,126.7678,2024-11-11 00:00:00,Y,불포함
839,한빛요양병원,요양병원,시,경남,070-4121-1479,055-754-9011,52812,경남 진주시,대신로 120,35.171,128.1186,2024-11-15 00:00:00,Y,불포함
840,통영예일안과의원,의원,시,경남,055-644-5419,055-644-8444,53047,경남 통영시,"중앙로 240, 2층",34.8517,128.4285,2024-11-15 00:00:00,Y,불포함
841,최진화비뇨기과의원,의원,시,경남,055-646-7177,055-646-5330,53055,경남 통영시,"중앙로 90, 2층",34.8416,128.4192,2024-11-15 00:00:00,Y,불포함
842,센트럴안과의원,의원,구,대구,053-782-0055,053-754-1155,41242,대구시 동구,동부로 22길 2,35.8762,128.6268,2024-11-12 00:00:00,Y,불포함
843,삼성가정의학과의원,의원,시,전북,063-285-6002,063-285-6002,55132,전북 전주시,완산구 난전들로 266,35.7921,127.1172,2025-01-01 00:00:00,Y,불포함
844,안덕의원,의원,시,제주,064-794-0906,064-792-0303,63530,제주도 서귀포시,안덕면 화순로 112,33.2466,126.3343,2024-11-15 00:00:00,Y,불포함
845,제천밝은안과의원,의원,시,충북,043-643-4200,043-647-4545,27152,충북 제천시,의림대로 222,37.147,128.2146,2024-12-01 00:00:00,Y,불포함
846,서울아산비뇨의학과의원,의원,시,충북,043-286-8253,043-715-1890,28762,충북 청주시,"상당구 중고개로 180-5, 3층",36.6208,127.5154,2024-12-01 00:00:00,Y,불포함
847,콩앤팥내과의원,의원,시,경남,055-313-0808,055-326-0805,50993,경남 김해시,"계동로 102번길 31, 1.2층",35.1864,128.7976,2024-12-01 00:00:00,Y,불포함
848,맑은이비인후과의원,의원,시,경북,054-631-3457,050-4233-4113,36080,경북 영주시,중앙로 122-1 (하망동) 1층 맑은이비인후과,36.826,128.6261,2024-12-16 00:00:00,Y,불포함
849,화이트e치과,의원,시,경남,055-255-2000,055-255-2010,51316,경남 창원시,"마산회원구 3.15대로 686 9층,10층",35.2338,128.5795,2024-12-15 00:00:00,Y,불포함
850,새삼성내과의원,의원,시,경남,055-231-5502,055-231-5503,51236,경남 창원시,마산회원구 내서읍 삼계4길 34 3층,35.2336,128.5039,2024-12-15 00:00:00,Y,불포함
851,삼성드림이비인후과의원,의원,구,인천,032-224-0365,032-214-0365,22003,인천시 연수구,"센트럴로 232 (송도동, 더샵센트럴파크1) E동 2층",37.3967,126.6377,2024-12-09 00:00:00,Y,불포함
852,김판수이비인후과의원,의원,군,전남,061-353-9331,061-353-9332,57045,전남 영광군,영광읍 신남로 260,35.2751,126.5103,2025-02-01 00:00:00,Y,불포함
853,한용재활의학과의원,의원,시,전남,061-335-7575,061-334-7575,58255,전남 나주시,나주로 185,35.0337,126.721,2025-02-01 00:00:00,Y,불포함
854,박플란트치과의원,의원,시,서울,02-2296-8228,02-2296-8231,4709,서울시 성동구,"고산자로 253, 2층",37.5624,127.0356,2025-01-01 00:00:00,Y,불포함
855,속초정요양병원,요양병원,시,강원,033-637-0757,033-637-0756,24872,강원도 속초시,동해대로 4084,38.1899,128.5879,2025-01-01 00:00:00,Y,불포함
856,홍앤권이비인후과의원,의원,시,강원,033-735-7707,,26428,강원도 원주시,"중앙로 105, 2~3층",37.3494,127.9506,2025-01-01 00:00:00,Y,불포함
857,강남내과의원,의원,시,강원,033-242-8885,,24366,강원도 춘천시,"춘천로 68, 3~4층",37.8703,127.725,2025-01-01 00:00:00,Y,불포함
858,서울삼성내과의원,의원,시,경기,031-8011-3875,,17387,경기도 이천시,"마장면 오천로 49, 4층",37.2528,127.3535,2025-01-01 00:00:00,Y,불포함
859,연세송내과,의원,시,경기,031-8035-6119,031-8035-6133,10447,경기도 파주시,"후곡로 3, 2~3층",37.7572,126.7739,2025-01-01 00:00:00,Y,불포함
860,김이비인후과,의원,시,경기,031-867-7575,031-866-2775,11350,경기도 동두천시,"지행로 60, 6층",37.892,127.0538,2025-01-01 00:00:00,Y,불포함
861,아산재건정형외과,의원,시,경기,1899-7584,031-847-2047,11492,경기도 양주시,"고읍남로 18, 3~7층",37.7949,127.0794,2025-01-01 00:00:00,Y,불포함
862,태릉정원내과의원,의원,시,서울,02-979-0333,02-979-0331,1858,서울시 노원구,"동일로 1005, 5~6층",37.6199,127.0745,2025-01-01 00:00:00,Y,불포함
863,월곡순정형외과의원,의원,시,서울,02-909-6002,02-909-9008,2751,서울시 성북구,"화랑로 91, 2~3층",37.6029,127.0421,2025-01-01 00:00:00,Y,불포함
864,햇살요양병원,요양병원,시,서울,02-2244-5533,02-2244-5711,2523,서울시 동대문구,장한로 152,37.574,127.0722,2025-01-01 00:00:00,Y,불포함
865,흑석메트로정형외과의원,의원,시,서울,02-825-7582,02-825-7583,6972,서울시 동작구,"흑석로 110, 1~2층",37.5081,126.9614,2025-01-01 00:00:00,Y,불포함
866,세화정형외과의원,의원,시,제주,064-782-2473,064-783-2473,63361,제주도 제주시,구좌읍 구좌로 40 2층,33.5233,126.8557,2025-01-15 00:00:00,Y,불포함
867,센트럴치과의원,의원,시,제주,064-757-5244,064-758-5244,63192,제주도 제주시 ,중앙로 61 (이도일동) 2층 센트럴치과의원,33.5126,126.5249,2025-01-15 00:00:00,Y,불포함
868,하나가정의학과의원,의원,군,울산,052-225-7582,052-225-7583,44961,울산시 울주군,청량읍 삼정로 90,35.4955,129.2369,2025-01-15 00:00:00,Y,불포함
869,굿모닝빛안과의원,의원,구,울산,052-707-2500,052-700-7901,44719,울산시 남구,"삼산로 266, 2,3층",35.5388,129.3363,2025-02-01 00:00:00,Y,불포함
870,글로벌비전안과의원,의원,시,인천,032-263-2020,032-263-2049,21404,인천시 부평구,"경원대로 1366, 9호",37.491,126.7207,2025-02-01 00:00:00,Y,불포함
871,경기웰니스요양병원,요양병원,시,경기,031-828-8500,031-828-8599,11440,경기도 양주시,평화로 1479번길 45,37.8225,127.0467,2025-02-01 00:00:00,Y,불포함
872,정발산튼튼척의원,의원,시,경기,031-902-4758,031-902-4759,10403,경기도 고양시,"일산동구 정발산로 38, 208호",37.6567,126.7732,2025-02-01 00:00:00,Y,불포함
873,효사랑가족요양병원,요양병원,시,전북,063-711-1111,063-711-1110,55054,전북 전주시,완산구 용머리로 77,35.8067,127.1189,2025-02-17 00:00:00,Y,불포함
874,당진효자정형외과의원,의원,시,충남,041-430-8279,041-430-8278,31770,충남 당진시,당진중앙2로 113,36.8944,126.631,2025-02-10 00:00:00,Y,불포함
875,신세계의원,의원,군,경북,054-733-1075,057)733-1075,36458,경북 영덕군,강구면 동해대로 4465,36.356,129.3804,2025-02-10 00:00:00,Y,불포함
876,김내과의원,의원,시,경남,055-353-5354,055-352-2420,50423,경남 밀양시,내이2길 28,35.4975,128.7461,2025-02-15 00:00:00,Y,불포함
877,맨스톤비뇨의학과의원,의원,시,서울,02-6949-5225,070-7545-5225,4378,서울시 용산구,"한강대로 69, 3층",37.5272,126.9653,2024-12-01 00:00:00,Y,불포함
878,충무로정형외과의원,의원,시,서울,02-2272-8885,02-2272-8805,4554,서울시 중구,"충무로 3, 2층",37.5624,126.9917,2024-12-01 00:00:00,Y,불포함
879,김외과의원,의원,군,경기,031-585-2200,,12437,경기도 가평군,조종면 현창로 39,37.8183,127.3482,2025-03-01 00:00:00,Y,불포함
880,서울현대요양병원,요양병원,시,서울,02-484-7588,02-2135-7577,5327,서울시 강동구,올림픽로 684,37.5422,127.1254,2025-06-01 00:00:00,Y,불포함
881,금호바른정형외과의원,의원,시,서울,02-2135-7277,02-2135-7677,4723,서울시 성동구,"금호산길 63, 4~5층",37.5538,127.0193,2025-04-01 00:00:00,Y,불포함
882,서울으뜸내과의원,의원,시,서울,02-2297-7077,02-2297-7078,4715,서울시 성동구,"왕십리로 333, 2층",37.5627,127.0325,2025-04-01 00:00:00,Y,불포함
883,클리어안과의원,의원,시,경기,031-647-6247,031-647-6249,18029,경기도 평택시,"지제동삭2로 181-26, 4~5층",37.0172,127.094,2025-04-01 00:00:00,Y,불포함
884,상록탑정형외과의원,의원,시,경기,031-8032-9030,031-8032-9029,15537,경기도 안산시,"상록구 용신로 390, 5층",37.3014,126.8655,2025-04-01 00:00:00,Y,불포함
885,연세요양병원,요양병원,시,강원,033-765-5001,033-765-5005,24661,강원도 원주시,남원로 631,37.3398,127.9519,2025-06-01 00:00:00,Y,불포함
886,조도연정형외과의원,의원,시,강원,033-252-2800,,24436,강원도 춘천시,"경춘로 2348, b1, 1층",37.86300472,127.71966689999999,2025-06-01 00:00:00,Y,불포함
887,옥천김안과의원,의원,군,충북,043-731-7562,043-731-7563,29037,충북 옥천군,옥천읍 삼금로 5,36.2991,127.5664,2025-07-01 00:00:00,Y,불포함
888,무주안과의원,의원,군,전북,063-322-6556,063-322-6557,55515,전북 무주군,무주읍 한풍루로 351,36.0047,127.6644,2025-08-01 00:00:00,Y,불포함
889,김제속편한내과의원,의원,시,전북,063-545-3769,063-545-2769,54390,전북 김제시,서낭당길 16,35.8009,126.8855,2025-08-01 00:00:00,Y,불포함
890,서울치과의원,의원,군,충북,043-532-1230,,27834,충북 진천군,진천읍 중앙동7길 1,36.8574,127.445,2025-07-16 00:00:00,Y,불포함
891,수정안과의원,의원,시,부산,051-331-7576,051-337-2223,46548,부산시 북구,"만덕대로5, (덕천동)",35.2105,129.0059,2025-08-01 00:00:00,Y,불포함
892,경북연합외과의원,의원,시,대구,053-962-6991,053-962-9650,42134,대구시 수성구,희망로 159,35.8472,128.6163,2025-07-16 00:00:00,Y,불포함
893,베스트안과의원,의원,시,대구,053-622-0300,070-8630-0300,42498,대구시 남구,월배로 470,35.8349,128.5562,2025-07-16 00:00:00,Y,불포함
894,유앤탑플란트치과의원,의원,시,경북,054-532-3801,054-534-8488,37166,경북 상주시,동수4길 62,36.4229,128.1546,2025-07-16 00:00:00,Y,불포함
895,성은효요양병원,요양병원,군,경남,055-945-2228,055-945-2229,50138,경남 거창군,"거창읍 거창대로 55, 성은빌딩 1~5층",35.6865,127.916,2025-08-01 00:00:00,Y,불포함
896,영대프라임연합의원,의원,군,경남,055-945-0055,055-945-0075,50133,경남 거창군,거창읍 중앙로 157,35.6878,127.9153,2025-08-01 00:00:00,Y,불포함
897,굿뉴스요양병원,요양병원,시,경남,055-634-0675,055-633-2322,53285,경남 거제시,거제면 거제남서로 3554,34.8577,128.5839,2025-08-01 00:00:00,Y,불포함
898,센텀오딧세이치과의원,의원,시,부산,051-743-2080,0503-8379-2138,48062,부산시 해운대구,"해운대로 369, 9층(우동, 해운대센텀메디칼센터)",35.1702,129.1377,2025-08-01 00:00:00,Y,불포함
899,수비뇨기과의원,의원,군,경남,055-533-5599,055-533-5591,50323,경남 창녕군,"창녕읍 교리1길 4, 1층",35.5424,128.4938,2025-08-01 00:00:00,Y,불포함
900,이루미치과의원,의원,시,부산,051-816-8980,051-816-8981,47245,부산시 진구,"서전로5, (부전동)",35.1579,129.0603,2025-08-01 00:00:00,Y,불포함
901,경주성모안과의원,의원,시,경북,0507-1478-9932,054-777-3277,38146,경북 경주시,원화로 293,35.8467,129.217,2025-08-01 00:00:00,Y,불포함
902,대구광역시시지노인전문병원,요양병원,시,대구,053-819-1212,053-819-2088,42280,대구시 수성구,유니버시아드로 365,35.8291,128.7104,2025-08-01 00:00:00,Y,불포함
903,수요양병원,요양병원,시,전남,061-914-1001,061-914-1004,57760,전남 광양시,광양읍 덕산4길 35-4,34.9686,127.5624,2025-09-01 00:00:00,Y,불포함
904,문치과의원,의원,시,전남,061-681-2080,061-686-2082,59674,전남 여수시,소호로 658,34.7603,127.6567,2025-09-01 00:00:00,Y,불포함
905,보배치과의원,의원,군,전남,061-362-6011,061-362-6022,57542,전남 곡성군,곡성읍 중앙로 102,35.2804,127.294,2025-09-01 00:00:00,Y,불포함
906,서울가정의학과의원,의원,시,전북,061-636-9919,063-636-9921,55715,전북 남원시,인월면 인월북2길 19,35.4617,127.6037,2025-09-01 00:00:00,Y,불포함
907,서울바른훈치과의원,의원,시,서울,02-352-2828,02-6952-2829,3330,서울시 은평구,"통일로 855-8, 7층",37.6191,126.9203,2025-08-01 00:00:00,Y,불포함
908,(의)열린의료재단해운대열린의원,의원,시,부산,051-731-0626,051-731-0629,48092,부산시 해운대구,"마린시티3로 1, 320호(우동, 선프라자)",35.1578,129.1476,2025-09-01 00:00:00,Y,불포함
909,씨에프정훈비뇨기과의원,의원,시,부산,051-513-7576,051-518-7576,46271,부산시 금정구,"부곡로 120-1(부곡동, 명성빌딩4층)",35.2266,129.0921,2025-09-01 00:00:00,Y,불포함
910,삼성튼튼마취통증의학과의원,의원,군,충남,041-331-1100,041-331-1101,32436,충남 예산군,예산로 200,36.6795,126.8469,2025-09-01 00:00:00,Y,불포함
911,예천정형외과의원,의원,군,경북,054-655-7585,054-652-9119,36828,경북 예천군,예천읍 군청앞길 16,36.6558,128.4533,2025-09-01 00:00:00,Y,불포함
912,후이비인후과의원,의원,구,대구,053-424-8815,053-424-8816,41942,대구시 중구,동성로1길 81,35.8652,128.5977,2025-09-16 00:00:00,Y,불포함
913,서울프라임치과의원,의원,시,경북,054-859-2879,054-859-2878,36661,경북 안동시,경북대로 379,36.5635,128.7021,2025-09-16 00:00:00,Y,불포함
914,서울오치과의원,의원,군,충남,041-835-2875,041-836-0099,33151,충남 부여군,부여읍 중앙로 8,36.2805,126.9113,2025-09-15 00:00:00,Y,불포함
915,하나플란트치과의원,의원,시,충남,041-415-2874,041-415-2878,33449,충남 보령시,남대천로 58,36.3487,126.5935,2025-09-15 00:00:00,Y,불포함
916,굿플랜치과의원,의원,군,전남,061-857-6004,061-857-6005,59427,전남 보성군,벌교읍 홍암로 10-1,34.8427,127.3462,2025-10-01 00:00:00,Y,포함
917,남악치과의원,의원,군,전남,061-287-2804,061-287-0428,58566,전남 무안군,삼향읍 남악3로 79,34.8125,126.4599,2025-10-01 00:00:00,Y,불포함
918,융구강악안면외과치과의원,의원,시,전북,063-282-7528,063-284-7528,55048,전북 전주시,완산구 용머리로 203,35.8079,127.1321,2025-10-01 00:00:00,Y,불포함
919,더퍼스트치과의원 음성점,의원,군,충북,043-883-2080,043-883-2275,27738,충북 음성군,맹동면 원중로 1428,36.9092,127.5418,2025-09-22 00:00:00,Y,포함
920,도담외과의원,의원,시,부산,051-711-6119,051-714-2233,47253,부산시 진구,"새싹로22-1, 2,3층(부전동)",35.1599,129.0577,2025-10-01 00:00:00,Y,불포함
921,성모이비인후과의원,의원,시,울산,052-248-7585,052-248-7581,44924,울산시 울주군,"구영로 100 (구영리,구영프라자) 302호",35.5736,129.2414,2025-10-01 00:00:00,Y,불포함
922,고창노인요양병원,요양병원,군,전북,063-560-6100,063-563-7600,56442,전북 고창군,고창읍 고인돌대로 1765,35.4372,126.6913,2025-11-01 00:00:00,Y,불포함
923,서울보다치과의원,의원,시,전북,063-700-7582,062-700-7583,56160,전북 정읍시,중앙로 56,35.5712,126.8471,2025-11-01 00:00:00,Y,불포함
924,안심리더스요양병원,요양병원,구,대구,053-980-9800,053-985-3720,41128,대구시 동구,안심뉴타운2로 77,35.8732,128.7022,2025-10-16 00:00:00,Y,불포함
925,금정나라요양병원,요양병원,시,부산,051-513-1284,051-513-1208,46253,부산시 금정구,무학송로 143,35.244,129.0937,2025-11-01 00:00:00,Y,불포함
926,부산노인전문제4병원,요양병원,시,부산,051-202-1370,051-202-2354,49415,부산시 사하구,동매로 44번길 4(하단동),35.1024,128.9631,2025-11-01 00:00:00,Y,불포함
927,네이처비뇨의학과의원(은평),의원,시,서울,02-357-1500,070-4032-7553,3330,서울시 은평구,"통일로 855-8, 5층",37.6191,126.9203,2025-10-10 00:00:00,Y,불포함
928,더서밋요양병원,요양병원,시,서울,02-3663-6786,02-6442-6787,7540,서울시 강서구,양천로 715,37.5497,126.8756,2025-10-10 00:00:00,Y,불포함
929,서강박치과의원,의원,시,서울,02-718-6642,02-718-6645,4087,서울시 마포구,"토정로 195, 3~4층",37.5456,126.9328,2025-10-10 00:00:00,Y,불포함
930,삼성안과의원,의원,시,서울,02-424-7523,02-424-7521,5558,서울시 송파구,"울림픽로 114, 7층",37.5114,127.0832,2025-10-10 00:00:00,Y,불포함
931,한국효요양병원,요양병원,시,서울,02-357-0357,02-6352-3552,3462,서울시 은평구,"은평로 170, 6~8층",37.601,126.9267,2025-10-10 00:00:00,Y,불포함
932,천호이지함피부과의원,의원,시,서울,02-485-9700,02-485-9711,5378,서울시 강동구,"천호대로 1006, 1층",37.538,127.1238,2025-10-10 00:00:00,Y,불포함
933,코넬비뇨기과의원,의원,시,서울,02-718-7575,02-719-4275,4214,서울시 마포구,"신공덕동15, 제일빌딩 2층 205호",37.5445,126.9527,2025-10-10 00:00:00,Y,불포함
934,강승훈치과의원,의원,시,서울,02-2608-9396,02-2608-9397,8073,서울시 양천구,"중앙로 251, 2층",37.5187,126.8532,2025-10-10 00:00:00,Y,불포함
935,눈사랑안과의원,의원,시,경기,031-462-1717,031-462-1718,16088,경기도 의왕시,"부곡중앙남 3길 2, 3층",37.3207,126.9509,2025-10-10 00:00:00,Y,불포함
936,더채움치과의원,의원,시,경기,031-305-7528,031-305-7529,16284,경기도 수원시,"장안구 경수대로 920, 4층",37.3016,127.0097,2025-10-10 00:00:00,Y,불포함
937,공룡치과의원,의원,시,경기,031-377-2879,031-377-2878,18133,경기도 오산시,"성호대로 129, 6층",37.149,127.076,2025-10-10 00:00:00,Y,불포함
938,미라클요양병원,요양병원,시,경기,031-393-5566,031-393-5992,15874,경기도 군포시,삼성로 8번길 4-20,37.3364,126.9351,2025-10-10 00:00:00,Y,불포함
939,수원요양병원,요양병원,시,경기,031-640-9900,031-640-9923,16523,경기도 수원시,영통구 매영로 229번길,37.2613,127.0651,2025-10-10 00:00:00,Y,불포함
940,더와이즈헬스케어의원,의원,시,경기,1588-3327,031-797-2601,12756,경기도 광주시,"광주대로 55번길 21, DH타워 10,14,15층",37.4114,127.258,2025-10-01 00:00:00,Y,불포함
941,서울이비인후과의원,의원,시,경기,031-885-7600,031-885-7610,12622,경기도 여주시,여흥로 109번길 15. 4층,37.2971,127.6359,2025-10-01 00:00:00,Y,불포함
942,퍼스트치과의원,의원,시,경기,031-8027-2515,031-8027-2516,12913,경기도 하남시,"마사강변동로 95, 3층 3032호",37.5633,127.1919,2025-10-01 00:00:00,Y,불포함
943,미사연세이비인후과의원,의원,시,경기,031-794-2460,031-794-2460,12913,경기도 하남시,"미사강변동로 73, 508~512호",37.5615,127.193,2025-10-01 00:00:00,Y,불포함
944,동해요양병원,요양병원,시,강원,033-531-2500,033-531-2800,25770,강원도 동해시,중앙로 218,37.5203,129.1157,2025-10-10 00:00:00,Y,불포함
945,대전동부요양병원,요양병원,시,대전,070-4675-3714,042-368-2000,34521,대전시 동구,동부로 150,36.3272,127.467,2025-10-29 00:00:00,Y,불포함
946,백세요양병원,요양병원,시,대전,042-226-0101,042-253-1033,34934,대전시 동구,대종로 437,36.3238,127.4283,2025-10-29 00:00:00,Y,불포함
947,감인요양병원,요양병원,시,충남,041-351-5000,041-351-5003,31778,충남 당진시,남부로 138,36.8846,126.6315,2025-11-01 00:00:00,Y,불포함
948,천사요양병원,요양병원,시,광주,062-522-5004,062-529-7004,61117,광주시 북구,북문대로 18,35.1743,126.8835,2025-12-01 00:00:00,Y,불포함
949,고운빛안과의원,의원,시,광주,062-268-8883,062-268-8881,61192,광주시 북구,동문대로 115,35.1735,126.9253,2025-12-01 00:00:00,Y,불포함
950,탑팀재활의학과의원,의원,시,광주,062-974-9191,062-973-8191,61079,광주시 북구,빛고을대로 466,35.2036,126.8662,2025-12-01 00:00:00,Y,불포함
951,장정환외과의원,의원,시,광주,062-971-5570,062-971-5571,62274,광주시 광산구,첨단중앙로170번길 54,35.2203,126.8448,2025-12-01 00:00:00,Y,불포함
952,강진치과의원,의원,군,전남,061-432-9277,070-8873-9277,59233,전남 강진군,강진읍 영랑로2길 17,34.6386,126.7704,2025-12-01 00:00:00,Y,불포함
953,조광섭치과의원,의원,군,전남,061-353-2888,061-353-2883,57043,전남 영광군,영광읍 신남로 178,35.2759,126.5015,2025-12-01 00:00:00,Y,불포함
954,나주효사랑요양병원,요양병원,군,전남,061-330-1700,061-331-3900,58211,전남 나주시,금천면 영산로 5891-9,35.0359,126.7715,2025-12-01 00:00:00,Y,불포함
955,신안군공립요양병원,요양병원,군,전남,061-260-2700,061-260-2704,58824,전남 신안군,압해읍 구항길 92-50,34.8531,126.3138,2025-12-01 00:00:00,Y,포함
956,청담요양병원,요양병원,시,인천,032-546-8255,032-324-8240,22825,인천시 서구,"열우물로 235, 2~5층",37.4831,126.6845,2025-11-01 00:00:00,Y,불포함
957,김포서울대효요양병원,요양병원,시,경기,031-988-8275,031-987-9781,10126,경기도 김포시,고포읍 장차로 5번길 5-17,37.6029,126.7689,2025-11-01 00:00:00,Y,불포함
958,팔팔요양병원,요양병원,시,서울,02-3492-0888,02-3492-8088,1349,서울시 도봉구,"시루봉로 310, 화성빌딩",37.6709,127.0435,2025-11-01 00:00:00,Y,불포함
959,탑정형외과의원,의원,시,부산,051-987-0123,051-987-0124,49355,부산시 사하구,"사하로 200, 6층",35.0995,128.9937,2025-11-15 00:00:00,Y,불포함
960,청하요양병원,요양병원,시,경북,054-630-9900,054-630-9999,36056,경북 영주시,신재로 24번길 91,36.835,128.6091,2025-11-01 00:00:00,Y,불포함
961,달동길메리요양병원,요양병원,시,울산,052-996-0030,052-996-0033,44694,울산시 남구,돋질로 146(달동),35.5402,129.3217,2025-11-15 00:00:00,Y,포함
962,천안요양병원,요양병원,시,충남,041-569-5533,041-569-5511,31193,충남 천안시,동남구 삼룡천 3길10(구성동),36.791,127.164,2025-12-01 00:00:00,Y,불포함
963,우리안과의원,의원,시,충남,041-855-9797,041-855-9798,32539,충남 공주시,웅진로 209(산성동),36.4592,127.1247,2025-12-01 00:00:00,Y,불포함
964,서울봄빛안과의원,의원,시,세종,044-865-1400,044-865-1404,30127,세종시,"한누리대로 265, 명동프라자 603-607호(나성동)",36.4878,127.2568,2025-12-01 00:00:00,Y,불포함
965,천안김안과천안역본점의원,의원,시,충남,070-5147-1615,041-555-2051,31127,충남 천안시,동남구 중앙로 92(원성동),36.8066,127.1526,2025-12-01 00:00:00,Y,불포함
966,천안리더스신경외과의원,의원,시,충남,041-551-7582,041-551-7588,31156,충남 천안시,"서북구 불당33길 34, 2층 (불당동)",36.8119,127.1069,2025-12-01 00:00:00,Y,불포함
967,새찬요양병원,요양병원,시,경기,031-979-2119,031-979-2117,10509,경기도 고양시,덕양구 토당로 67번길 2 (토당동),37.6216,126.8185,2025-12-01 00:00:00,Y,불포함
968,양평루트치과의원,의원,군,경기,031-775-2875,031-771-6717,12555,경기도 양평군,"양평읍 양근로 188, 3~5층",37.4897,127.4901,2025-12-01 00:00:00,Y,불포함
969,연세민내과의원,의원,시,강원,033-733-7582,033-733-7583,26428,강원도 원주시,"중앙로 86, 4층 (중앙동, 세븐스타빌딩)",37.3489,127.9517,2025-12-01 00:00:00,Y,불포함
970,원주치과의원,의원,시,강원,033-734-2875,033-734-2874,26437,강원도 원주시,"봉화로 31, 2층 (단계동)",37.3473,127.9283,2025-12-01 00:00:00,Y,불포함
971,서울원치과의원,의원,군,강원,033-850-8228,070-7500-3709,25031,강원도 양양군,"양양읍 양양로 15, 2층",38.078,128.6266,2025-12-01 00:00:00,Y,불포함
972,이연수내과의원,의원,시,강원,033-532-4600,033-532-4601,25768,강원도 동해시,"중앙로 229, 2층 (천곡동)",37.5211,129.1143,2025-12-01 00:00:00,Y,불포함
973,이이비인후과의원,의원,시,강원,033-535-1616,033-535-4516,25808,강원도 동해시,"청운1길 51, 2층 (쇄운동)",37.4863,129.1089,2025-12-01 00:00:00,Y,불포함
974,논현새로운내과의원,의원,시,인천,032-424-3334,032-424-2994,21679,인천시 남동구,"논고개로 87, 401~407호 (논현동, 논현메디스타워)",37.399,126.7253,2025-12-01 00:00:00,Y,불포함
975,삼성성심의원,의원,시,인천,032-433-0757,032-433-0758,21550,인천시 남동구,"주안로 231, 4층(간석동)",37.4643,126.7039,2025-12-01 00:00:00,Y,불포함
976,인천퍼스트안과,의원,시,인천,032-562-3888,070-4009-2765,22865,인천시 서구,"이음1로 377, 5층 (원당동, 검단 눈담봄 101)",37.5944,126.7171,2025-12-01 00:00:00,Y,불포함
977,일등치과의원,의원,시,인천,032-555-2822,050-4345-0090,21060,인천시 계양구,"장제로 808, 201호 (계산동)",37.5398,126.735,2025-12-01 00:00:00,Y,불포함
978,주안속튼튼내과의원,의원,시,인천,032-710-0877,032-710-0878,22126,인천시 미추홀구,"석정로 391, 3층 (주안동)",37.4672,126.679,2025-12-01 00:00:00,Y,불포함
979,경희궁삼성마취통증의학과의원,의원,시,서울,02-6351-7979,02-6351-7980,3735,서울시 서대문구,"통일로 135, 충정빌딩 2층 1호 (냉천동)",37.5664,126.9655,2025-12-01 00:00:00,Y,불포함
980,목동서울청내과의원,의원,시,서울,02-2607-2607,02-2696-2696,7938,서울시 양천구,"목동로 203, 4층 401호 (신정동)",37.5268,126.8639,2025-12-01 00:00:00,Y,불포함
981,데오플란트치과의원,의원,시,서울,02-3281-7528,02-9281-7525,8700,서울시 관악구,"시흥대로 576, 4층 (신림동)",37.484,126.9031,2025-12-01 00:00:00,Y,불포함
982,메가비뇨의학과의원(이수),의원,시,서울,02-525-7979,02-525-7991,6675,서울시 서초구,"서초대로 2, 이수파이브 5층 (방배동)",37.4851,126.9827,2025-12-01 00:00:00,Y,불포함
983,백세튼튼정형외과의원,의원,시,서울,02-876-7575,02-876-7576,8846,서울시 관악구,"호암로 605, 1~3층 (신림동)",37.4714,126.9336,2025-12-01 00:00:00,Y,불포함
984,서울나무치과의원,의원,시,서울,02-2274-1175,02-2274-1165,6192,서울시 강남구,"선릉로90길 10,  제BB 202호 (대치동)",37.5039,127.0501,2025-12-01 00:00:00,Y,불포함
985,서초프라임요양병원,요양병원,시,서울,02-588-7575,02-588-7576,6693,서울시 서초구,방배천로2길 22 (방배동),37.4767,126.984,2025-12-01 00:00:00,Y,불포함
986,달라스치과의원,의원,시,서울,02-931-5165,02-934-7557,1763,서울시 노원구,"동일로 1363, 4층 (상계동, 명지프라자빌딩)",37.6504,127.0613,2025-12-01 00:00:00,Y,불포함
987,사과나무치과의원,의원,시,서울,02-762-4080,02-762-4050,3121,서울시 종로구,"지봉로 29, 401호 (창신동)",37.5725,127.0153,2025-12-01 00:00:00,Y,불포함
988,아프로치과의원,의원,시,서울,02-6431-2875,02-6077-8890,1413,서울시 도봉구,"마들로13길 61, 5층 501-1,501-6~8호 (창동)",37.6578,127.0465,2025-12-01 00:00:00,Y,불포함
989,양지요양병원,요양병원,시,경기,031-637-8844,031-638-8844,17396,경기도 이천시,호법면 덕평로 224,37.1873,127.3779,2025-12-01 00:00:00,Y,불포함
990,조안과의원,의원,시,경기,031-633-8554,031-633-6087,17370,경기도 이천시,"이섭대천로 1212, 2층 (창전동, 서울메디칼빌딩)",37.2784,127.4472,2025-12-01 00:00:00,Y,불포함
991,새한정형외과의원,의원,군,충북,043-882-4555,043-881-6995,27603,충북 음성군,감곡면 장감로 125번길6,37.1191,127.6363,2025-12-10 00:00:00,Y,불포함
992,최선정형외과의원,의원,시,전남,061-335-2300,061-335-2301,58325,전남 나주시,문화로 194,35.016,126.784,2026-01-01 00:00:00,Y,불포함
993,다솜의원,의원,시,경북,054-232-7855,054-231-7855,37686,경북 포항시,북구 새천년대로 713,36.0369,129.3591,2025-12-19 00:00:00,Y,불포함
994,강민연합치과의원,의원,시,경북,054-463-2828,054-462-2879,39236,경북 구미시,구미대로 409,36.1232,128.3623,2025-12-19 00:00:00,Y,불포함
995,솔트의료재단 예성요양병원,요양병원,시,충북,043-653-7700,043-653-7700,27147,충북 제천시,용두천로 333,37.1547,128.2176,2025-12-22 00:00:00,Y,불포함
996,이재호내과의원,의원,시,경남,055-364-8807,055-364-8827,50527,경남 양산시,"서창로 170-1, 2층 202호(삼호동, 메디칼센터)",35.4148,129.1714,2026-01-01 00:00:00,Y,불포함
997,허균흉부외과의원,의원,시,경기,032-323-2119,032-326-2119,14538,경기도 부천시,"원미구 길주로 235, 6층(중동)",37.5044,126.7685,2026-01-01 00:00:00,Y,불포함
998,동김해내과의원,의원,시,경남,055-336-2920,055-321-0591,50836,경남 김해시,"인제로 163, 3층",35.2431,128.9037,2026-01-19 00:00:00,Y,불포함
999,연세제일안과의원,의원,시,제주,064-727-2700,064-727-2702,63231,제주도 제주시,연북로 449 2층,33.4915,126.5374,2026-01-19 00:00:00,Y,불포함
1000,밝은힐링안과의원,의원,시,경남,055-545-9100,055-545-9103,51680,경남 창원시,진해구 충장로 128,35.1519,128.6659,2026-01-19 00:00:00,Y,불포함
1001,송치과의원,의원,군,경북,054-733-2875,054-733-2875,36433,경북 영덕군,"영덕읍 덕곡길, 2층",36.4107977218392,129.369208448183,2026-02-01 00:00:00,Y,불포함
1002,경일신경과내과의원,의원,구,대구,053-652-2525,053-625-3234,42660,대구시 달서구,달구벌대로 1814,35.8594370896226,128.563432879505,2026-02-01 00:00:00,Y,불포함
1003,다솜연합치과의원,의원,시,충북,043-848-7528,050-4088-0325,271-361,충북 충주시,봉계1길 56(칠금동),36.9812998532688,127.915781063966,2026-02-01 00:00:00,Y,불포함
1004,더청담마취통증의학과의원,의원,시,경기,031-656-1470,031-656-1471,17894,경기도 평택시,"통복시장2로 39번길 17, 1층",36.9967322730464,127.087253465408,2026-02-01 00:00:00,Y,불포함
1005,아산탑내과의원,의원,시,경기,031-294-5400,031-294-5401,16604,경기도 수원시,"권선구 금호로 226, 3층",37.2751588348255,126.974895337457,2026-02-01 00:00:00,Y,불포함
1006,밝음나눔안과의원(안양),의원,시,경기,031-360-7542,031-360-7541,14001,경기도 안양시,"만안구 안양로 307, 7층 8층",37.3992584093193,126.920560951136,2026-02-01 00:00:00,Y,불포함
1007,연세조안과의원,의원,시,강원,033-243-0309,033-243-0379,6120,강원도 춘천시,금강로72,37.878983804,127.729020822,2026-02-01 00:00:00,Y,불포함
1008,춘천요양병원,요양병원,시,강원,033-260-7114,033-260-7400,24210,강원도 춘천시,춘천로 527-34,37.898163269,127.764313434,2026-02-01 00:00:00,Y,불포함
1009,서울튼튼재활의학과의원,의원,군,충북,043-838-2600,043-838-8100,27937,충북 증평군,"증평읍 중앙로 184-1,2,3층",36.7827,127.58,2026-02-23 00:00:00,Y,불포함
1010,인플란트치과의원,의원,시,경남,055-337-2833,070-7545-7766,50940,경남 김해시,"김해대로 2342, 4층",35.2251,128.8833,2026-03-03 00:00:00,Y,불포함
1011,서울에스원치과의원,의원,시,경남,055-785-2872,055-785-2871,50629,경남 양산시,양산역6길 21,35.3373,129.0282,2026-03-03 00:00:00,Y,불포함
1012,서면좋은사람안과의원,의원,시,부산,051-711-6600,051-711-6644,47256,부산시 진구,"서면문화로 10, 15층",35.1588,129.0576,2026-03-03 00:00:00,Y,포함
1013,제주복지요양병원,요양병원,시,제주,064-800-0103,064-747-1409,63214,제주도 제주시,동광로 96,33.5052,126.5383,2026-04-01 00:00:00,Y,불포함
1014,인생플란트치과의원,의원,시,경기,031-723-7522,050-5723-7522,13316,경기도 성남시,수정구 성남대로1226번길 5,37.4394,127.1282,2026-03-01 00:00:00,Y,불포함
1015,연세척마취통증의학과의원,의원,시,경기,031-263-4600,031-263-4601,16898,경기도 용인시,기흥구 죽전로 39,37.3207,127.1129,2026-03-01 00:00:00,Y,불포함
1016,용인서울안과의원,의원,시,경기,031-333-1500,031-337-1313,17051,경기도 용인시,"처인구 금령로 86, 3층",37.235,127.206,2026-03-01 00:00:00,Y,불포함
1017,신동미소치과의원,의원,군,경기,031-585-2826,031-585-2827,12438,경기도 가평군,조종면 현창로 28-5,37.8176,127.3494,2026-03-01 00:00:00,Y,불포함
1018,신석균사랑내과의원,의원,시,경기,031-906-9111,031-906-9113,10414,경기도 고양시,"일산동구 장백로 194, 7층",37.6521,126.7767,2026-03-01 00:00:00,Y,불포함
1019,본치과의원,의원,시,전남,061-752-0100,061-571-6000,57943,전남 순천시,둑실1길 7,34.9562,127.4918,2026-03-01 00:00:00,Y,불포함
1020,우리치과의원,의원,시,전남,061-277-2874,061-277-0076,58763,전남 목포시,연산백련로 4-6,34.8178,126.3933,2026-01-01 00:00:00,Y,불포함
1021,엘병원,병원,시,경기,1899-3377,031-575-0055,12122,경기도 남양주시,퇴계원 퇴계원로 20,37.6487,127.1411,2026-04-01 00:00:00,Y,불포함
1022,서울웰이비인후과의원(삼성점),의원,시,서울,02-545-7582,02-545-7583,6083,서울시 강남구,"영동대로 602, 303호",37.5149,127.0604,2026-04-01 00:00:00,Y,불포함
1023,허리편한병원,병원,시,경기,031-656-2110,031-656-2101,17564,경기도 안성시,공도읍 진전중길 9,36.9944,127.1423,2026-04-10 00:00:00,Y,불포함
1024,무안베스트통증의학과의원,의원,군,전남,061-452-1300,061-452-1301,58529,전남 무안군,무안읍 불무로 25,34.9868,126.4736,2026-05-01 00:00:00,Y,불포함
1025,건강한한림연합내과의원,의원,시,제주,064-900-1017,064-900-1021,63028,제주도 제주시,"한림읍 한림중앙로 71, 2층",33.4087,126.2668,2026-05-11 00:00:00,Y,포함
1026,고려대련요양병원,요양병원,시,경북,054-241-1011,054-261-5055,37653,경북 포항시,흥해읍 새마을로 318-12,36.046,129.331,2026-06-16 00:00:00,Y,포함
1027,일산복음병원,병원,시,경기,031-977-5000,031-977-5842,10355,경기도 고양시,일산동구 고양대로 760,37.6819,126.78,2026-07-01 00:00:00,Y,불포함
1028,최형기성공의원,의원,시,서울,02-538-7675,02-538-7679,6087,서울시 강남구,"영동대로 611, 6층",37.5148,127.0594,2026-07-01 00:00:00,Y,불포함
1029,우리성모안과의원,의원,시,충남,041-734-5575,041-734-5594,32968,충남 논산시,해월로167번길 2,36.2054,127.0853,2026-07-01 00:00:00,Y,불포함
1030,일점영안과의원,의원,시,대전,042-345-1010,070-8240-1010,34946,대전시 중구,"계룡로 935, 1~4층",36.3196,127.4165,2026-07-01 00:00:00,Y,불포함
1031,한치과의원,의원,시,대전,042-285-2005,050-4262-5528,34704,대전시 동구,"산내로 1329, 2층",36.2819,127.467,2026-07-01 00:00:00,Y,불포함
1032,삼성플란트치과의원,의원,군,경남,055-715-2884,055-715-2885,50324,경남 창녕군,"창녕읍 창녕대로 47, 2층",35.54,128.4929,2026-07-06 00:00:00,Y,불포함
1033,혜성의원,의원,군,경남,055-573-5500,055-573-4300,52148,경남 의령군 ,의령읍 의병로 22길 13-8,35.3189,128.2638,2026-07-06 00:00:00,Y,불포함
1034,박안과의원,의원,시,전남,061-794-2510,061-794-3510,57788,전남 광양시,공영로 77,34.936,127.6977,2026-08-01 00:00:00,Y,불포함
1035,삼성치과의원,의원,군,전남,061-782-3222,061-782-4322,57642,전남 구례군,구례읍 로터리길 20,35.2088,127.4667,2026-08-01 00:00:00,Y,불포함
1036,연세미치과의원,의원,군,경남,055-586-2875,055-586-2870,52040,경남 함안군,"가야읍 남경길 32, 3층",35.2787,128.4096,2026-07-13 00:00:00,Y,불포함
1037,조은이비인후과,의원,군,경남,055-542-3378,055-543-3396,51595,경남 창원시,"진해구 냉천로 83, 201호",35.1531,128.7062,2026-07-13 00:00:00,Y,불포함
1038,밝은김안과의원,의원,시,경남,055-367-9116,055-367-9118,50621,경남 양산시,"서일동로 39, 3층",35.3419,129.0372,2026-07-20 00:00:00,Y,불포함
1039,연세바른안과의원,의원,시,,063-905-1010,063-905-1011,55080,전북 전주시,완산구 용머리로 32,,,2026-08-01 00:00:00,Y,불포함
1040,송치과의원,의원,군,전북,063-644-2828,063-644-2829,55951,전북 임실군,오수면 삼일로 11,35.5396,127.327,2026-08-01 00:00:00,Y,불포함
1041,의료법인진천의료재단 진천효병원,요양병원,군,충북,070-5180-7797,043-537-1909,27819,충북 진천군,이월면 반지길 54-0,36.8851,127.4375,2026-07-20 00:00:00,Y,불포함
1042,상쾌한이비인후과의원,의원,군,충북,043-745-7582,043-745-7583,29145,충북 영동군,"영동읍 중앙로 29, 신협 3층",36.175,127.7768,2026-07-20 00:00:00,Y,불포함
1043,서울일층치과의원,의원,군,충북,043-544-2875,043-544-2876,28948,충북 보은군,"보은읍 보은로 108, 1,2층",36.4837,127.7181,2026-07-20 00:00:00,Y,불포함
