addr1,addr2,date_time,fax,latitude,longitude,name,pid,region_big,region_small,tel,type,use_yn,zipcd
전남 강진군,강진읍 탐진로 5,1991-12-18 00:00:00,061-433-1003,34.6372553,126.7574570,강진의료원,1,군,전남,061-4332-1679,종합병원,Y,59227
전남 곡성군,곡성읍 곡성로 761,2007-09-01 00:00:00,061-360-6099,35.2763301,127.2882945,곡성사랑병원,2,군,전남,061-360-6000,병원,Y,57540
전남 광양시,광양읍 인덕로 992,2008-11-17 00:00:00,061-762-7070,34.9711046,127.5821405,광양병원,3,시,전남,061-761-7577,병원,Y,57753
전남 구례군,구례읍 동편제길 4,2002-07-12 00:00:00,061-783-0724,35.2159901,127.4634870,구례병원,4,군,전남,061-780-3300,병원,Y,57645
전남 고흥군,도양읍 차경구렁목길 211,2010-01-01 00:00:00,061-840-1122,34.5465248,127.1457469,녹동현대병원,5,군,전남,061-840-1200,병원,Y,59552
전남 담양군,담양읍 천변7길 19,2005-01-04 00:00:00,061-381-9793,35.3152638,126.9827470,담양사랑병원,6,군,전남,061-380-9000,병원,Y,57343
전남 보성군,벌교읍 남하로 12,2008-11-17 00:00:00,061-858-5533,34.8336900,127.3459825,벌교삼호병원,7,군,전남,061-859-5000,병원,Y,59431
전남 보성군,미력면 가평길 36-17,2002-07-11 00:00:00,061-853-1516,34.7755385,127.1051557,보성아산병원,8,군,전남,061-850-3114,병원,Y,59443
전남 신안군,비금면 송치길 155-11,2006-02-01 00:00:00,061-261-3042,34.7223845,125.9330008,신안대우병원,9,군,전남,061-262-3301,병원,Y,58847
전남 신안군,지도읍 봉리길 16-3,2007-05-03 00:00:00,061-275-1624,35.0606316,126.2115923,서울의원(신안),10,군,전남,061-275-7650,의원,Y,58813
전남 완도군,완도읍 청해진동로 63,1999-05-14 00:00:00,061-554-9323,34.3170561,126.7356881,완도대성병원,11,군,전남,061-553-1234,병원,Y,59109
전북 익산시,평동로 665,2010-01-01 00:00:00,063-842-4964,35.9313235,126.9526763,익산제일병원,12,시,전북,063-840-2305,병원,Y,54604
전남 장성군,장성읍 오동촌길 16 (부강아트빌),2006-10-01 00:00:00,061-390-9299,35.3029027,126.7950398,장성병원,13,군,전남,061-390-9000,병원,Y,57216
전북 정읍시,상동중앙로 94 (상동),2010-01-01 00:00:00,063-535-4411,35.5607198,126.8662007,정읍사랑병원,14,시,전북,063-530-3100,병원,Y,56192
전남 진도군,진도읍 남문길 12-11,2003-07-29 00:00:00,061-543-0511,34.4792952,126.2652077,(의) 남우의료재단 진도전남병원,15,군,전남,061-544-7933,병원,Y,58926
전남 함평군,함평읍 영수길 136,2002-12-26 00:00:00,061-324-1123,35.0619963,126.5198848,함평성심병원,16,군,전남,061-324-0001,병원,Y,57154
전북 부안군,부안읍 부령로 33,2002-06-17 00:00:00,063-582-9800,35.7327818,126.7460738,혜성병원,17,군,전북,063-583-5001,병원,Y,56304
전남 화순군,화순읍 충의로 109,2002-12-26 00:00:00,061-374-7679,35.0561932,126.9896121,화순고려병원,18,군,전남,061-370-3700,병원,Y,58124
전북 무주군,무주읍 한풍루로 413,2002-05-08 00:00:00,063-324-4990,36.0058824,127.6717091,무주군보건의료원,19,군,전북,063-320-8314,의원,Y,55515
전남 완도군,금일읍 금일로 397,2000-03-20 00:00:00,061-550-6799,34.3492508,127.0299988,완도금일보건지소,20,군,전남,061-550-6793,의원,Y,59140
전남 완도군,노화읍 노화로870번길 23,2006-01-01 00:00:00,061-552-8419,34.1773410,126.5721722,완도신노화의원,21,군,전남,061-553-5700,의원,Y,59158
전북 임실군,임실읍 호국로 1680,1994-02-01 00:00:00,063-640-3317,35.6127033,127.2873253,임실군보건의료원,22,군,전북,063-640-3320,의원,Y,55927
전북 장수군,장수읍 장천로 247,1995-03-09 00:00:00,063-350-3190,35.6542283,127.5197623,장수군보건의료원,23,군,전북,063-351-8000,의원,Y,55631
전남 진도군,조도면 창유1길 58-26,2001-12-01 00:00:00,061-542-6153,34.2949572,126.0466575,조도면보건지소,24,군,전남,061-542-5153,의원,Y,58956
전북 남원시,용성로 79 (동충동),2010-01-01 00:00:00,063-625-8979,35.4136077,127.3855720,중앙가정의학과의원,25,시,전북,063-625-8977,의원,Y,55761
전남 신안군,흑산면 예리3길 61,2003-08-18 00:00:00,061-240-8837,34.6873489,125.4458703,흑산면보건지소,26,군,전남,061-275-9062,의원,Y,58863
전북 고창군,고창읍 화신1길 9,2002-03-06 00:00:00,063-563-4549,35.4364207,126.6936630,고창병원,27,군,전북,063-560-5600,종합병원,Y,56436
전남 고흥군,고흥읍 고흥로 1935,1999-12-23 00:00:00,061-832-1999,34.6210043,127.2939397,고흥종합병원,28,군,전남,061-835-6000,종합병원,Y,59535
전남 광양시,공영로 71 (중동),2002-07-11 00:00:00,061-797-7878,34.9352802,127.6956670,광양사랑병원,29,시,전남,061-797-7000,종합병원,Y,57788
전북 군산시,의료원로 27,1999-03-23 00:00:00,063-472-5460,35.9548898,126.7119167,군산의료원,30,시,전북,063-472-5000,종합병원,Y,54105
전남 나주시,영산로 5419 (성북동),2002-11-15 00:00:00,061-330-6101,35.0362514,126.7192551,나주종합병원,31,시,전남,061-330-6100,종합병원,Y,58251
전북 남원시,충정로 365 (고죽동),1994-12-22 00:00:00,063-632-3337,35.4214398,127.3945969,남원의료원,32,시,전북,063-620-1114,종합병원,Y,55726
전남 목포시,이로로 18,1990-02-23 00:00:00,061-279-3242,34.8041235,126.4053521,목포시의료원,33,시,전남,061-260-6500,종합병원,Y,58701
전남 무안군,무안읍 몽탄로 65,2002-12-26 00:00:00,061-450-3253,34.9914382,126.4891531,대송의료재단 무안병원,34,군,전남,061-450-3000,종합병원,Y,58532
전북 익산시,무왕로 969 (신동),2001-06-18 00:00:00,063-840-9458,35.9580356,126.9622373,익산병원,35,시,전북,063-840-9114,종합병원,Y,54543
전남 장흥군,장흥읍 흥성로 74,2005-02-10 00:00:00,061-863-1132,34.6770898,126.9111921,장흥종합병원,36,군,전남,061-8628-3004,종합병원,Y,59325
전북 전주시,완산구 서원로 365 (중화산동1가),1990-12-24 00:00:00,063-230-8115,35.8154717,127.1261963,전주예수병원,37,시,전북,063-230-8114,종합병원,Y,54987
전북 정읍시,충정로 606-22 (용계동),1991-12-18 00:00:00,063-530-6624,35.5720587,126.8490295,정읍아산병원,38,시,전북,063-530-6114,종합병원,Y,56153
전남 해남군,해남읍 해남로 45,2002-02-01 00:00:00,061-533-4556,34.5716031,126.6130203,해남종합병원,39,군,전남,061-530-0114,종합병원,Y,59024
경북 영양군,영양읍 동서대로 75,2002-01-01 00:00:00,054-683-2996,36.6625188,129.1172504,(의)명성의료재단 영양병원,40,군,경북,054-682-0727,병원,Y,36541
경북 봉화군,봉화읍 보밑길 3,2002-01-01 00:00:00,054-674-0010,36.8916206,128.7333926,(의)봉화해성병원,41,군,경북,054-674-1332,병원,Y,36239
경북 성주군,성주읍 성주읍 3길 5-3,2003-01-01 00:00:00,054-933-5639,35.9188037,128.2864166,(의)석촌의료재단 성주병원,42,군,경북,054-932-1212,병원,Y,40026
경북 경산시,경안로 208,2008-11-01 00:00:00,054-819-8551,35.8260728,128.7372057,세명종합병원,43,시,경북,054-819-8389,종합병원,Y,38619
경북 예천군,예천읍 동본리 시장로 136,2000-07-01 00:00:00,054-654-2750,36.6573136,128.4590263,예천권병원,44,군,경북,054-654-6611,병원,Y,36820
경북 울진군,울진읍 현내항길 71,2003-03-13 00:00:00,054-785-7030,36.9927492,129.4100665,울진군의료원,45,군,경북,054-785-7024,병원,Y,36324
경북 고령군,대가야읍 중앙로 33,2003-01-01 00:00:00,054-955-8100,35.7261415,128.2629530,고령영생병원,46,군,경북,054-955-2661,병원,Y,40135
경북 김천시,김천로 192(남산동),2010-01-01 00:00:00,054-434-7301,36.1238795,128.1117637,김천남산종합의원,47,시,경북,054-434-2111,의원,Y,39596
경북 구미시,인동가산로 19길,2008-11-01 00:00:00,054-474-8571,36.0989172,128.4522122,삼성연합의원,48,시,경북,054-474-8575,의원,Y,39431
경북 울릉군,울릉읍 울릉순환로 396-18,1993-03-01 00:00:00,054-790-6879,37.4899374,130.8985208,울릉군보건의료원,49,군,경북,054-790-6878,의원,Y,40217
경북 상주시,상산로 251,2010-01-01 00:00:00,054-536-7586,36.4132887,128.1592496,상주제일안과,50,시,경북,054-536-7585,의원,Y,37198
경북 의성군,의성읍 문소3길 109,2010-11-01 00:00:00,054-832-7586,36.3555200,128.6938308,진연합의원,51,군,경북,054-832-7587,의원,Y,37335
경북 청송군,청송읍 의료원길 19,1995-01-01 00:00:00,054-873-7108,36.4310601,129.0522753,청송군보건의료원,52,군,경북,054-873-7100,의원,Y,37433
대구시 북구,곡중앙대로 302,2008-11-01 00:00:00,053-324-7530,35.9121522,128.5489762,태전정형외과연합의원,53,구,대구,053-324-7585,의원,Y,41462
경북 상주시,냉림서성길 7,1993-03-01 00:00:00,054-531-0017,36.4207960,128.1599753,(의)삼백의료재단 상주성모병원,54,시,경북,054-532-5001,종합병원,Y,37179
경북 경주시,동대로 87,2010-11-01 00:00:00,054-770-8501,35.8583073,129.1954409,동국대학교 경주병원,55,시,경북,054-748-9300,종합병원,Y,38067
경북 문경시,당교3길 25,1995-01-01 00:00:00,054-552-5664,36.5843256,128.1891835,동춘의료재단 문경제일병원,56,시,경북,054-550-7706,종합병원,Y,36986
경북 구미시,1공단로 179(공단동),2002-01-01 00:00:00,054-463-7504,36.1040701,128.3843467,순천향대학교 구미병원,57,시,경북,054-468-9114,종합병원,Y,39371
경북 안동시,태사2길 55(북문동470),1993-03-01 00:00:00,054-858-6434,36.5681036,128.7318687,안동의료원,58,시,경북,054-850-6451,종합병원,Y,36694
경북 영천시,오수1길 10(오수동),2000-07-01 00:00:00,054-330-7580,35.9579915,128.9131198,영남대학교부속 영천병원,59,시,경북,054-338-9000,종합병원,Y,38840
경북 포항시,북구 용흥로 36,1993-03-31 00:00:00,054-247-4911,36.0350941,129.3544868,포항의료원,60,시,경북,054-247-0551,종합병원,Y,37688
경북 의성군,안계면 안계길 171,2012-06-14 00:00:00,054-861-1231,36.3863022,128.4346149,삼성연합의원(의성),61,군,경북,054-861-5353,의원,Y,37313
충남 부여군,부여읍 계백로 200,2003-02-01 00:00:00,041-837-1210,36.2757210,126.9010699,건양대학교 부여병원,62,군,충남,041-837-1200,병원,Y,33169
충북 괴산군,괴산읍 임꺽정로 116,2011-01-03 00:00:00,043-834-3901,36.8154141,127.7842382,괴산성모병원,63,군,충북,043-830-5405,병원,Y,28027
충남 당진시,당진중앙1로 43 (읍내동),2003-02-01 00:00:00,041-351-0220,36.8986377,126.6329937,당진성모병원,64,시,충남,041-351-0200,병원,Y,31769
충북 보은군,보은읍 보은로 102,2002-09-01 00:00:00,043-544-1100,36.4832783,127.7182865,정민의료재단 보은한양병원,65,군,충북,043-544-1500,병원,Y,28949
충북 영동군,영동읍 대학로 106,2008-12-05 00:00:00,043-740-9001,36.1852219,127.7810064,영동병원,66,군,충북,043-740-9000,병원,Y,29134
충남 예산군,예산읍 신례원로 26,2006-09-11 00:00:00,041-334-2255,36.7129157,126.8338620,예산명지병원,67,군,충남,041-335-2255,병원,Y,32423
충남 천안시,서북구 충무로 129,2008-11-24 00:00:00,041-578-7511,36.7930172,127.1217545,예일병원,68,시,충남,041-571-7000,병원,Y,31174
충북 음성군,금왕읍 음성로1230번길 10,2011-08-12 00:00:00,043-877-4600,36.9974781,127.5985210,(의)태성의료재단 제일조은병원,69,군,충북,043-883-8800,병원,Y,27627
충남 서천군,서천읍 서천로 184,2003-02-01 00:00:00,041-951-8300,36.0844803,126.6876312,서해병원,70,군,충남,041-951-8282,병원,Y,33635
충북 진천군,진천읍 중앙북로 36,2002-03-01 00:00:00,043-534-8898,36.8583120,127.4406201,(의)건명의료재단 중앙제일병원,71,군,충북,043-533-1711,종합병원,Y,27832
충북 충주시,동량면 충원대로 1398,2008-11-24 00:00:00,043-855-8866,37.0483971,127.9309571,충주시노인전문병원,72,시,충북,043-855-9393,요양병원,Y,27442
충남 논산시,해월로 151,2010-01-01 00:00:00,041-732-2572,36.2043035,127.0836998,고려병원,73,시,충남,041-732-3489,병원,Y,32951
대전시 서구,계백로 1130 (가수원동),2010-01-01 00:00:00,042-541-4333,36.3023346,127.3521635,김봉천정형외과의원,74,구,대전,042-541-4330,의원,Y,35385
충북 영동군,영동읍 학산영동로 1241,2010-01-01 00:00:00,043-744-1839,36.1734830,127.7729420,서외과의원,75,군,충북,043-742-1171,의원,Y,29149
세종시,조치원읍 조치원로 31,2010-01-01 00:00:00,044-867-5825,36.5924922,127.2921328,이내과의원,76,시,세종,044-865-3571,의원,Y,30024
충남 청양군,청양읍 칠갑산로7길 54,2003-03-01 00:00:00,041-940-4509,36.4551521,126.8049308,청양군보건의료원,77,군,충남,041-942-3401,의원,Y,33324
충남 태안군,태안읍 서해로 1952-16,2003-02-01 00:00:00,041-671-5218,36.7519439,126.3229392,태안군보건의료원,78,군,충남,041-671-5300,의원,Y,32148
충북 충주시,국원대로 82 (교현동),2002-02-01 00:00:00,043-840-8964,36.9891443,127.9287458,건국대학교충주병원,79,시,충북,043-840-8200,종합병원,Y,27376
충남 공주시,웅진로 130,1997-11-01 00:00:00,041-962-1219,36.4518729,127.1248194,공주의료원,80,시,충남,041-962-1111,종합병원,Y,32563
충남 논산시,시민로294번길 14,2000-07-01 00:00:00,041-735-1639,36.1923478,127.0943895,백제종합병원,81,시,충남,041-733-2191,종합병원,Y,32980
충남 보령시,죽성로 136,1998-01-01 00:00:00,041-930-5133,36.3805499,126.6232855,보령아산병원,82,시,충남,041-930-5114,종합병원,Y,33428
충남 서산시,중앙로 149 (석림동),1998-01-01 00:00:00,041-689-8010,36.7844993,126.4503169,서산의료원,83,시,충남,041-689-7000,종합병원,Y,32001
충북 옥천군,옥천읍 성왕로 1195,1998-01-01 00:00:00,043-730-7100,36.3137075,127.5719490,(의)힐링의료재단 옥천성모병원,84,군,충북,043-730-7000,종합병원,Y,29031
충남 홍성군,홍성읍 조양로 224,1998-01-01 00:00:00,041-630-6380,36.5988023,126.6743322,홍성의료원,85,군,충남,041-630-6114,종합병원,Y,32232
경남 창원시,마산회원구 3·15대로 686 (석전동),2011-11-10 00:00:00,055-248-0362,35.2300216,128.5802661,365병원,86,시,경남,055-248-0365,병원,Y,51316
경남 고성군,고성읍 중앙로 49,2010-06-01 00:00:00,055-672-5700,34.9741735,128.3252156,강병원,87,군,경남,055-673-0101,병원,Y,52942
경남 거창군,거창읍 중앙로 91,1998-04-01 00:00:00,055-943-7649,35.6866286,127.9100200,거창적십자병원,88,군,경남,055-949-3332,병원,Y,50132
부산시 북구,사상로 607,2010-01-01 00:00:00,051-366-7115,35.1982749,128.9906321,구포부민병원,89,구,부산,051-366-7000,병원,Y,46504
부산시 기장군,기장읍 대청로72번길 6,2002-06-01 00:00:00,051-724-0171,35.2358805,129.2164460,기장병원,90,군,부산,051-712-7150,병원,Y,46072
경남 남해군,남해읍 화전로 169,1998-04-01 00:00:00,055-860-6767,34.8461640,127.8943923,남해병원,91,군,경남,055-863-2201,병원,Y,52417
경남 창원시,의창구 평산로219번길 3,2008-11-10 00:00:00,055-259-7788,35.2608147,128.6258478,메트로병원,92,시,경남,055-259-7700,병원,Y,51370
경남 진주시,남강로 701,2008-11-20 00:00:00,055-743-2932,35.1917777,128.0881618,반도병원,93,시,경남,055-747-6000,병원,Y,52758
제주도 서귀포시,일주동로 8638 (동홍동),2010-01-01 00:00:00,064-733-8006,33.2523213,126.5723954,서귀포열린병원,94,시,제주,064-762-8001,병원,Y,63585
울산시 중구,학성로 184,2008-11-10 00:00:00,052-292-2019,35.5565880,129.3309785,(의)에스엠씨의료재단 울산세민병원,95,구,울산,052-292-2000,병원,Y,44521
제주도 제주시,산천단남길 10,2010-01-01 00:00:00,064-724-2102,33.4452709,126.5601453,제주의료원,96,시,제주,064-720-2222,병원,Y,63243
부산시 사하구,감천로 59 (감천동),2011-12-01 00:00:00,051-292-1267,35.0842043,129.0096785,중앙U병원,97,구,부산,051-220-6304,병원,Y,49371
경남 창원시,진해구 중원동로 55-1,2008-11-10 00:00:00,055-540-3711,35.1497860,128.6609432,진해세광병원,98,시,경남,055-540-3700,병원,Y,51679
경남 통영시,중앙로 97,1998-04-01 00:00:00,055-645-8908,34.8422443,128.4199180,통영적십자병원,99,시,경남,055-644-8901,병원,Y,53061
경남 함양군,함양읍 고운로 70,1998-04-01 00:00:00,055-963-7689,35.5208588,127.7302425,함양성심병원,100,군,경남,055-963-4322,병원,Y,50039
경남 밀양시,하남읍 수산중앙로 56-2,2010-01-01 00:00:00,055-391-0085,35.3746864,128.7113696,행복한병원,101,시,경남,055-391-0090,병원,Y,50460
경남 창원시,의창구 창원천로94번길 82-18 (대원동),2008-11-10 00:00:00,055-270-8886,35.2378719,128.6573817,푸른요양병원,102,시,경남,055-270-8888,요양병원,Y,51409
경남 의령군,의령읍 충익로 23-6,2007-09-01 00:00:00,055-573-9976,35.3182881,128.2619126,복음의원,103,군,경남,055-573-9977,의원,Y,52149
부산시 영도구,태종로 160,2008-11-10 00:00:00,051-418-9292,35.0934178,129.0461788,수도의원,104,구,부산,051-416-4031,의원,Y,49057
경남 산청군,산청읍 웅석봉로 18,2009-03-02 00:00:00,055-973-8926,35.4156319,127.8758824,청송의원,105,군,경남,055-973-5422,의원,Y,52222
경남 거제시,두모길 16,1998-04-01 00:00:00,055-680-8412,34.8722413,128.7217033,대우병원,106,시,경남,055-680-8114,종합병원,Y,53317
경남 창원시,마산합포구 3·15대로 231,2000-07-01 00:00:00,055-249-1036,35.1988953,128.5662710,마산의료원,107,시,경남,055-249-1000,종합병원,Y,51264
제주도 서귀포시,장수로 47,1998-04-01 00:00:00,064-733-4320,33.2560963,126.5630644,서귀포의료원,108,시,제주,064-730-3160,종합병원,Y,63585
울산시 울주군,삼남읍 중평로 53,2007-02-01 00:00:00,052-255-7100,35.5596168,129.1205746,서울산보람병원,109,군,울산,052-255-7114,종합병원,Y,44948
울산시 남구,월평로171번길 13,1998-04-01 00:00:00,052-259-5145,35.5462090,129.3230784,울산병원,110,구,울산,052-259-5133,종합병원,Y,44686
제주도 제주시,아란13길 15,2002-01-01 00:00:00,064-717-1029,33.4670429,126.5457558,제주대학교병원,111,시,제주,064-717-1123,종합병원,Y,63241
제주도 제주시,도령로 65 (연동),2001-03-01 00:00:00,064-740-5676,33.4893203,126.4821751,제주한라병원,112,시,제주,064-740-5342,종합병원,Y,63127
경남 창원시,진해구 해원로32번길 13,2008-02-01 00:00:00,055-542-0174,35.1545448,128.6983452,연세에스병원,113,시,경남,055-548-7700,종합병원,Y,51659
강원도 원주시,일산로 20,1991-10-17 00:00:00,033-741-1190,37.3484690,127.9451839,원주세브란스기독병원,114,시,강원,033-741-0114,3차병원,Y,26426
경기도 고양시,일산서구 주화로 170,2000-07-01 00:00:00,031-910-7542,37.6742288,126.7503670,인제대학교 일산백병원,115,시,경기,031-910-7114,종합병원,Y,10380
인천시 강화군,강화읍 강화대로312번길 11,1991-01-01 00:00:00,032-933-8155,37.7433105,126.4954153,강화병원,116,군,인천,032-930-8151,병원,Y,23025
강원도 정선군,정선읍 봉양1길 145,2002-06-01 00:00:00,033-562-8110,37.3830173,128.6587563,근로복지공단 정선병원,117,군,강원,033-560-7100,병원,Y,26129
서울시 양천구,남부순환로 331 (신월동),2009-06-01 00:00:00,02-2690-7575,37.5373069,126.8277244,메디힐병원,118,구,서울,02-2604-7551,병원,Y,07905
서울시 관악구,남부순환로 1860 (봉천동),2009-01-01 00:00:00,02-880-0111,37.4837388,126.9426971,사랑의병원,119,구,서울,02-880-0114,병원,Y,08789
서울시 노원구,동일로 1678 (상계동),2009-01-01 00:00:00,02-933-0596,37.6587474,127.0635414,새서울연합의원,120,구,서울,02-930-5858,의원,Y,01625
경기도 의왕시,오전천로 29,2003-01-03 00:00:00,031-346-2888,37.3502461,126.9767752,아가페의료재단 시티병원,121,시,경기,031-340-0114,병원,Y,16060
경기도 양주시,회정로 103,2003-02-01 00:00:00,031-825-0073,37.8377357,127.0645178,양주예쓰병원,122,시,경기,031-825-5000,병원,Y,11451
경기도 양평군,양평읍 중앙로 129,1998-06-21 00:00:00,031-770-5555,37.4939802,127.5033376,양평병원,123,군,경기,031-770-5000,병원,Y,12550
경기도 남양주시,화도읍 경춘로 1943-16,2003-04-01 00:00:00,031-593-7985,37.6518762,127.3043556,원병원,124,시,경기,031-590-3114,병원,Y,12179
서울시 영등포구,당산로31길 10 (당산동3가),2009-01-01 00:00:00,02-2632-0722,37.5268013,126.8959163,(의)영등포병원,125,구,서울,02-2632-0013,병원,Y,07256
강원도 춘천시,금강로 39,2008-12-01 00:00:00,033-259-8107,37.8814112,127.7265589,인성병원,126,시,강원,033-253-3030,병원,Y,24272
강원도 인제군,인제읍 비봉로15번길 4,2002-07-03 00:00:00,033-463-2525,38.0678676,128.1733988,인제고려병원,127,군,강원,033-461-0088,병원,Y,24635
인천시 옹진군,백령면 백령로 233,1998-02-01 00:00:00,032-836-0118,37.9728415,124.7182710,인천광역시의료원 백령병원,128,군,인천,032-836-1731,병원,Y,23101
경기도 가평군,설악면 미사리로 267-177,2010-01-01 00:00:00,031-589-4494,37.6908251,127.5216892,HJ매그놀리아국제병원,129,군,경기,031-589-4300,병원,Y,12461
경기도 하남시,신평로 51 (신장동),2003-01-07 00:00:00,031-795-0013,37.5464019,127.2094750,햇살병원,130,시,경기,031-791-7330,병원,Y,12968
인천시 미추홀구,독배로 503 (숭의동),2009-01-01 00:00:00,032-888-7272,37.4506710,126.6473763,현대유비스병원,131,구,인천,032-890-5551,종합병원,Y,22173
강원도 원주시,상지대길 23,2010-01-01 00:00:00,033-742-3901,37.3691652,127.9388780,현대중앙병원,132,시,강원,033-747-1199,병원,Y,26342
강원도 횡성군,횡성읍 횡성로 275,2002-02-01 00:00:00,033-344-1199,37.4783172,127.9797883,횡성대성병원,133,군,강원,033-343-0901,병원,Y,25240
인천시 남동구,인주대로 806 (구월동),2009-01-01 00:00:00,032-438-9102,37.4492944,126.7252472,봄날요양병원,134,구,인천,032-464-9101,요양병원,Y,21588
서울시 성북구,"화랑로 271 (장위동, 동원베네스트)",2009-01-01 00:00:00,02-912-8088,37.6052866,127.0403349,(의)유라의료재단 온누리요양병원,135,구,서울,02-919-2700,요양병원,Y,02775
경기도 가평군,가평읍 가화로 75,2003-02-15 00:00:00,031-582-1722,37.8264472,127.5148617,가평성모의원,136,군,경기,031-582-1833,의원,Y,12420
서울시 용산구,백범로 51길 6,2006-01-01 00:00:00,02-716-2226,37.5397381,126.9607190,김내과의원,137,구,서울,02-703-2226,의원,Y,04318
서울시 서초구,효령로 396 (서초동),2006-01-01 00:00:00,02-3472-2804,37.4855461,127.0118012,김일중내과의원,138,구,서울,02-3473-1356,의원,Y,06727
서울시 마포구,독막로 22 (합정동),2006-01-01 00:00:00,02-334-5462,37.5467114,126.9328565,박상수내과의원,139,구,서울,02-332-5460,의원,Y,04072
서울시 노원구,동일로 1548 (상계동),2010-01-01 00:00:00,02-934-3075,37.6587474,127.0635414,밝은미래안과,140,구,서울,02-939-3075,의원,Y,01674
서울시 노원구,노해로 482 (상계동),2010-01-01 00:00:00,02-935-7365,37.6546090,127.0647926,노원삼성드림이비인후과의원,141,구,서울,02-935-1365,의원,Y,01751
강원도 양양군,양양읍 양양로 9-1,2006-03-01 00:00:00,033-672-6662,38.0783810,128.6271749,양양정형외과,142,군,강원,033-672-6722,의원,Y,25031
서울시 노원구,동일로 1401 (상계동),2010-01-01 00:00:00,02-930-0104,37.6676631,127.0580695,어비뇨기과,143,구,서울,02-930-0131,의원,Y,01762
서울시 금천구,"시흥대로 224,  4층",2006-01-01 00:00:00,02-809-5786,37.4537081,126.9015364,연세조내과의원,144,구,서울,02-803-2134,의원,Y,08628
경기도 연천군,전곡읍 은대성로 95,2001-03-01 00:00:00,031-839-4191,38.0233652,127.0612435,연천군보건의료원,145,군,경기,031-839-4001,의원,Y,11027
서울시 영등포구,영중로 46 (영등포동5가),2010-01-01 00:00:00,02-2069-0222,37.5293163,126.9051438,윤문수비뇨기과의원,146,구,서울,02-2069-0221,의원,Y,07250
경기도 광주시,퇴촌면 광동로 73-8,2010-01-01 00:00:00,031-766-6256,37.4708129,127.3108802,퇴촌중앙의원,147,시,경기,031-766-6211,의원,Y,12711
강원도 평창군,평창읍 종부로 61,2006-03-01 00:00:00,033-330-4809,37.3607053,128.3890248,평창군보건의료원,148,군,강원,033-332-4000,의원,Y,25377
서울시 서대문구,통일로 442 (홍제동),2006-01-01 00:00:00,02-379-3378,37.5830596,126.9475271,한양그린내과의원,149,구,서울,02-379-3377,의원,Y,03629
서울시 동대문구,사가정로 110 (전농동),2006-01-01 00:00:00,02-2244-9601,37.5770904,127.0618216,현대중앙의원,150,구,서울,02-2244-9600,의원,Y,02539
강원도 화천군,화천읍 강변로 111,2003-02-01 00:00:00,033-440-2899,38.1075314,127.7091133,화천군보건의료원,151,군,강원,033-442-4424,의원,Y,24119
서울시 영등포구,국제금융로 6길 33 6층,2010-01-01 00:00:00,02-6334-1100,37.5207606,126.9268930,제이씨빛소망안과,152,구,서울,02-785-1068,의원,Y,07321
강원도 강릉시,강릉대로419번길 42,1987-04-01 00:00:00,033-652-4276,37.7743397,128.9070484,강릉동인병원,153,시,강원,033-651-6167,종합병원,Y,25478
강원도 춘천시,백령로 156 (효자동),1999-01-01 00:00:00,033-258-2296,37.8700116,127.7404975,강원대학교병원,154,시,강원,033-258-2000,종합병원,Y,24289
경기도 포천시,포천로 1648,1999-12-22 00:00:00,031-539-9137,37.9031637,127.1981229,경기도립의료원 포천병원,155,시,경기,031-539-9114,종합병원,Y,11142
경기도 수원시,장안구 수성로245번길 69,1991-01-01 00:00:00,031-888-0588,37.2920141,126.9966460,경기도립의료원 수원병원,156,시,경기,031-888-0114,종합병원,Y,16316
경기도 안성시,고수2로 17 (당왕동),2003-01-09 00:00:00,031-8046-5566,37.0148856,127.2564024,경기도의료원 안성병원,157,시,경기,031-8046-5000,종합병원,Y,17572
경기도 의정부시,흥선로 142,1992-10-01 00:00:00,031-828-5021,37.7410385,127.0425242,경기도립의료원 의정부병원,158,시,경기,031-828-5000,종합병원,Y,11671
경기도 파주시,중앙로 207 (금촌동),2002-10-15 00:00:00,031-944-0909,37.7568413,126.7794836,경기도의료원 파주병원,159,시,경기,031-940-9100,종합병원,Y,10922
경기도 광명시,디지털로 36 (철산동),2002-05-16 00:00:00,02-2680-7755,37.4731549,126.8689551,광명성애병원,160,시,경기,02-2680-7114,종합병원,Y,14241
강원도 태백시,보드미길 8,1987-04-01 00:00:00,033-581-6394,37.1034236,129.0052780,근로복지공단 태백병원,161,시,강원,033-580-3114,종합병원,Y,26052
경기도 김포시,감암로 11,2002-08-01 00:00:00,031-999-1960,37.6323493,126.7107705,김포우리병원,162,시,경기,031-999-1231,종합병원,Y,10099
경기도 용인시,처인구 백옥대로1082번길 18,2011-02-14 00:00:00,031-8021-2009,37.2314675,127.2113666,(의)영문의료재단 다보스병원,163,시,경기,031-8021-2114,종합병원,Y,17063
경기도 수원시,팔달구 중부대로 165 (우만동),2003-03-03 00:00:00,031-210-0140,37.2780981,127.0363884,동수원병원,164,시,경기,031-210-0114,종합병원,Y,16494
강원도 동해시,하평로 26,1991-10-17 00:00:00,033-533-6119,37.5301401,129.1073994,동해동인병원,165,시,강원,033-530-0114,종합병원,Y,25751
인천시 부평구,부평대로 175,2001-08-16 00:00:00,032-509-5768,37.5073304,126.7189172,부평세림병원,166,구,인천,032-509-5750,종합병원,Y,21364
강원도 삼척시,오십천로 418 (남양동),2001-03-01 00:00:00,033-573-8425,37.4377597,129.1614146,삼척의료원,167,시,강원,033-572-1141,종합병원,Y,25920
경기도 안양시,만안구 삼덕로 9,2006-10-01 00:00:00,031-467-9198,37.3934995,126.9245371,안양샘병원,168,시,경기,031-467-9114,종합병원,Y,14030
서울시 종로구,새문안로 9 (평동),2002-10-01 00:00:00,02-2002-8855,37.5671402,126.9670566,서울적십자병원,169,구,서울,02-2002-8000,종합병원,Y,03181
경기도 성남시,중원구 산성대로476번길 12,2003-03-03 00:00:00,031-799-5257,37.4527005,127.1620743,성남중앙병원,170,시,경기,031-743-3000,종합병원,Y,13161
경기도 시흥시,공단1대로 237,2009-01-01 00:00:00,031-8041-3045,37.3367245,126.7281671,센트럴병원,171,시,경기,031-8041-3000,종합병원,Y,15079
강원도 속초시,영랑호반길 3,1991-08-01 00:00:00,033-630-6004,38.2164098,128.5885347,속초의료원,172,시,강원,033-630-6000,종합병원,Y,24821
강원도 영월군,영월읍 중앙1로 59,1987-04-01 00:00:00,033-370-9118,37.1865308,128.4651096,영월의료원,173,군,강원,033-370-9101,종합병원,Y,26234
경기도 용인시,기흥구 중부대로 411 (신갈동),2002-02-01 00:00:00,031-282-2607,37.2824324,127.1097149,용인강남병원,174,시,경기,031-300-0114,종합병원,Y,17064
인천시 계양구,장제로 722 (작전동),2009-07-01 00:00:00,032-556-9114,37.5639623,126.7342231,(의)인성의료재단 한림병원,175,구,인천,032-540-9114,종합병원,Y,21079
인천시 동구,방축로 217,1990-04-01 00:00:00,032-580-6585,37.4845780,126.6547403,인천광역시의료원,176,구,인천,032-580-6000,종합병원,Y,22532
강원도 철원군,갈말읍 명성로 208,1999-12-22 00:00:00,033-452-5014,38.1502529,127.3077345,철원병원,177,군,강원,033-452-5011,병원,Y,24034
경기도 화성시,향남읍 발안로 5,2006-02-20 00:00:00,031-352-7587,37.1313154,126.9107719,화성중앙병원,178,시,경기,031-352-8114,종합병원,Y,18592
충남 금산군,금산읍 후곤천길 56,2012-02-10 00:00:00,041-754-9360,36.1061401,127.4881139,금산365의원,179,군,충남,041-754-9365,의원,Y,32737
충남 태안군,태안읍 동문1길 15,2012-02-01 00:00:00,041-674-3401,36.7497112,126.3019893,이신경외과의원,180,군,충남,041-674-6006,의원,Y,32143
서울시 관악구,관악로 203 2층,2021-08-01 00:00:00,02-887-4771,37.48346328043015,126.95376563725675,손장원정형외과의원,181,구,서울,02-872-3900,의원,Y,08745
전남 순천시,순광로 221,2013-01-01 00:00:00,061-720-2104,34.9642662,127.5428763,순천성가롤로병원,182,시,전남,061-720-2000,종합병원,Y,57931
경기도 부천시,소사구 경인로 110번길 14,2013-01-08 00:00:00,032-656-0453,37.4831860,126.7674836,메디홀스요양병원,183,시,경기,032-667-0100,요양병원,Y,14727
충북 제천시,내토로 991,2013-01-01 00:00:00,043-640-8384,37.1392727,128.2071427,명지의료재단 명지병원,184,시,충북,043-640-8114,종합병원,Y,27170
강원도 홍천군,홍천읍 산림공원1길 17,2013-01-15 00:00:00,033-430-5616,37.6906658,127.8946511,홍천아산병원,185,군,강원,033-430-5151,종합병원,Y,25131
서울시 강서구,강서로56길 38 (등촌동),2013-02-12 00:00:00,02-3660-1128,37.5591521,126.8406563,강서힘찬병원,186,구,서울,1899-2228,병원,Y,07591
충남 당진시,계성3길 31-4 (읍내동),2013-03-11 00:00:00,041-352-2168,36.8986377,126.6329937,서울신경외과의원,187,시,충남,041-352-2166,의원,Y,31770
부산시 남구,수영로 175 (대연동),2013-12-01 00:00:00,051-634-0101,35.1360604,129.0864465,부산성소병원,188,구,부산,051-633-1123,병원,Y,48453
충남 서천군,서천읍 충절로59번길 31-7,2014-04-01 00:00:00,041-952-0784,36.0763135,126.6894488,공정형외과의원,189,군,충남,041-952-0788,의원,Y,33642
부산시 금정구,서동로 162,2014-05-01 00:00:00,051-500-9393,35.2143990,129.1040842,(의)라움의료재단 세웅병원,190,구,부산,051-500-9700,병원,Y,46327
경남 양산시,월라2길 45,2014-07-15 00:00:00,055-365-6630,35.3648266,129.1505559,신세계요양병원,191,시,경남,055-365-6666,요양병원,Y,50540
서울시 마포구,독막로 22 (합정동),2014-11-17 00:00:00,02-335-2520,37.5467114,126.9328565,예담정형외과의원,192,구,서울,02-335-2500,의원,Y,04072
충남 계룡시,엄사면 번영로 14,2014-11-24 00:00:00,042-841-4418,36.2882500,127.2435529,김광석외과의원,193,시,충남,042-841-4411,의원,Y,32804
경남 진주시,진주대로 885,2015-01-01 00:00:00,055-750-7128,35.1793942,128.0899721,진주제일병원,194,시,경남,055-750-7123,종합병원,Y,52709
경기도 동두천시,동광로 53,2015-01-01 00:00:00,031-861-6878,37.9088551,127.0539440,동두천중앙성모병원,195,시,경기,031-863-0550,병원,Y,11326
전북 군산시,백릉로 70,2015-04-01 00:00:00,063-450-0903,35.9750726,126.7335300,(의)성하의료재단 누가병원,196,시,전북,063-450-0904,병원,Y,54076
전남 완도군,소안면 소안로 213-1 소안면보건지소,2015-04-01 00:00:00,061-550-6869,34.1719923,126.6527272,소안면 보건지소,197,군,전남,061-550-6861,의원,Y,59140
경남 거제시,연초면 거제대로 4477,2015-04-01 00:00:00,055-731-1222,34.9096602,128.6555797,맑은샘병원,198,시,경남,055-736-1004,종합병원,Y,53209
충북 청주시,상당구 쇠내로 16,2015-04-08 00:00:00,043-221-5010,36.6244467,127.4955285,효성병원,199,시,충북,043-221-5000,종합병원,Y,28736
경기도 광주시,경안로 40,2015-05-01 00:00:00,031-761-0741,37.4095535,127.2561902,더플러스병원,200,시,경기,031-763-7582,병원,Y,12758
경북 경산시,경안로 23-10,2015-05-18 00:00:00,053-816-3305,35.8291168,128.7348370,경북도립경산노인전문요양병원,201,시,경북,053-819-0700,요양병원,Y,38646
강원도 양구군,양구읍 중심로 160,2015-10-14 00:00:00,033-480-8808,38.1045016,127.9911494,양구성심병원,202,군,강원,033-480-8800,병원,Y,24545
강원도 고성군,거진읍 거진시장길 11,2015-12-01 00:00:00,033-682-7722,38.4475128,128.4547501,세브란의원,203,군,강원,033-682-7755,의원,Y,24715
경기도 양주시,고읍남로 6,2016-01-01 00:00:00,031-847-8275,37.7956094,127.0801064,21세기내과의원,204,시,경기,031-847-8600,의원,Y,11492
울산시 동구,방어진순환도로 577,2016-01-01 00:00:00,052-235-8400,35.4934985,129.4264937,마디정형외과의원,205,구,울산,052-235-5858,의원,Y,44077
경기도 안양시,"동안구 관악대로 458 (관양동, 서진빌딩)",2016-02-01 00:00:00,031-423-9405,37.4018045,126.9554341,김형근예병원,206,시,경기,031-421-7575,병원,Y,431-810
충북 충주시,주덕읍 신양로 62,2016-06-15 00:00:00,043-843-3504,36.9717142,127.7941216,송원요양병원,207,시,충북,043-856-3501,요양병원,Y,27462
서울시 구로구,경인로 40길 11,2016-07-01 00:00:00,02-2685-6613,37.4953627,126.8587916,권경수내과의원,208,구,서울,02-2685-6612,의원,Y,08276
충남 아산시,문화로 381 (모종동),2016-07-13 00:00:00,,36.7827986,127.0197926,아산충무병원,209,시,충남,041-536-6666,종합병원,Y,336-801
강원도 원주시,원문로 1419 (연세메디하임),2016-08-01 00:00:00,033-746-0078,37.3025455,127.8089145,연세메디하임병원,210,시,강원,033-740-8800,병원,Y,220-801
경기도 평택시,안현로서6길 16 (성심중앙병원),2016-09-01 00:00:00,031-681-0271,36.9839206786025,126.928402880654,성심중앙병원,211,시,경기,031-681-1118,병원,Y,17936
전북 김제시,서암4길 45 (서암동),2016-11-01 00:00:00,063-540-5244,35.8073551,126.8802411,김제우석병원,212,시,전북,063-540-5159,병원,Y,54372
전남 영암군,중앙로 34 영암내과,2016-12-01 00:00:00,061-472-9500,34.7991107,126.6976378,영암내과의원,213,군,전남,061-472-0055,의원,Y,58416
경북 경주시,금성로 281 (성건동),2016-12-12 00:00:00,054-773-3383,35.8440616,129.2063607,중앙요양병원,214,시,경북,054-773-8500,요양병원,Y,38156
경기도 여주시,"청심로 47 (하동, 여주고려병원)",2017-01-01 00:00:00,031-885-6677,37.3015262,127.6260876,세종여주병원,215,시,경기,031-880-7700,종합병원,Y,12618
경남 하동군,하동읍 중앙로 15 2층(경남은행),2017-01-01 00:00:00,055-882-3075,35.0704880,127.7506019,서울안과,216,군,경남,055-882-2075,의원,Y,52325
경남 하동군,연화길 6 하동중앙내과정형외과의원,2017-01-01 00:00:00,055-884-0021,35.0713769,127.7532405,하동중앙의원,217,군,경남,055-883-0222,의원,Y,52324
경남 창원시,"의창구 창이대로 45 (명서동, 창원파티마병원)",2017-01-01 00:00:00,055-265-2924,35.2373176,128.6459024,창원파티마병원,218,시,경남,055-270-1109,종합병원,Y,51394
서울시 광진구,"용마산로 44 (중곡동, 삼경빌딩)",2017-01-16 00:00:00,02-3437-1437,37.5575847,127.0881598,김종웅내과의원,219,구,서울,02-455-4038,의원,Y,04949
충북 청주시,"흥덕구 비하로 65 (비하동, 현대병원)",2017-03-01 00:00:00,043-234-2681,36.6328867,127.4245810,청주현대병원,220,시,충북,043-237-2114,병원,Y,28363
울산시 북구,산업로 1007,2016-06-01 00:00:00,052-280-9111,35.582894,129.3588552,울산시티병원,221,구,울산,052-280-9101,종합병원,Y,683-804
전북 진안군,진안읍 진무로 1145,2017-04-01 00:00:00,063-430-7002,35.7952051289983,127.435602049331,진안군의료원,222,군,전북,063-430-7000,병원,Y,55422
강원도 홍천군,홍천읍 신장대로 47-1,2017-03-29 00:00:00,033-340-4841,37.6903254,127.881519,서울드림의원,223,군,강원,033-433-3354,의원,Y,25136
전북 전주시,덕진구 동부대로 895 (호성동1가) 호성전주병원,2017-05-22 00:00:00,063-244-8500,35.8654304,127.1479175,호성전주병원,224,시,전북,063-240-8800,병원,Y,54902
경북 경주시,원화로 312(성동동) 큰마디병원,2017-06-01 00:00:00,054-700-0100,35.8441723,129.2150584,큰마디큰병원,225,시,경북,054-700-0119,병원,Y,38153
서울시 금천구,독산로 210 (독산동) K빌딩 2층 (독산동1038-28),2017-05-15 00:00:00,02-896-0111,37.4657313,126.9023778,서울으뜸정형외과의원,226,구,서울,02-807-0111,의원,Y,08559
부산시 동래구,충렬대로 255 (수안동),2017-06-01 00:00:00,051-559-0128,35.2013098,129.0871909,(의)상원의료재단 부산힘찬병원,227,구,부산,051-559-0120,병원,Y,47813
서울시 영등포구,신길로 28 (신길동) 4층 김종률내과의원,2017-09-25 00:00:00,02-831-1586,37.4951557,126.9090763,신풍내과의원,228,구,서울,02-831-1585,의원,Y,07437
전남 해남군,해남읍 중앙2로 123 해남한국병원,2018-01-01 00:00:00,061-530-3054,34.5668629945197,126.59712300099,해남한국병원,229,군,전남,061-530-3000,병원,Y,59040
경기도 광명시,오리로 518 (소하동) 대교빌딩 4층 광명새움병원,2018-01-08 00:00:00,02-6924-8318,37.446937,126.8812344,광명새움병원,230,시,경기,1661-6888,병원,Y,14316
서울시 은평구,은평로 133 (응암동) 본서부병원,2018-02-01 00:00:00,02-3156-5021,37.6006960,126.9225682,본서부병원,231,구,서울,02-3156-5000,병원,Y,03460
서울시 영등포구,"국제금융로 86 (여의도동, 롯데캐슬 아이비) 216호 아이비이비인후과",2018-01-29 00:00:00,02-784-7533,37.5199093,126.9317832,아이비이비인후과의원,232,구,서울,02-784-7533,의원,Y,07333
경기도 김포시,통진읍 김포대로2230번길 21-3 박원종내과의원,2018-02-07 00:00:00,031-996-3723,37.6906411,126.5986924,박원종내과의원,233,시,경기,031-996-3722,의원,Y,10018
경남 함안군,가야읍 중앙남1길 34,2018-03-19 00:00:00,055-583-1928,35.2761445,128.4072079,참사랑의원,234,군,경남,055-583-1929,의원,Y,50246
경기도 파주시,문산읍 방촌로 1675-20,2018-03-05 00:00:00,031-954-1331,37.8639482,126.7809311,무척조은병원,235,시,경기,031-954-1400,병원,Y,10816
경남 함안군,칠원읍 예곡1길 13 새롬재활요양병원,2018-03-19 00:00:00,055-587-5850,35.2757588834831,128.533318338455,새롬재활요양병원(의료법인유천의료재단),236,군,경남,055-580-5800,요양병원,Y,52027
강원도 강릉시,경강로 2109 (임당동) 문선빌딩 3층,2018-06-01 00:00:00,033-648-2900,37.7556751,128.8971823,박정빈외과의원,237,시,강원,033-648-0080,의원,Y,25532
강원도 강릉시,솔올로5번길 40 (교동) 엘림빌딩2층,2018-06-01 00:00:00,033-645-7748,37.7638435,128.8755235,이명호내과의원,238,시,강원,033-645-7747,의원,Y,25515
전남 여수시,좌수영로 49 (광무동) (광무동120-1) 원무부,2018-10-22 00:00:00,061-640-7260,34.7451209,127.7281943,여수전남병원,239,시,전남,061-640-7575,종합병원,Y,59718
경기도 수원시,장안구 창룡대로 159 (연무동) 다인병원,2018-10-29 00:00:00,031-273-9635,37.2919224,127.0275236,다인병원,240,시,경기,031-8014-1300,병원,Y,16221
전남 영암군,영암읍 동문로 5 하나안과의원,2018-11-01 00:00:00,061-471-2006,34.7961573,126.7023854,하나안과의원,241,군,전남,061-471-2007,의원,Y,58418
대구시 동구,국채보상로 769,2018-11-15 00:00:00,053-721-8571,35.8684223,128.6151820,바로본병원,242,구,대구,1644-8575,병원,Y,41267
경기도 시흥시,"수인로3325번길 10 (신천동, 우명프라자) 우명프라자3층",2018-11-12 00:00:00,031-696-5447,37.4381992,126.7882135,(의)자운의료재단강남요양병원,243,시,경기,031-311-0700,요양병원,Y,14950
부산시 해운대구,해운대로 135(재송동),2018-12-01 00:00:00,051-783-2929,35.1851923,129.1214655,효성시티병원,244,구,부산,051-709-3000,병원,Y,48055
서울시 마포구,양화로 133 (서교동) 서교타워빌딩 5층,2019-02-01 00:00:00,02-3143-0078,37.5552310,126.9209827,서울본내과의원,245,구,서울,02-3143-2220,의원,Y,04032
경기도 이천시,"경충대로 2742 (관고동, 경기도립의료원이천병원)",2019-02-01 00:00:00,031-639-4955,37.2828228,127.4332382,경기도의료원 이천병원,246,시,경기,031-639-4800,종합병원,Y,467-020
경기도 성남시,수정구 성남대로 1171 (수진동) 성모윌병원,2019-02-01 00:00:00,031-751-2076,37.4344481,127.1282865,성모윌병원,247,시,경기,1833-7512,병원,Y,13313
경기도 군포시,산본로 321,2019-03-01 00:00:00,031-390-2244,37.3594127,126.9336032,원광대학교 산본병원,248,시,경기,031-390-2300,종합병원,Y,15865
전남 완도군,소안면 비자리 소안비자1186-47,2019-03-01 00:00:00,061-553-4336,34.1733124,126.6496870,완도소안의원,249,군,전남,061-554-8119,의원,Y,537-831
전북 완주군,고산면 고산로 81 2층,2019-04-01 00:00:00,063-262-0035,35.9752513,127.2059405,한솔의원,250,군,전북,063-262-0034,의원,Y,55311
충북 제천시,의림대로 153 (의림동) 3층,2019-05-13 00:00:00,043-644-6671,37.1414060,128.2120266,노병연내과의원,251,시,충북,043-644-6670,의원,Y,27165
서울시 동대문구,왕산로 137 (제기동) 서울나은병원,2019-06-15 00:00:00,02-6714-9600,37.5785692,127.0387314,서울나은병원,252,구,서울,1544-6003,병원,Y,02571
경북 영덕군,영해면 영덕로 1621,2019-06-10 00:00:00,054-730-0170,36.5236797,129.4023434,영덕아산병원,253,군,경북,054-730-0114,병원,Y,36408
서울시 중랑구,용마산로 503 (망우동) 성심빌딩 2.3.4.5층,2019-07-01 00:00:00,02-437-6153,37.5961113,127.0999204,건강한성심의원,254,구,서울,02-437-6152,의원,Y,02165
경기도 오산시,오산로 307 조은오산병원,2019-08-01 00:00:00,031-373-1375,37.1542020,127.0682016,조은오산병원,255,시,경기,1544-5355,병원,Y,18136
경북 포항시,북구 대신로 27 (대신동) 좋은선린요양병원,2019-11-01 00:00:00,054-245-6110,36.0465070,129.3666959,좋은선린요양병원,256,시,경북,054-245-6000,요양병원,Y,37726
울산시 동구,방어진순환도로 651 (일산동) 3층,2020-01-01 00:00:00,052-252-9478,35.4999961,129.4282505,신내과의원,257,구,울산,052-252-9477,의원,Y,44067
경남 김해시,계동로 237 (대청동) 메가병원,2020-01-01 00:00:00,055-903-9353,35.1913311,128.8038856,의료법인지평의료재단 메가병원,258,시,경남,055-903-9000,병원,Y,51004
경기도 의정부시,평화로 622 (의정부동) 성베드로병원,2020-03-01 00:00:00,031-843-8490,37.74751557,127.0458566,(의)희경의료재단 성베드로병원,259,시,경기,1544-1131,병원,Y,11686
전남 나주시,영산로 5419 (성북동) 신관3층 나주비뇨기과의원,2020-03-09 00:00:00,061-334-8823,35.0367447,126.7215616,나주비뇨기과의원,260,시,전남,061-334-8822,의원,Y,58251
경남 사천시,남일로 33,2020-04-06 00:00:00,055-833-1568,34.9331090,128.0801401,(의)승연의료재단 삼천포서울병원,261,시,경남,055-835-9900,병원,Y,664-831
인천시 강화군,강화읍 충렬사로 31 비에스종합병원,2020-04-16 00:00:00,032-290-0309,37.7360645,126.4857296,비에스종합병원,262,군,인천,032-290-0001,종합병원,Y,23037
경남 양산시,물금읍 증산역로 152,2020-05-11 00:00:00,055-382-7118,35.3093,129.0063,연세빛가정의학과의원,263,시,경남,055-382-7119,의원,Y,50614
경남 합천군,합천읍 대야로 876 삼성합천병원,2020-05-11 00:00:00,055-933-3322,35.5664697,128.1633342,(의)용성의료재단 삼성합천병원,264,군,경남,055-933-2200,병원,Y,50231
강원도 양양군,양양읍 양양로 62-1 2층 상명내과의원,2020-06-01 00:00:00,033-671-8711,38.0755132,128.6222144,상명내과의원,265,군,강원,033-672-8712,의원,Y,25022
경기도 과천시,"별양로 12 (원문동, 래미안 슈르) 래미안슈르상가 B동 3층",2020-06-01 00:00:00,031-502-9779,37.4230461,126.9935217,탑내과의원,266,시,경기,031-502-8833,의원,Y,13835
경기도 의정부시,"호국로 1336 (의정부동) 5,6,7 층 윤석주내과",2020-06-01 00:00:00,031-843-3011,37.7440644,127.0523609,윤석주내과의원,267,시,경기,031-843-3000,의원,Y,11693
부산시 연제구,월드컵대로 3 (연산동) 신리메디컬 4층,2020-06-01 00:00:00,051-851-8274,35.1751162,129.0860896,보강재활의학과의원,268,구,부산,051-851-8275,의원,Y,47603
전남 무안군,삼향읍 남악4로 86,2020-06-01 00:00:00,061-287-7557,34.8131522,126.4663924,남악하나내과의원,269,군,전남,061-280-4800,의원,Y,58567
전남 영광군,염산면 천년로 20-1,2020-07-01 00:00:00,061-351-9531,35.2171474,126.3741659,서울연합의원,270,군,전남,061-351-9530,의원,Y,57066
전북 순창군,순창읍 순창5길15,2020-07-01 00:00:00,063-653-2828,35.3732061,127.1407066,대동의원,271,군,전북,063-653-2828,의원,Y,56046
경북 안동시,경동로 847 (용상동) 용상황금연합의원 1층,2020-07-01 00:00:00,054-822-7501,36.5610309,128.749938,용상황금연합의원,272,시,경북,054-822-7500,의원,Y,36711
경기도 화성시,동탄지성로 113 (반송동) 동탄시티병원,2020-08-01 00:00:00,031-8015-1683,37.2084803,127.0626221,동탄시티병원,273,시,경기,031-8015-3333,병원,Y,18435
경북 김천시,신음1길 12 (신음동) 김천제일병원,2020-10-26 00:00:00,054-420-9414,36.13551859455809,128.11871069376681,덕산의료재단 김천제일병원,274,시,경북,054-420-3438,종합병원,Y,39544
경기도 군포시,고산로 693 (산본동) 하나로빌딩 3층 김성진내과,2020-12-01 00:00:00,031-347-4802,37.37209160199396,126.93502173725353,김성진내과의원,275,시,경기,031-347-4800,의원,Y,15802
경기도 안산시,단원구 광덕대로 154 (고잔동) 로데오타운 A동 2층 더베스트내과,2020-12-01 00:00:00,031-402-1105,37.31027116798868,126.83073584610297,더베스트내과의원,276,시,경기,031-487-1119,의원,Y,15470
경기도 수원시,"영통구 매영로 84 (매탄동, 한국아파트) 한국2차아파트 상가동 207호 코코이비인후과",2020-12-01 00:00:00,031-212-7576,37.26767778768752,127.0510779372508,코코이비인후과의원,277,시,경기,031-212-7572,의원,Y,16542
경기도 용인시,기흥구 보정로 115 (보정동) 우영프라자 4층,2020-11-02 00:00:00,031-896-5020,37.319958576933494,127.11515932840088,비젼내과의원,278,시,경기,031-896-3000,의원,Y,16898
충남 서산시,안견로 190 (동문동) 2층 수내과의원,2020-12-01 00:00:00,041-667-3407,36.78221667147706,126.4581622460882,수내과의원,279,시,충남,041-667-8600,의원,Y,31981
경남 의령군,의령읍 의병로 217 덕영내과,2020-12-01 00:00:00,055-574-0073,35.319900352672555,128.2603623760426,덕영내과의원,280,군,경남,055-574-0071,의원,Y,52140
광주시 남구,서문대로 725 (진월동) 2층,2020-12-01 00:00:00,062-651-8603,35.12428961532875,126.8977508937395,힐링연합의원,281,구,광주,062-651-8600,의원,Y,61725
전남 담양군,수북면 추성1로 736 나눔내과의원,2020-12-01 00:00:00,061-381-8273,35.30173913598945,126.93208365555365,나눔내과의원,282,군,전남,070-5176-1046,의원,Y,57318
전남 화순군,화순읍 자치샘로 36 옥천빌딩 2층,2020-12-01 00:00:00,061-374-1985,35.06179525905135,126.98486245554746,한양내과의원,283,군,전남,061-374-0333,의원,Y,58119
전남 강진군,강진읍 평동2길 30 지스퀘어1층,2020-12-01 00:00:00,061-434-3909,34.6381168003295,126.76801894603024,오케이내과의원,284,군,전남,061-434-3900,의원,Y,59234
전남 해남군,"해남읍 중앙1로 2-14 2층, 해남복음내과의원",2020-12-01 00:00:00,061-534-7505,34.57145804810098,126.60697802832617,해남복음내과의원,285,군,전남,061-534-7504,의원,Y,59027
전북 익산시,무왕로 1073 (영등동) (영등동) 하나은행 2층,2020-12-01 00:00:00,063-834-7792,35.95882537145737,126.9760110372144,김종성비뇨기과의원,286,시,전북,063-834-7722,의원,Y,54545
전북 임실군,임실읍봉황로 159 임실내과,2020-12-01 00:00:00,063-644-7577,35.6148098016453,127.28009798490164,임실내과의원,287,군,전북,063-644-7575,의원,Y,55926
전북 장수군,장계면 한들로 93 참가정의학과의원,2020-12-01 00:00:00,063-351-7278,35.73137018265825,127.58224002835715,참가정의학과의원,288,군,전북,063-351-7277,의원,Y,55612
전남 영암군,영암읍 중앙로 66,2020-12-01 00:00:00,061-473-2006,34.80182687471571,126.69956156439157,서울정형외과의원(영암),289,군,전남,061-473-2000,의원,Y,58416
전북 부안군,부안읍 부풍로 48-1,2020-12-01 00:00:00,063-584-6393,35.72713939469269,126.7321990732675,현대가정의학과의원,290,군,전북,063-584-6393,의원,Y,56309
경기도 안양시,동안구 시민대로 187,2020-12-01 00:00:00,031-388-2199,37.3919477562324,126.95159757609954,권태우정형외과의원,291,시,경기,031-388-2198,의원,Y,14047
경기도 하남시,아리수로 570,2020-12-01 00:00:00,031-794-1475,37.56760583502886,127.19070137930174,박지영내과의원,292,시,경기,031-793-1475,의원,Y,12913
강원도 원주시,"남원로 665 선일빌딩 1층일부,2,3,4층",2020-12-01 00:00:00,033-763-9740,37.342368661302906,127.95412070330624,손경수내과의원,293,시,강원,033-763-8252,의원,Y,26441
강원도 인제군,북면 원통로 218 한림의원,2020-12-01 00:00:00,033-462-9340,38.1242,128.2076,한림의원,294,군,강원,033-462-4261,의원,Y,24616
강원도 화천군,화천읍 중앙로 19-1 화천내과의원,2020-12-01 00:00:00,033-442-8002,38.10437107267168,127.7063684284233,화천내과의원,295,군,강원,033-442-8001,의원,Y,24124
강원도 횡성군,횡성읍 태기로19번길 14 태기로19번길14,2020-12-01 00:00:00,033-343-5339,37.49184186085388,127.98647430331043,횡성정형외과의원,296,군,강원,033-343-5337,의원,Y,25220
경북 예천군,예천읍 효자로 125 영남의원,2020-12-01 00:00:00,054-653-7581,36.65861526815359,128.45712392838257,영남의원,297,군,경북,054-653-7583,의원,Y,36821
경남 고성군,고성읍 송학로 122번길 19-2 1층 정일성의원,2020-12-01 00:00:00,055-674-3434,34.97692626692288,128.32598215554498,정일성의원,298,군,경남,055-673-8866,의원,Y,52942
경남 거창군,거창읍 강남로 194 고려정형외과의원,2020-12-01 00:00:00,055-943-6151,35.685457543331935,127.91835667326629,고려정형외과의원(거창),299,군,경남,055-943-9811,의원,Y,50145
경남 진주시,서장대로213번길 5 (이현동) 성심메디컬의원,2020-12-01 00:00:00,055-746-5538,35.19095662611172,128.05607204604485,성심메디컬의원,300,시,경남,055-746-5538,의원,Y,52653
경남 함양군,함양읍 용평길 44 한마음연합의원,2020-12-01 00:00:00,055-964-2305,35.51992924723195,127.73191102835149,한마음연합의원,301,군,경남,055-964-2301,의원,Y,50039
경기도 구리시,건원대로3 흥화브라운오피스텔 4층,2020-12-01 00:00:00,031-523-9033,37.601512342854356,127.14062502840879,서울비뇨기과의원(구리점),302,시,경기,031-523-9000,의원,Y,11926
경기도 남양주시,늘을2로 20 (호평동) 4층 청담비뇨기과,2020-12-01 00:00:00,070-8270-3113,37.65465850700283,127.2441074556186,청담비뇨기과의원,303,시,경기,031-592-3698,의원,Y,12150
경기도 양평군,양평읍 시민로 6-1 보원 메디컬 3층 새벽 피부비뇨기과,2020-12-01 00:00:00,031-771-2852,37.48909973358782,127.49282872840578,새벽의원,304,군,경기,031-774-6247,의원,Y,12562
경기도 연천군,전곡읍 전곡로 166 강비뇨기과의원,2020-12-01 00:00:00,031-835-0107,38.0268,127.0680,강비뇨기과의원(연천),305,군,경기,031-835-0108,의원,Y,11033
경기도 포천시,소흘읍 솔모루로 114,2020-12-01 00:00:00,031-531-2375,37.831101480983676,127.14925745562361,한성내과의원,306,시,경기,031-532-2375,의원,Y,11174
경남 김해시,진영읍 진영로454번길 102-10 한서재활요양병원,2021-01-01 00:00:00,055-340-8000,35.292420974152826,128.75299150324992,의)한솔의료재단 한서재활요양병원,307,시,경남,055-346-1222,요양병원,Y,50869
충북 보은군,보은읍 삼산남로 9 민들레안과,2021-01-01 00:00:00,043-542-7587,36.482979734036924,127.72165181952667,민들레안과의원,308,군,충북,043-542-7588,의원,Y,28950
대전시 유성구,노은로 170 (지족동) 스타시티 3층,2021-01-01 00:00:00,042-861-8275,36.374931994699175,127.31837154607687,메디안내과의원,309,구,대전,042-867-8275,의원,Y,34086
충북 옥천군,"옥천읍 삼금로 11 2층, 드림이비인후과의원",2021-01-01 00:00:00,043-733-5801,36.299761236120084,127.56629283722364,드림이비인후과의원,310,군,충북,043-733-5800,의원,Y,29037
충남 천안시,서북구 직산읍 봉주로 51 JS메디칼의원,2021-01-01 00:00:00,041-589-7500,36.877583783482706,127.15223563723971,JS메디칼내과외과정형외과의원,311,시,충남,041-589-7575,의원,Y,31037
강원도 영월군,영월읍 중앙1로 32 성윤업내과의원,2021-01-01 00:00:00,033-372-0871,37.18316610483885,128.46643710330184,성윤업내과의원,312,군,강원,033-374-0871,의원,Y,26233
강원도 속초시,동해대로 4163 (조양동) 닥터음가정의학과의원,2021-01-01 00:00:00,033-633-3773,38.19112740378029,128.57931648001681,닥터음가정의학과의원,313,시,강원,033-633-3773,의원,Y,24874
경기도 안산시,단원구 예술대학로 9,2021-01-01 00:00:00,031-486-3553,37.31795365211713,126.8364879372521,윤이비인후과의원,314,시,경기,031-401-4172,의원,Y,425-020
경남 남해군,남해읍 화전로 85 연세안과 의원,2021-01-01 00:00:00,055-862-0352,34.8389726593609,127.89388744603553,연세안과의원,315,군,경남,055-862-0357,의원,Y,52420
경남 창녕군,창녕읍 창녕대로 122 창녕서울병원,2021-01-01 00:00:00,055-532-0003,35.535036947006944,128.49781838489943,의)창녕서울의료원 창녕서울병원,316,군,경남,055-532-1975,병원,Y,50322
경남 창녕군,"창녕읍 군청길 18,  501,502호(성동빌딩)",2021-01-01 00:00:00,055-533-8275,35.54284751738947,128.49206343720328,창녕원이비인후과의원,317,군,경남,055-533-2224,의원,Y,50323
서울시 강서구,강서로 173 터보빌딩 5층,2021-01-01 00:00:00,02-2065-7722,37.54203926210791,126.83963475561531,강서고려비뇨의학과의원,318,구,서울,02-2065-8822,의원,Y,07714
서울시 양천구,오목로 312 (목동) 우리내과의원 3층,2021-01-01 00:00:00,02-2648-5713,37.52480794169515,126.87195869380551,우리내과의원,319,구,서울,02-2648-5566,의원,Y,08005
서울시 중구,소공로 70 (충무로1가) 포스트타워 지하3층 서울중앙의료의원,2021-01-01 00:00:00,02-6450-5503,37.56176366412448,126.98209850331238,서울중앙의료의원,320,구,서울,02-6450-5500,의원,Y,04535
전남 순천시,순광로 14 드림내과건물 5층,2021-01-01 00:00:00,061-722-8574,34.95475501399015,127.52294144603857,하나비뇨기과의원,321,시,전남,061-722-8575,의원,Y,57968
전남 여수시,신월로 735 (봉산동) 정남진정형외과,2021-01-01 00:00:00,061-643-7182,34.73616389011183,127.72066653718168,정남진정형외과의원,322,시,전남,061-642-7878,의원,Y,59756
광주시 서구,운천로 148 (쌍촌동) 2층,2021-01-01 00:00:00,062-606-8279,35.145877345428936,126.85728890324601,문영래정형외과병원,323,구,광주,062-606-8275,병원,Y,61991
전북 고창군,고창읍 중앙로 230 이진홍내과의원,2021-01-01 00:00:00,063-561-1373,35.435052382222764,126.70064594605144,이진홍내과의원,324,군,전북,063-564-1343,의원,Y,56432
제주도 제주시,산천단남길 10 (아라일동) 부속요양병원,2021-01-01 00:00:00,064-724-2102,33.44549764169865,126.56010710320183,제주의료원 부속요양병원,325,시,제주,064-720-2106,요양병원,Y,63243
제주도 서귀포시,성산읍 고성오조로 67 1층,2021-01-01 00:00:00,064-784-7333,33.44972751137377,126.91453904599945,최선365의원,326,시,제주,064-784-6333,의원,Y,63640
서울시 도봉구,도봉로 446 (창동),2021-01-01 00:00:00,02-2174-3128,37.645750939537976,127.03336615561836,강북힘찬병원,327,구,서울,02-1899-2226,병원,Y,01459
서울시 송파구,송파대로 345 5층 (가락동) 헬리오시티 상가 1A동 5002호,2021-01-01 00:00:00,02-6224-7576,37.49701273207395,127.11557387722871,드림권내과의원,328,구,서울,02-6224-7575,의원,Y,08277
서울시 송파구,가락로 166 (송파동) 3층,2021-01-01 00:00:00,02-415-7124,37.505706429590575,127.12119004610837,시온정형외과의원,329,구,서울,02-415-7110,의원,Y,05675
강원도 양구군,양구읍 사명길 123 한사랑내과의원,2021-01-01 00:00:00,033-482-3577,38.1078,127.9883,한사랑내과의원,330,군,강원,033-482-3566,의원,Y,24526
강원도 철원군,갈말읍 명성로 184 1층,2021-01-01 00:00:00,033-455-7503,38.1480,127.3081,강남아이원안과의원,331,군,강원,033-455-7501,의원,Y,24018
서울시 구로구,경인로40길 12 (개봉동) 4층,2021-01-01 00:00:00,02-2612-7526,37.49636834772475,126.85914667331623,에스탑치과의원,332,구,서울,02-2612-7528,의원,Y,08277
경기도 동두천시,탑신로 536,2021-01-01 00:00:00,031-860-4115,37.900888340118016,127.13621305562557,경기도립노인전문동두천병원,333,시,경기,031-860-4114,요양병원,Y,11322
충남 금산군,추부면 마전로 56 추부의원,2020-12-01 00:00:00,041-753-9940,36.19129712927599,127.46705712836972,추부의원,334,군,충남,041-752-9950,의원,Y,32714
경북 영천시,금호읍 교대길 14 금호의원,2021-01-18 00:00:00,054-336-7118,35.93117805782226,128.87239121951146,금호의원,335,시,경북,054-336-7117,의원,Y,38877
경북 문경시,중앙로 195 (흥덕동) 용이비인후과의원,2021-01-18 00:00:00,054-556-7576,36.60184822588917,128.2032027460831,용이비인후과의원,336,시,경북,054-556-7575,의원,Y,36966
대구시 수성구,달구벌대로 2395 (범어동) 준내과의원,2021-01-18 00:00:00,053-746-0876,35.859858929444414,128.62455936441992,준내과의원,337,구,대구,053-746-0875,의원,Y,42019
경북 청도군,청도읍 청화로 99,2021-01-18 00:00:00,054-373-9265,35.64747927614482,128.73824113720613,마디연합정형외과의원,338,군,경북,054-373-9263,의원,Y,38340
대구시 군위군,군위읍 중앙길 100 고려마취통증의학과의원,2021-01-18 00:00:00,054-382-0923,36.237226934637654,128.56731691951967,고려마취통증의학과의원,339,군,경북,054-382-0922,의원,Y,39014
대구시 달성군,"유가읍 테크노상업로 108 501호, 502호",2021-02-01 00:00:00,053-292-7580,35.684125771079096,128.45122757393025,유가제일연합의원,340,군,대구,053-292-7582,의원,Y,43018
경북 구미시,야은로 37-1 (부곡동),2021-02-01 00:00:00,054-440-1051,36.153252616835324,128.2902377555768,구미시립노인요양병원,341,시,경북,054-440-1000,요양병원,Y,39203
경북 포항시,남구오천읍 정몽주로 560,2021-02-01 00:00:00,054-728-9494,35.96796833656828,129.41608651951242,우리연합의원,342,시,경북,054-292-9200,의원,Y,37907
충북 진천군,진천읍 중앙북1길 11-4 바른정형외과,2021-02-01 00:00:00,043-535-7588,36.86039884593604,127.43976362838819,바른정형외과의원,343,군,충북,043-533-7588,의원,Y,27831
충북 청주시,상당구 단재로 21-1 (석교동),2021-02-01 00:00:00,043-225-5002,36.62658727736717,127.49294353723277,김영태신경외과의원,344,시,충북,043)258-0173~4,의원,Y,28725
대전시 동구,대전로 782 (원동),2021-02-01 00:00:00,042-273-4551,36.32968873454004,127.43380247607005,덕인의원,345,구,대전,042-272-4551,의원,Y,34629
충북 증평군,증평읍 중앙로 231 고려정형외과,2021-02-01 00:00:00,050-4186-4058,36.78604156394521,127.58322014608824,고려정형외과의원(증평),346,군,충북,043-838-7501,의원,Y,27926
충북 충주시,봉계1길 52 (칠금동) 박봉안내과의원,2021-02-01 00:00:00,043-847-7572,36.98121320539045,127.91559812839148,박봉안내과의원,347,시,충북,043-847-7575,의원,Y,27361
경기도 평택시,평택로 284,2021-02-01 00:00:00,070-3425-5533,37.00847931943856,127.07408393724334,평택성모병원,348,시,경기,031-1800-8800,종합병원,Y,17825
경기도 화성시,동탄순환대로 127-5 (산척동) 5층 동탄서울내과,2021-02-01 00:00:00,031-831-8368,37.21512860292643,127.04430781954696,동탄서울내과의원,349,시,경기,031-831-8363,의원,Y,18505
강원도 태백시,황지로 176-1 (황지동) 김병호내과의원,2021-02-01 00:00:00,033-552-6998,37.17419342153262,128.99066716445617,김병호내과의원,350,시,강원,033-552-6997,의원,Y,26011
강원도 동해시,"청운1길 64, 301호(나안동)",2021-02-01 00:00:00,033-533-3653,37.486045,129.110245,신세계의원,351,시,강원,033-533-3652,의원,Y,25721
강원도 정선군,사북읍 사북5길 1 제일의원,2021-02-01 00:00:00,033-592-0055,37.227591784591205,128.81979565560653,사북제일의원,352,군,강원,033-592-3412,의원,Y,26150
전남 목포시,영산로 515 (상동) 2층,2021-02-01 00:00:00,061-279-5505,34.8071928038119,126.41421303718358,김태우신경과의원,353,시,전남,061-279-5500,의원,Y,58642
경북 의성군,의성읍 문소3길 110,2021-03-01 00:00:00,050-4472-5853,36.35617020621981,128.69446720327892,오복치과의원,354,군,경북,054-833-7528,의원,Y,37337
전남 완도군,금일읍 감목길 5,2021-03-01 00:00:00,061-553-3939,34.34956135313388,127.02976050322503,금일마취통증의학과의원,355,군,전남,061-553-3577,의원,Y,59140
전북 진안군,진안읍 진무로 1102 진안치과,2021-03-01 00:00:00,063-432-1778,35.7918450520134,127.42900003721,진안치과의원,356,군,전북,063-432-1771,의원,Y,55432
서울시 동작구,상도로 81 (대방동) 7층 성모정형외과,2021-03-01 00:00:00,02-817-7716,37.49997808554424,126.92949499492766,성모정형외과의원,357,구,서울,02-817-7714,의원,Y,06953
서울시 동작구,동작대로 121 (사당동) 경원빌딩8층,2021-03-01 00:00:00,02-566-5610,37.486952177217624,126.98165171704738,강남가드비뇨기과의원,358,구,서울,02-566-8330,의원,Y,07008
경북 울진군,북면 울진북로 2067 누가의원,2021-04-01 00:00:00,054-783-9083,37.10138465871535,129.37179673724591,누가의원,359,군,경북,054-782-4979,의원,Y,36305
세종시,조치원읍 새내로 97 청춘메디컬 2층,2021-05-01 00:00:00,044-862-7560,36.60067044960183,127.29807103723188,서울아산내과의원,360,시,세종,044-862-7559,의원,Y,30028
서울시 중랑구,면목로 473 (상봉동) 강북21세기병원,2021-06-01 00:00:00,02-976-3762,37.59429260187507,127.08586501955763,강북21세기병원,361,구,서울,1577-6336,병원,Y,02138
충북 청주시,흥덕구 월명로 15 (복대동) 원광효도요양병원,2021-06-01 00:00:00,043-268-0156,36.63646753943852,127.45285758492952,청주원광효도요양병원,362,시,충북,043-267-0301,요양병원,Y,28591
충남 공주시,웅진로 186 (산성동) 2층 공주서울내과의원,2021-07-01 00:00:00,041-853-7583,36.456955688121575,127.12523185558513,공주서울내과의원,363,시,충남,041-853-7582,의원,Y,32555
강원도 홍천군,홍천읍 신장대리 64-1,2021-07-01 00:00:00,033-432-0129,37.68883436399954,127.8849626195602,서울정형외과의원(홍천),364,군,강원,033-432-0129,의원,Y,25139
대구시 남구,대명로 12 (대명동),2021-07-01 00:00:00,053-622-7588,35.83772221949218,128.558840119509,서부영남내과의원,365,구,대구,053-656-7533,의원,Y,42482
대구시 동구,"아양로 251 (신암동) 대동빌딩, 대동에스정형외과의원",2021-07-01 00:00:00,053-943-2645,35.887746156007,128.64022681951025,대동에스정형외과의원,366,구,대구,053-943-2621,의원,Y,41186
경남 밀양시,중앙로 413 제일빌딩 302호,2021-08-01 00:00:00,055-352-7523,35.49667406051001,128.7477762194998,밀양선비뇨기과의원,367,시,경남,055-352-7512,의원,Y,50427
강원도 강릉시,솔올로 35 (교동) 2층,2021-08-01 00:00:00,033-641-9221,37.76525622823173,128.87798385562175,위드내과의원,368,시,강원,033-641-9222,의원,Y,25512
전남 목포시,"산대로 2 (산정동) 2, 2층",2021-07-05 00:00:00,061-801-5100,34.802525812013684,126.39220883718344,우리이비인후과의원,369,시,전남,061-276-7373,의원,Y,58654
서울시 서초구,남부순환로350길 33 (양재동) 예루살렘정형외과,2021-08-01 00:00:00,02-3461-0842,37.48358482975276,127.03637598495314,예루살렘정형외과의원,370,구,서울,02-575-0123,의원,Y,06737
경기도 평택시,중앙로 82-1 (합정동) 2층,2021-08-01 00:00:00,031-654-1915,36.99380875640891,127.09224453724285,로뎀나무내과의원,371,시,경기,031-654-1905,의원,Y,17909
충북 영동군,영동읍 중앙로 28 노상필내과의원,2021-08-01 00:00:00,043-770-7172,36.17448877302046,127.77660835557744,노상필내과의원,372,군,충북,043-770-7171,의원,Y,29145
대구시 서구,달구벌대로 1883 (내당동) 1층,2021-08-01 00:00:00,053-563-7774,35.86214581806944,128.5702828195096,서내과의원,373,구,대구,053-556-4509,의원,Y,41870
경북 경산시,하양읍 하양로 112 201호,2021-08-01 00:00:00,053-852-7501,35.91417102410314,128.8196380195111,파티마연합속내과의원,374,시,경북,053-852-7500,의원,Y,38436
전남 신안군,압해읍 압해로 871-3,2021-08-01 00:00:00,061-271-7681,34.86477704755512,126.31363278488163,압해연합의원,375,군,전남,061-271-7583,의원,Y,58824
경남 거제시,거제중앙로 1938,2021-08-09 00:00:00,055-637-8703,34.890581757104044,128.62236559373343,주영민비뇨기과의원,376,시,경남,055-634-1365,의원,Y,53251
경남 김해시,분성로 321 (서상동) 302호,2021-08-09 00:00:00,055-324-3634,35.233714968242445,128.88106450324852,굿모닝내과의원,377,시,경남,055-335-3565,의원,Y,50916
경남 사천시,사천읍 진삼로 1481 2층,2021-08-09 00:00:00,055-850-7576,35.08365173065609,128.08574973719087,우리메디컬의원,378,시,경남,055-850-7575,의원,Y,52519
경북 경주시,화랑로 80 (서부동) 박경대내과의원,2021-08-18 00:00:00,054-775-3371,35.8445765583271,129.20952065556835,박경대내과의원,379,시,경북,054-774-3337,의원,Y,38155
전남 곡성군,곡성읍 중앙로 132 (청암센트럴빌) 102~105호 최성식재활의학과의원,2021-09-01 00:00:00,061-363-0887,35.282012042926915,127.29686734604735,최성식재활의학과의원,380,군,전남,061-362-0887,의원,Y,57535
전북 무주군,무주읍 향학로 33-1 무주신경외과,2021-09-01 00:00:00,063-324-8276,36.00732296300569,127.66274973721583,무주신경외과의원,381,군,전북,063-324-8275,의원,Y,55517
전북 완주군,이서면 기지로 54 비씨엠타워 2층,2021-09-01 00:00:00,063-277-7505,35.838340672611935,127.05780963721128,혁신오케이정형외과의원,382,군,전북,063-277-7500,의원,Y,55365
전남 광양시,옥곡면 큰골길 8,2021-09-01 00:00:00,062-772-8575,34.98892892816626,127.70111021948611,현대의원,383,군,전남,061-772-7119,의원,Y,57726
부산시 사상구,"백양대로 893, 궁전빌딩 402호",2021-09-01 00:00:00,051-312-7581,35.18600270195123,128.9907239371936,참좋은정형외과신경과의원,384,구,부산,051-312-7582,의원,Y,46930
광주시 동구,남문로 696 (학동) 1층 연합내과,2021-09-01 00:00:00,062-228-9207,35.13288852907158,126.92867138488866,연합내과의원,385,구,광주,062-222-5651,의원,Y,61463
서울시 강동구,천호대로 1099 (천호동) 5층 502호,2021-09-01 00:00:00,02-474-5460,37.53587914859431,127.13408845561523,류마내과의원,386,구,서울,02-474-5450,의원,Y,05339
서울시 광진구,아차산로 450-2 (구의동),2021-09-01 00:00:00,02-455-5551,37.53873861202328,127.0923076849546,더바름정형외과의원,387,구,서울,02-455-2018,의원,Y,05047
서울시 서대문구,세검정로1길 5 (홍은동) 남기헌정형외과의원,2021-09-01 00:00:00,02-396-5597,37.592294416200985,126.94211751955745,남기헌정형외과의원,388,구,서울,02-396-5595,의원,Y,03615
경기도 안성시,중앙로 372번길 37-15 1층 안성제일정형외과의원,2021-09-01 00:00:00,031-672-6119,37.006299229088185,127.2684148372434,안성제일정형외과의원,389,시,경기,031-673-2119,의원,Y,17581
강원도 춘천시,안마산로 107 (퇴계동) 마디온정형외과의원,2021-09-01 00:00:00,033-249-8576,37.854510708242664,127.72945348640606,마디온정형외과의원,390,시,강원,033-249-8575,의원,Y,24455
경기도 광명시,철산로 32 (철산동) 4층 삼성우리내과의원,2021-09-01 00:00:00,02-2613-7587,37.47639844685935,126.86980723725652,삼성우리내과의원,391,시,경기,02-2613-7588,의원,Y,14237
인천시 서구,원적로 85 (가좌동) 201호,2021-09-01 00:00:00,032-232-3338,37.4946877569403,126.68127991955482,한길정형외과의원,392,구,인천,032-576-7582,의원,Y,22809
인천시 옹진군,"영흥면 영흥로 176번길 8, 203호(영흥늘푸른센터 2층)",2021-09-01 00:00:00,032-889-0788,37.258716485750654,126.49341612839919,하나의료조합영흥우리의원,393,군,인천,032-886-9411,의원,Y,23118
충남 태안군, 태안읍 동백로 301 3층,2021-09-01 00:00:00,,36.748599149473335,126.30357497329534,강비뇨기과의원(태안),394,군,충남,041-673-8008,의원,Y,32143
울산시 중구,번영로 475 홈플러스울산점 5층 태강내과,2021-09-13 00:00:00,050-7701-0133,35.56446774779266,129.33485025521736,태강내과의원,395,구,울산,052-292-2975,의원,Y,44478
대전시 서구,관저중로 72 (관저동) 4층 신선정형외과,2021-10-01 00:00:00,042-636-6335,36.29883652899719,127.33517336873287,신선정형외과의원,396,구,대전,042-636-3003,의원,Y,35382
대전시 중구,계룡로 945 (대사동),2021-10-01 00:00:00,042-252-2617,36.31923848190876,127.41704499756854,김학영정형외과의원,397,구,대전,042-254-7966,의원,Y,34946
대전시 대덕구,동춘당로 179 (법동) 201,2021-10-01 00:00:00,042-635-7553,36.36748100314785,127.43158268222957,청담내과의원,398,구,대전,042-635-7576,의원,Y,34406
경기도 성남시,분당구 황새울로335번길 5 (서현동) 앤타운빌딩 803호,2021-10-01 00:00:00,031-706-8295,37.386056955242516,127.12167015842166,분당연세비뇨의학과의원,399,시,경기,031-2706-8292,의원,Y,13590
경기도 양주시,옥정로 196 (옥정동) 파스텔시티 6층,2021-10-01 00:00:00,031-868-8767,37.819358925885595,127.09183693832783,두리이비인후과의원(양주),400,시,경기,031-868-8766,의원,Y,11473
서울시 강북구,"도봉로 242, 2층 1호",2021-10-01 00:00:00,02-980-1531,37.631285805672256,127.02389360346905,강북보아스이비인후과의원,401,구,서울,02-980-1530,의원,Y,01117
서울시 노원구,"월계로 370 (월계동) 201~202호 서울의원(월계동, 희성프라자)",2021-10-01 00:00:00,02-993-2169,37.631103284496504,127.0609901696899,서울의원(서울),402,구,서울,02-993-2161,의원,Y,01905
서울시 중랑구,용마산로 503,2021-10-01 00:00:00,02-437-6153,37.59641950203393,127.09987706968891,맑은성심피부과의원,403,구,서울,02-437-6152,의원,Y,02165
경북 영주시,중앙로 122,2021-10-15 00:00:00,054-635-6957,36.826016591683135,128.62607577208058,김제욱피부비뇨기과의원,404,시,경북,054-635-8290,의원,Y,36080
충남 보령시,주공로 5 (동대동) 서광정형외과,2021-11-01 00:00:00,041-931-7278,36.34588910914082,126.60247316220773,서광정형외과의원,405,시,충남,041-931-7279,의원,Y,33469
경남 창원시,성산구 가음로 88 (가음동),2021-10-15 00:00:00,055-282-8674,35.20552727933282,128.70299203477293,가온내과의원,406,시,경남,055-282-8511,의원,Y,51490
전남 보성군,보성읍 중알로 61-15,2021-11-01 00:00:00,061-853-9878,34.768043817420484,127.08269012448419,서병기내과의원,407,군,전남,061-852-9878,의원,Y,57535
전남 구례군,구례읍 봉성로 110,2021-11-01 00:00:00,061-783-7584,35.21220023730199,127.4648268931278,한양마취통증의학과의원,408,군,전남,061-782-7582,의원,Y,57535
부산시 부산진구,중앙대로 808 (전포동) 4층,2021-11-01 00:00:00,051-715-5504,35.16344237063836,129.0639664127671,이신내과의원,409,구,부산,051-715-5501,의원,Y,47241
경남 통영시,광도면 남해안대로 857,2021-11-01 00:00:00,055-644-0082,34.87021086867346,128.41545986854365,통영서울병원,410,시,경남,055-640-1112,병원,Y,53021
부산시 해운대구,좌동순환로505 3층 부강비뇨의학과,2021-11-01 00:00:00,051-747-7789,35.16590166270106,129.1683209034049,부강비뇨의학과의원,411,구,부산,051-747-7200,의원,Y,48096
부산시 기장군,정관읍 정관로 495 2층 수이비인후과,2021-11-01 00:00:00,050-4413-3066,35.32606677296719,129.1704849685552,수이비인후과의원,412,군,부산,051-727-0575,의원,Y,46015
서울시 도봉구,도봉로 551 (쌍문동) 4층 삼성나비뇨의학과의원,2021-11-01 00:00:00,02-955-3078,37.65460222969139,127.03775683832337,삼성나비뇨의학과의원,413,구,서울,02-955-3077,의원,Y,01436
경기도 의왕시,원골로 59 (오전동),2021-11-01 00:00:00,031-459-4868,37.362480409858875,126.97125660062991,한국한센복지협회부설의원,414,시,경기,031-452-7093,의원,Y,16048
대구시 중구,달구벌대로 1993 (대신동) 2층,2021-11-05 00:00:00,053-255-8334,35.86523372025558,128.581937633496,건강제일내과의원,415,구,대구,053-255-8333,의원,Y,41927
경북 상주시,상산로 255 (남성동) 강남빌딩5층 강남비뇨기과,2021-11-05 00:00:00,054-536-7598,36.41497421899348,128.15899883876452,강남비뇨기과의원,416,시,경북,054-534-7575,의원,Y,37198
전북 남원시,시청로 3 (죽항동) 미래연합의원,2021-12-01 00:00:00,063-636-7557,35.41143180420978,127.39292277010241,미래연합의원,417,시,전북,063-636-7500,의원,Y,55773
경북 영덕군,영덕읍 중앙길 90 영덕경대안과,2021-11-22 00:00:00,054-734-5818,36.412715120503606,129.36755078785194,영덕경대안과의원,418,군,경북,054-734-5817,의원,Y,36432
서울시 용산구,새창로 217 (한강로2가) 5층 용산성모내과,2021-12-01 00:00:00,02-794-9919,37.53044406116635,126.96769461127154,용산성모내과의원,419,구,서울,02-794-9992,의원,Y,04376
서울시 중구,퇴계로 395 (흥인동) 일신빌딩302호,2021-12-01 00:00:00,02-2237-5201,37.56559444822149,127.01548197975944,라임비뇨기과의원,420,구,서울,02-2237-5200,의원,Y,04569
서울시 은평구,진관2로 15-46 9층,2021-12-01 00:00:00,02-357-7598,37.63846819677474,126.91782397220426,구파발정형외과의원,421,구,서울,02-334-8275,의원,Y,033-069
부산시 강서구,명지국제11로 25 (명지동) 동명빌딩 3층 다사랑내과의원,2021-12-01 00:00:00,051-201-2116,35.10535413677258,128.9215413392522,다사랑내과의원,422,구,부산,051-201-2115,의원,Y,46773
충북 청주시,서원구 궁뜰로 16 (미평동) 청주탑요양병원,2022-01-01 00:00:00,043-296-5200,36.600979617575646,127.47854179866218,의료법인 하람의료재단 청주탑요양병원,423,시,충북,043-296-5000,요양병원,Y,28803
전북 순창군,순창읍 순창로 105,2022-01-01 00:00:00,063-653-8807,35.365265112386595,127.14112605334438,의료법인태종의료재단 순창요양병원,424,군,전북,063-650-8005,요양병원,Y,56050
부산시 영도구,대교로 1 (봉래동3가) 2층 참좋은 정형외과 의원,2022-01-01 00:00:00,051-714-1743,35.09295649443095,129.04432355577123,참좋은정형외과의원(영도),425,구,부산,051-714-1742,의원,Y,49035
울산시 동구,방어진순환도로 799,2022-01-01 00:00:00,052-233-6336,35.513348341624635,129.43090361345065,안신경외과의원,426,구,울산,052-235-4900,의원,Y,44034
충남 아산시,"번영로 223 (모종동) 4층,5층 장사랑연합내과의원",2022-01-01 00:00:00,041-542-7572,36.784567911067725,127.01330766873003,장사랑연합내과의원,427,시,충남,041-542-7582,의원,Y,31522
세종시,한누리대로 2281 (대평동) SM메디컬센터 3층서문365정형외과,2022-01-01 00:00:00,044-868-1065,36.471411197844525,127.27587068331921,서문365정형외과의원,428,시,세종,044-868-1039,의원,Y,30153
경남 창원시,마산회원구 내서읍 죽암로 89,2022-01-01 00:00:00,055-232-5620,35.25891925080271,128.50942523973245,청록의료재단신세계요양병원,429,시,경남,055-232-5600,요양병원,Y,51216
인천시 연수구,비류대로 194 (옥련동) 3층 연세정형외과의원,2022-01-01 00:00:00,032-834-7002,37.42796795919511,126.65641295329406,연세정형외과의원,430,구,인천,032-834-7000,의원,Y,21954
대구시 수성구,달구벌대로 3188 (신매동) 3층 시지율정신건강의학과의원,2022-01-01 00:00:00,053-792-7571,35.840380237805355,128.70531392625685,시지율정신건강의학과의원,431,구,대구,053-792-7570,의원,Y,42274
경북 의성군,의성읍 안평의성로 1122-30,2022-01-01 00:00:00,054-834-9916,36.359552781548786,128.6812779974375,의성군공립요양병원,432,군,경북,054-834-7400,요양병원,Y,37333
서울시 동작구,"상도로 84, 5,6층",2022-01-01 00:00:00,070-7500-0207,37.510665908936644,126.93969001785542,삼성유신경외과의원,433,구,서울,02-2135-2058,의원,Y,06956
서울시 금천구,"금하로 651, 2,3층",2022-01-01 00:00:00,02-805-6126,37.4521003553836,126.90198019754284,김홍열내과의원,434,구,서울,02-805-6124,의원,Y,08627
경기도 용인시,기흥구 용구대로 2252 더원요양병원,2022-01-01 00:00:00,070-8282-7999,37.28779829782021,127.10868825520879,더원요양병원,435,시,경기,031-282-8123,요양병원,Y,16962
경북 구미시, 금오산로 58,2022-02-01 00:00:00,054-453-9911,36.12749762164149,128.33692204005067,(구미)고려마취통증의학과의원,436,시,경북,054-453-9797,의원,Y,39225
전남 순천시,이수로 317,2022-02-01 00:00:00,061-721-0067,34.954213610723706,127.51839835487219,성모안과의원,437,시,전남,061-721-0062,의원,Y,57950
전남 순천시,신월큰길 13,2022-02-01 00:00:00,061-804-5113,34.96069829263228,127.5198986839915,플러스내과의원,438,시,전남,061-804-5121,의원,Y,57946
울산시 남구, 번영로107번길1,2022-02-01 00:00:00,052-267-9227,35.535033185137095,129.32672548744858,전내과의원,439,구,울산,052-267-7272,의원,Y,44758
대전시 중구,"중앙로 10(문화동, 태양빌딩 2층)",2022-02-01 00:00:00,042-256-5552,36.3225237427825,127.41357242635571,지정신건강의학과의원,440,구,대전,042-256-5551,의원,Y,34944
충남 천안시,서북구 다가말3길 8,2022-03-01 00:00:00,041-574-3328,36.79753608640562,127.13159081329192,천안충무병원,441,시,충남,041-570-7644,종합병원,Y,31181
제주도 제주시,"중앙로 337,3층 301,302호",2022-02-15 00:00:00,064-753-0808,,,동산내과의원,442,시,제주,064-723-0808,의원,Y,63231
제주도 제주시,"우평로 338, 4,5층",2022-02-15 00:00:00,064-746-2375,33.484424990382735,126.43072216905314,연세차내과의원,443,시,제주,064-747-2375,의원,Y,63069
경기도 가평군,가평읍 가화로 113,2022-03-01 00:00:00,031-581-7201,37.829909930295614,127.51335272680748,새희망마취통증의학과의원,444,군,경기,031-581-7200,의원,Y,12418
경기도 광주시,중앙로 101,2022-03-01 00:00:00,031-763-2603,37.40901077740127,127.25837804029332,광주제일내과의원,445,시,경기,031-763-2601,의원,Y,12759
경남 사천시,사천읍 옥산로 127,2022-03-01 00:00:00,055-851-5499,35.07936630097782,128.09703029791777,사천중앙요양병원,446,시,경남,055-851-5400,요양병원,Y,52517
부산시 동구,"중앙대로 375, 강남빌딩 3층",2022-04-01 00:00:00,051-469-7582,35.12094027244871,129.04318284025916,비타민마취통증의학과의원,447,구,부산,051-469-7581,의원,Y,48788
부산시 중구,"구덕로 40, 호림빌딩 7층",2022-04-01 00:00:00,051-248-0002,35.0984573203255,129.03159116576742,이지숨이비인후과의원,448,구,부산,051-243-0002,의원,Y,48953
부산시 동래구,"충렬대로 259, 3~3층",2022-04-01 00:00:00,051-715-7570,35.2012940567325,129.08771549117284,베스트이비인후과의원,449,구,부산,051-555-0110,의원,Y,47813
전남 여수시,여천체육공원길 10,2022-03-18 00:00:00,061-689-9790,34.761457004789904,127.67512759975803,여수한국병원,450,시,전남,061-653-2000,병원,Y,59684
충남 홍성군,홍성읍 내포로 18,2022-04-01 00:00:00,041-631-6708,36.60046945121685,126.66582745561765,연합의원,451,군,충남,041-631-8900,의원,Y,32230
충남 청양군,청양읍 칠갑산로 157,2022-04-01 00:00:00,041-943-8117,36.45089621800675,126.79377082677948,청양훈요양병원,452,군,충남,041-943-8114,요양병원,Y,33339
경기도 파주시," 미래로 371, 1001-1002호(동패동)",2022-04-01 00:00:00,031-946-2116,,,두리이비인후과의원(파주),453,시,경기,031-946-2115,의원,Y,10905
부산시 수영구,수영로 390-1,2022-05-01 00:00:00,050-5300-0252,35.1412,129.1075,메트로적추병원,454,구,부산,051-626-0250,병원,Y,483-311
부산시 서구,"충무대로 277, 2~3층",2022-05-01 00:00:00,051-246-3100,35.0964,129.0242,속바른내과의원,455,구,부산,051-246-0100,의원,Y,49253
부산시 연제구,중앙대로 1077 상계빌딩 6~7층(연산동),2022-07-01 00:00:00,051-575-9931,35.1844,129.0789,라라정신건강의학과의원,456,구,부산,051-515-9900,의원,Y,47540
경기도 시흥시,"역전로 292, 2층(정왕동)",2022-07-01 00:00:00,031-319-3939,37.3522,126.7398,드림내과의원,457,시,경기,031-431-7788,의원,Y,15024
전북 완주군,삼례읍 동학로 23,2022-11-01 00:00:00,063-291-1900,35.9099,127.0747,한호수내과의원,458,군,전북,063-291-3900,의원,Y,55342
제주도 서귀포시,중정로 123,2022-11-01 00:00:00,064-763-4102,33.2488,126.5696,의료법인열린의료재단서연의원,459,시,제주,064-763-4100,의원,Y,63590
경북 경주시,금성로 316,2022-12-01 00:00:00,054-777-7297,35.8459,129.2072,정흥채재활의학과의원,460,시,경북,054-777-7277,의원,Y,38144
광주시 서구,화개1로 45,2022-12-01 00:00:00,062-653-8686,35.127990,126.854930,박상훈내과의원,461,구,광주,062-653-9119,의원,Y,62012
광주시 남구,서문대로 692,2022-12-01 00:00:00,062-652-7080,35.121352,126.899101,조민석내과의원,462,구,광주,062-652-7070,의원,Y,61709
광주시 북구,임방울대로 1055,2022-12-01 00:00:00,062-463-7577,35.2122,126.8729,뉴스타정형외과의원,463,구,광주,062-463-7575,의원,Y,61019
광주시 광산구,장신로 253,2022-12-01 00:00:00,062-962-8500,35.1911,126.838,연세세브란스치과의원,464,구,광주,062-959-0202,의원,Y,62252
전남 나주시,다시면 다시로 178,2022-12-01 00:00:00,061-337-8827,35.0174,126.6369,박지우플란트치과의원,465,시,전남,061-337-8828,의원,Y,58203
전남 여수시,"시청로 19, 우리빌딩 3층",2022-12-01 00:00:00,061-684-4500,34.7636,127.6625,아라이비인후과의원,466,시,전남,061-685-5500,의원,Y,59673
전남 목포시,영산로 620-1,2022-12-01 00:00:00,061-989-9090,34.8208,126.4221,부부요양병원,467,시,전남,061-989-9003,요양병원,Y,58655
전북 진안군,진안읍 중앙로88,2022-12-01 00:00:00,063-433-5905,35.7927,127.427,김홍기가정의학과의원,468,군,전북,063-433-2341,의원,Y,55429
경남 하동군, 진교면 진교중앙길 13,2022-12-01 00:00:00,055-884-0601,35.0291,127.9035,청해의원,469,군,경남,055-882-8540,의원,Y,52344
충북 청주시,서원구 사직대로 88,2022-12-01 00:00:00,043-267-1529,36.6348,127.4571,김안과의원,470,시,충북,043-268-4131,의원,Y,28642
충남 천안시,서북구 충무로 175 금정빌딩 4층,2022-12-01 00:00:00,041-575-7534,36.795,127.1264,쌍용우리이비인후과의원,471,시,충남,041-575-7533,의원,Y,31174
세종시,해밀3로 51 허브빌딩 3층,2022-12-01 00:00:00,044-715-7589,36.529,127.265,허브연합내과의원,472,시,세종,044-715-7588,의원,Y,30092
전남 영암군,영암읍 오리정길 8,2022-12-01 00:00:00,061-473-9180,34.7944,126.7009,영암한국병원,473,군,전남,061-470-7114,병원,Y,58421
경북 김천시,신음새동네길 1,2022-12-12 00:00:00,054-431-8276,36.134708,128.117860,김천참좋은마취통증의학과의원,474,시,경북,054-431-8275,의원,Y,39544
경남 거창군, 거창읍 거열로 116,2022-12-01 00:00:00,055-945-9979,35.6886,127.9065,거창수이비인후과의원,475,군,경남,055-945-9978,의원,Y,50132
경남 함안군,경남 함안군 산인면 학산2길 17-50,2022-12-01 00:00:00,055-583-7576,35.2743,128.4318,(의)학산의료재단아라한국병원,476,군,경남,055-736-4008,병원,Y,52072
인천시 서구,청마로 163 당하메디칼 2층,2022-12-01 00:00:00,032-565-0772,37.592,126.6767,조성원내과의원,477,구,인천,032-565-0771,의원,Y,22677
대구시 북구,학정로 415,2022-12-19 00:00:00,053-321-3334,35.9419,128.563,김정수이비인후과의원,478,구,대구,053-327-3338,의원,Y,41423
대구시 동구,안심로 366,2023-01-01 00:00:00,053-965-6634,35.8678,128.7244,속안심내과연합의원,479,구,대구,053-965-6633,의원,Y,41087
대구시 서구,달서로 201,2022-12-19 00:00:00,053-562-8300,35.8804,128.5712,이성원피부비뇨기과의원,480,구,대구,053-562-8300,의원,Y,41744
대구시 남구,대명로 304,2023-01-01 00:00:00,053-622-4953,35.8447,128.5894,원형마취통증의학과의원,481,구,대구,053-622-4955,의원,Y,42449
대구시 달서구,월배로 175,2023-01-01 00:00:00,053-642-2103,35.8178,128.5328,완쾌신경과의원,482,구,대구,070-4365-7155,의원,Y,42781
대구시 수성구,범안로 60,2023-01-01 00:00:00,053-783-2558,35.8179,128.6444,다올연합의원,483,구,대구,053-782-2558,의원,Y,42242
경북 청도군,청도읍 청화로 179,2023-01-01 00:00:00,054-373-1021,35.6428,128.7447,청도탑연합비뇨의학과의원,484,군,경북,054-373-1020,의원,Y,38338
대구시 달성군,테크노상업로 20,2023-01-01 00:00:00,053-611-8701,35.6913,128.4535,현풍경대비뇨기과의원,485,군,대구,053-611-8700,의원,Y,43017
경북 칠곡군,왜관읍 군청2길 10,2023-01-01 00:00:00,054-973-2569,35.9963,128.4015,왜관병원,486,군,경북,054-971-1004,병원,Y,39888
경북 포항시,북구 삼흥로 18,2023-01-01 00:00:00,054-252-2228,36.0639,129.3803,경대연합내과의원,487,시,경북,054-254-8282,의원,Y,37611
광주시 광산구,임방울대로 348,2023-01-01 00:00:00,062-959-8573,35.1912,126.8245,수완탑정형외과의원,488,구,광주,062-959-8575,의원,Y,62247
전남 순천시,이수로 321,2023-01-01 00:00:00,061-724-1219,34.9542,127.519,황인용신경과의원,489,시,전남,061-724-5577,의원,Y,57949
전북 전주시,완산구 거마평로 146,2023-01-01 00:00:00,063-236-7974,35.8058,127.117,장하림의원,490,시,전북,063-236-7975,의원,Y,55081
대전시 유성구,유성대로 772,2023-01-01 00:00:00,042-822-7521,36.361,127.3363,한샘내과의원,491,구,대전,042-822-7598,의원,Y,34171
대전시 유성구,도안대로 567번길 26,2023-01-01 00:00:00,042-365-0104,36.3518,127.3387,브레인요양병원,492,구,대전,042-365-0101,요양병원,Y,34179
대전시 동구,곤룡로 6,2023-01-01 00:00:00,042-273-7032,36.2801,127.4686,마디신경외과의원,493,구,대전,042-271-7008,의원,Y,34703
대전시 중구,목중로 50 중촌제일프라자 3층,2023-01-01 00:00:00,042-721-2796,36.3379,127.4096,햇살이비인후과의원,494,구,대전,042-721-2795,의원,Y,34812
대전시 서구,청사로 128,2023-01-01 00:00:00,042-337-0006,36.3597,127.378,바른생각병원,495,구,대전,042-337-0001,병원,Y,35220
경남 창원시,진해구 충장로 130 3층,2023-01-01 00:00:00,055-551-2234,35.1519,128.6663,진해프라임비뇨기과의원,496,시,경남,055-547-8100,의원,Y,51680
부산시 진구,부전로77 누네메디타워 7-13층,2023-01-01 00:00:00,051-810-5629,35.157,129.0566,누네빛안과의원,497,구,부산,051-810-5678,의원,Y,47285
부산시 연제구," 중앙대로 1091 제세빌딩 3, 7층",2023-01-01 00:00:00,051-714-0837,35.1856,129.0807,(의)열린의료재단연산열린의원,498,구,부산,051-714-0835,의원,Y,47540
부산시 수영구,수영로 465 남천프라자 3층,2023-01-01 00:00:00,050-4434-8103,35.1476,129.1101,바른이김대식치과의원,499,구,부산,051-715-5075,의원,Y,48265
부산시 진구,중앙대로 669,2023-01-01 00:00:00,051-711-8875,35.1526,129.0589,굿모닝이비인후과의원,500,구,부산,051-987-7575,의원,Y,47289
부산시 남구,진남로 4 3층,2023-01-01 00:00:00,051-792-6363,35.1356,129.092,늘편한내과의원,501,구,부산,051-621-0119,의원,Y,48445
부산시 북구,만덕대로 22 드림메디컬빌딩 7층,2023-01-01 00:00:00,051-335-2582,35.2126,129.0154,덕천요편한비뇨기과의원,502,구,부산,051-365-2582,의원,Y,46576
부산시 수영구,수영로 511-1,2023-01-01 00:00:00,051-759-3524,35.1518,129.1113,조이비인후과의원,503,구,부산,051-758-3593,의원,Y,48264
울산시 울주군,삼남읍 하방로 39,2023-01-01 00:00:00,055-780-1011,35.5066,129.0904,이손요양병원,504,군,울산,055-780-3011,요양병원,Y,44955
인천시 연수구,"하모니로 178번길 22, GTX센트럴B동 501,502호",2023-01-01 00:00:00,032-832-5776,37.3836,126.6407,연세추의원,505,구,인천,032-832-5775,의원,Y,22011
경기도 수원시,"팔달구 매산로 11, 3층",2023-01-01 00:00:00,031-548-1214,37.26744114,127.0027168,오케이365정형외과의원,506,시,경기,031-548-1213,의원,Y,16455
서울시 강서구,"방화동로 92, 3층",2023-01-01 00:00:00,02-6237-7580,37.5688,126.8129,삼성우리이비인후과의원,507,구,서울,02-6737-7582,의원,Y,07607
경기도 성남시,"분당구 분당로53번길 22, 4층",2023-01-01 00:00:00,031-781-1364,37.3844,127.1229,(의)열린의료재단 분당열린의원,508,시,경기,031-708-9393,의원,Y,13591
경기도 군포시,"금산로112, 2층",2023-01-01 00:00:00,031-392-6582,37.372,126.9363,나래비뇨기과의원,509,시,경기,031-392-7582,의원,Y,15806
경기도 용인시,"수지구  신봉1로 73, 3층",2023-01-01 00:00:00,031-272-6697,37.323,127.0767,수지엘내과의원,510,시,경기,031-272-6699,의원,Y,16810
경기도 하남시,"신장로 152, 2층,5층",2023-01-01 00:00:00,031-791-8728,37.5397,127.2021,서울본정형외과의원,511,시,경기,031-791-8825,의원,Y,12969
경기도 화성시,"꽃내음1길 19-6, 5층",2023-01-01 00:00:00,070-4827-1391,,,에스1 내과의원,512,시,경기,031-8078-8078,의원,Y,18244
서울시 성북구,"오패산로 99, 2~6층",2023-01-01 00:00:00,070-4324-9111,37.6109,127.0351,에스메디센터내과외과의원,513,구,서울,02-6925-0700,의원,Y,02737
대구시 달서구,한실로 99,2023-01-25 00:00:00,053-632-2805,35.8072,128.5377,김종원치과의원,514,구,대구,053-632-2804,의원,Y,42833
대구시 달서구,월배로 247,2023-01-25 00:00:00,053-282-5001,35.8203,128.5404,상인요양병원,515,구,대구,053-282-5000,요양병원,Y,42748
대구시 중구,남산로 61,2023-01-25 00:00:00,053-256-7551,35.8623,128.5821,이튼연합치과의원남산점,516,구,대구,053-254-8328,의원,Y,41975
강원도 횡성군,횡성읍 한우로306,2023-01-01 00:00:00,033-343-3635,37.4874,127.9866,이재형봄빛내과,517,군,강원,033-343-3636,의원,Y,25230
경북 경산시, 대학로 10길 1,2023-02-01 00:00:00,053-217-0099,35.8337,128.728,정평경대연합신경외과의원,518,시,경북,053-217-8899,의원,Y,38657
경북 영천시,완산로 68,2023-02-01 00:00:00,070-4009-7006,35.9665,128.9393,영천이플란트치과의원,519,시,경북,054-706-8275,의원,Y,38894
충남 홍성군,은하면 구성남로 381,2023-02-01 00:00:00,041-642-2004,36.5526,126.569,장수요양병원,520,군,충남,041-642-0001,요양병원,Y,32209
서울시 광진구,"자양로 287, 3층",2023-02-01 00:00:00,02-453-1921,37.5515,127.0918,아이코이비인후과의원,521,구,서울,02-453-1920,의원,Y,04954
서울시 성동구,"독서당로 302, 3층",2023-02-01 00:00:00,02-2294-8276,37.5476,127.0227,가온삼성비뇨의학과의원,522,구,서울,02-2294-8275,의원,Y,04737
서울시 강북구,"솔샘로 203, 3층",2023-02-01 00:00:00,02-2135-9411,37.6203,127.0152,내일맑음재활의학과의원,523,구,서울,02-2088-4922,의원,Y,01187
서울시 송파구,"송파대로 385, 1층",2023-02-01 00:00:00,02-423-7655,37.5016,127.1097,송파본내과의원,524,구,서울,02-423-6655,의원,Y,05697
서울시 도봉구,노해로 65길 17-13,2023-02-01 00:00:00,02-904-5011,37.6519,127.0455,창동제일의원,525,구,서울,02-900-5011,의원,Y,01405
서울시 중랑구,"사가정로 398, JS빌딩 2층",2023-02-01 00:00:00,02-432-6066,37.5803,127.0888,삼성속편한내과의원,526,구,서울,02-432-5002,의원,Y,02249
강원도 영월군,영월읍 중앙1로 15,2023-02-01 00:00:00,033-375-2700,37.1824,128.4656,삼성수의원,527,군,강원,033-375-2000,의원,Y,26235
 서울시 서초구,"서초대로77길 3, 3층",2023-02-01 00:00:00,02-556-8585,37.4965,127.0287,밝음나눔안과의원,528,구,서울,02-556-8800,의원,Y,06232
강원도 강릉시,옥가로 70,2023-02-01 00:00:00,033-643-8812,37.7623,128.9008,강릉연세요양병원,529,시,강원,033-645-1400,요양병원,Y,25552
서울시 성북구,안암로 99,2023-02-01 00:00:00,02-925-4992,37.5848,127.0311,우신향병원,530,구,서울,02-927-3333,병원,Y,02856
경기도 안산시, 단원구 선부광장로 103,2023-02-01 00:00:00,031-401-5155,37.334,126.8077,한도병원,531,시,경기,031-8040-1114,종합병원,Y,15367
경남 양산시,물금읍 청운로 185,2023-02-01 00:00:00,055-382-7588,35.3173,129.0028,센텀플러스신경외과의원,532,시,경남,055-381-7588,의원,Y,50613
전북 고창군,고창읍 중앙로 206,2023-03-01 00:00:00,063-562-7571,35.43498179,126.6980024,우리들마취통증의학과의원,533,군,전북,063-562-7570,의원,Y,56432
전북 익산시,익산대로 198,2023-03-01 00:00:00,063-562-7571,35.9436,126.9488,오강렬내과의원,534,시,전북,063-858-9119,의원,Y,54593
전북 순창군,순창읍 순창9길 12-14,2023-03-01 00:00:00,063-653-8276,35.376,127.1422,이상희재활의학과의원,535,군,전북,063-653-8274,의원,Y,56040
대전시 서구,대덕대로 246 넥서스벨리 B동 2층,2023-03-01 00:00:00,042-710-2876,36.3533,127.38,더봄구강악안면외과치과의원,536,구,대전,042-710-2875,의원,Y,35233
경기도 양평군,양평읍 시민로36,2023-03-01 00:00:00,031-773-6806,37.4901,127.4957,동서신경외과의원,537,군,경기,031-773-6806,의원,Y,12561
서울시 동작구,"상도로 247, 3층",2023-03-01 00:00:00,,37.5052,126.9462,가장편한내과의원,538,구,서울,02-824-0011,의원,Y,06921
경기도 파주시," 중앙로 308, 금촌타워 상가아파트 304~306호",2023-03-01 00:00:00,031-941-3596,37.7634,126.7757,금촌비뇨기과의원,539,시,경기,031-941-3588,의원,Y,10930
경기도 동두천시,"지행로 59, 401호",2023-03-01 00:00:00,,37.8927,127.0538,조은비뇨기과의원,540,시,경기,031-864-1711,의원,Y,11346
서울시 관악구,"남부순환로1603, 5층",2023-03-01 00:00:00,02-872-7575,37.4845,126.9288,메가비뇨의학과의원,541,구,서울,02-871-7575,의원,Y,08759
서울시 서초구,"방배로 83, 방배센트럴빌딩 6층",2023-03-01 00:00:00,02-522-7555,37.4819,126.997,방배연내과의원,542,구,서울,02-522-9792,의원,Y,06686
서울시 구로구,"경인로 204, 501호, 601호",2023-03-01 00:00:00,02-2683-8276,37.4959,126.8439,구로삼성정형외과의원,543,구,서울,02-2683-8275,의원,Y,08271
서울시 성북구,화랑로 87,2023-04-01 00:00:00,02-943-2737,37.6027,127.0418,미치과의원,544,구,서울,02-912-2828,의원,Y,02751
부산시 사하구,낙동대로 453,2023-04-01 00:00:00,,35.1052,128.969,박영수비뇨기과의원,545,구,부산,051-291-5732,의원,Y,49408
부산시 기장군,"정관읍 정관로 563, 301호",2023-04-01 00:00:00,051-723-7601,35.3219,129.1757,더본정형외과의원,546,구,부산,051-723-7600,의원,Y,46015
부산시 서구,대영로 46,2023-04-01 00:00:00,051-248-9911,35.1094,129.0167,정원정형외과의원,547,구,부산,051-248-0119,의원,Y,49235
울산시 중구,번영로 485 4층,2023-04-01 00:00:00,052-286-5301,35.5641,129.3366,하이울산신경과의원,548,구,울산,052-286-5300,의원,Y,44509
울산시 북구,"호계로 292, 3층",2023-04-01 00:00:00,052-281-7583,35.6292,129.3514,울산숲정신건강의학과의원,549,구,울산,052-281-7582,의원,Y,44227
서울시 양천구,"중앙로 262, 402~3호",2023-04-01 00:00:00,02-2062-7511,37.5199,126.8635,시원한비뇨기과의원,550,구,서울,02-2062-7510,의원,Y,08082
서울시 은평구,통일로 710,2023-04-01 00:00:00,02-358-1333,37.6093,126.9312,정승기정형외과의원,551,구,서울,02-358-2458,의원,Y,03368
서울시 동대문구,천호대로 307,2023-04-01 00:00:00,02-2245-0854,37.5659,127.0547,동인내과의원,552,구,서울,02-2245-0875,의원,Y,02604
경남 김해시,"구산로19, 2층",2023-05-01 00:00:00,055-902-3301,35.249,128.8709,현대정형외과의원,553,시,경남,055-902-3300,의원,Y,50905
경북 청도군,화양읍 청화로 79-7,2023-04-01 00:00:00,054-370-5550,35.6486172,128.7368285,청도대남병원,554,군,경북,054-373-0606,병원,Y,38329
전남 장성군,장성읍 영천로 200-1,2023-06-01 00:00:00,061-393-3404,35.3023,126.785,장성기독의원,555,군,전남,061-393-3403,의원,Y,57219
전남 영광군,영광읍 신남로 265,2023-07-01 00:00:00,061-350-3100,35.275,126.5109,의료법인거명의료재단 영광기독병원,556,군,전남,061-350-3115,종합병원,Y,57044
대전시 서구,"대덕대로176번길 9, 6~7층(둔산동)",2023-06-01 00:00:00,042-361-7775,36.3487,127.3777,삼성외과의원,557,구,대전,042-361-5500,의원,Y,35234
서울시 용산구,"한강대로 259, 고려에이트리움",2023-06-01 00:00:00,02-792-0329,37.5415,126.9724,서울정형외과의원(용산),558,구,서울,02-792-0321,의원,Y,04322
서울시 동대문구,천호대로 455,2023-06-01 00:00:00,02-2215-2649,37.5611,127.0697,한양정형외과의원,559,구,서울,02-2242-7844,의원,Y,02645
경기도 용인시,"기흥구 용구대로 2384, 2층",2023-06-01 00:00:00,031-274-3332,37.2992,127.108,서울플란트치과의원,560,시,경기,031-283-2581,의원,Y,16921
서울시 강남구,"자곡로120, 403~405호",2023-06-01 00:00:00,,37.4721,127.0963,강남드림내과의원,561,구,서울,02-459-9777,의원,Y,06373
서울시 강동구,"고덕로 262, 304~310호, 407~412호",2023-06-01 00:00:00,02-428-0087,37.5547,127.1546,강동본터치정형외과의원,562,구,서울,02-442-0087,의원,Y,05269
서울시 서대문구, 통일로 433,2023-06-01 00:00:00,,37.5876,126.9451,홍제연세참비뇨의학과의원,563,구,서울,02-396-5550,의원,Y,03646
서울시 강북구,"도봉로 187, 2~5층, 지하1층",2023-06-01 00:00:00,02-985-0336,37.6253,127.0262,강북으뜸병원,564,구,서울,1522-1746,병원,Y,01170
서울시 마포구,신촌로 88,2023-06-01 00:00:00,02-332-1323,37.5545,126.9344,연세수정형외과의원,565,구,서울,02-332-1320,의원,Y,04058
서울시 노원구,노해로 507,2023-06-01 00:00:00,02-930-0015,37.6554,127.064,오아로피부과의원,566,구,서울,02-930-1500,의원,Y,01695
울산시 울주군,"온양읍 온양로 105, 3층",2023-07-01 00:00:00,052-237-8830,35.4103,129.2834,이주형내과의원,567,군,울산,052-237-8800,의원,Y,44978
경기도 구리시,검배로 46,2023-07-01 00:00:00,031-546-4116,37.5973,127.144,구리센트럴병원,568,시,경기,031-564-4114,병원,Y,11932
부산시 사하구,"다대로 698, 5층",2023-07-17 00:00:00,070-8650-2275,35.0486,128.9654,다대튼튼치과의원,569,구,부산,051-715-2275,의원,Y,49506
경기도 부천시,"경인로 522, 4층(괴안동, 위드플러스타워)",2023-07-17 00:00:00,032-342-1192,37.4846,126.8133,가톨릭정형외과의원,570,시,경기,032-223-8275,의원,Y,14676
경남 밀양시,삼문중앙로 32(삼문동),2023-08-04 00:00:00,055-354-6112,35.4844,128.7556,밀양윤병원,571,시,경남,055-354-2200,병원,Y,44978
전북 순창군,순창읍 순창로 225-10,2023-08-01 00:00:00,063-653-5886,35.3756,127.143,류재규내과의원,572,군,전북,063-653-5885,의원,Y,56040
경북 구미시, 구미중앙로 111,2023-08-29 00:00:00,054-455-2012,36.1278,128.3345,하나이비인후과의원,573,시,경북,054-455-8924,의원,Y,39225
인천시 남동구,"호구포로 830, 5층",2023-09-01 00:00:00,032-217-1102,37.4563,126.7199,153신경외과의원,574,구,인천,032-217-1100,의원,Y,21542
전남 장흥군,관산읍 관산로 92-6,2023-09-01 00:00:00,,34.5634,126.9387,정의원,575,군,전남,061-867-8576,의원,Y,59347
전북 김제시,동서로 160,2023-09-01 00:00:00,063-547-9275,35.7989,126.8864,하나이비인후과의원,576,시,전북,063-547-8275,의원,Y,54408
경기도 안양시,"동안구 평촌대로 217번길 27, 3~4층",2023-09-01 00:00:00,,37.3903,126.954,평촌연세365내과의원,577,시,경기,031-385-3650,의원,Y,14072
경기도 남양주시,"다산중앙로 82번길 78, 2~3층",2023-09-01 00:00:00,031-566-0918,37.6197,127.1633,다산이엠365의원,578,시,경기,031-566-0911,의원,Y,12249
경기도 구리시,"검배로 42, 3~4층",2023-09-01 00:00:00,031-557-6303,37.5975,127.1436,구리백내과의원,579,시,경기,031-557-6311,의원,Y,11932
강원도 삼척시,"진주로 19, 3층",2023-09-01 00:00:00,,37.4425,129.1638,아산퍼스트마취통증의학과의원,580,시,강원,033-572-7588,의원,Y,25920
경기도 부천시,부천로 91,2023-10-01 00:00:00,032-652-0145,37.49254643,126.7841812,뉴대성병원,581,시,경기,032-610-1111,병원,Y,14577
인천시 부평구,"수변로 8, 파워프라자 2층",2023-10-01 00:00:00,032-507-6224,37.4872,126.7398,박현수정형외과의원,582,구,인천,032-507-6222,의원,Y,21416
경기도 김포시,"양도로 23, 오성프라자 6차 5층",2023-10-01 00:00:00,031-986-2981,37.6067,126.7251,손발척척정형외과의원,583,시,경기,031-986-2980,의원,Y,10113
서울시 강북구,"도봉로 217, 25메디컬빌딩 5-7층",2023-11-01 00:00:00,02-988-1108,37.6281,127.0252,엘앤에스비뇨기과의원,584,구,서울,02-988-1151,의원,Y,01125
서울시 도봉구,"도봉로 684, 모비우스스퀘어 3층",2023-11-01 00:00:00,02-6953-7562,37.6653,127.0438,도봉연세위내과의원,585,구,서울,02-6953-7561,의원,Y,01334
서울시 동대문구,"홍릉로 3, 3층",2023-11-01 00:00:00,02-968-7373,37.5807,127.0448,노태호바오로내과의원,586,구,서울,02-968-7575,의원,Y,02573
서울시 성북구,돌곶이로 25,2023-11-01 00:00:00,02-966-9005,37.6067,127.061,굿데이이비인후과의원,587,구,서울,02-966-9002,의원,Y,02572
서울시 동대문구,왕산로 171,2023-11-01 00:00:00,02-966-0226,37.5794,127.0421,서울베스트안과의원,588,구,서울,02-966-0225,의원,Y,02788
경남 김해시,"내외중앙로 84 서울메디컬센터 8층,9층",2023-11-01 00:00:00,055-327-7584,35.2374,128.8676,서울안과의원,589,시,경남,055-327-7582,의원,Y,50948
경남 창원시,마산회원구 회원동 북성로138 천지리치빌 306호,2023-11-01 00:00:00,,35.2194,128.5711,이동헌비뇨기과의원,590,시,경남,055-248-1097,의원,Y,51289
경남 창녕군,창녕읍 명덕로 66-1,2023-11-01 00:00:00,055-532-1421,35.5425,128.4965,중앙마취통증의학과의원,591,군,경남,055-532-1450,의원,Y,51289
세종시,조치원읍 조치원로 62-1,2023-11-01 00:00:00,044-865-2258,36.6024,127.3035,장현진정형외과의원,592,시,세종,044-863-1150,의원,Y,30026
대전시 유성구,"계룡로 114, BYC빌딩 7층(봉명동)",2023-11-13 00:00:00,042-710-2476,36.3527,127.3431,새봄안과의원,593,구,대전,042-826-2475,의원,Y,34188
전북 군산시,조촌4길 11,2023-12-01 00:00:00,063-450-0708,35.9676,126.7356,군산원광효도요양병원,594,시,전북,063-450-0817,요양병원,Y,54078
전북 군산시,궁포안1길 33,2023-12-01 00:00:00,063-445-1055,35.9762,126.7441,달팽이이비인후과의원,595,시,전북,063-445-1005,의원,Y,54072
울산시 남구,"삼산로 171, 2층, 3층",2023-12-01 00:00:00,052-260-0026,35.5373,129.3259,배양규비뇨의학과의원,596,구,울산,052-260-6000,의원,Y,10930
충북 제천시,의림대로 123. 2층,2023-12-01 00:00:00,043-643-3313,37.1388,128.2106,삼성바른정형외과의원,597,시,충북,043-643-3300,의원,Y,27169
충북 괴산군,괴산읍 읍내로 11길 14,2023-12-01 00:00:00,043-832-0303,36.8098,127.7936,중앙외과의원,598,군,충북,043-832-2448,의원,Y,28030
충북 음성군,대소면 오태로 98,2023-12-01 00:00:00,043-882-7770,36.9675,127.4859,조은내과의원,599,군,충북,043-882-8880,의원,Y,27668
경남 의령군, 의령읍 의병로 14길 10,2023-12-01 00:00:00,055-573-6800,35.3186,128.2588,의령병원,600,군,경남,070-8885-6149,병원,Y,52150
경남 진주시,"동진로 22, 아주스타타워 8,9층",2023-12-01 00:00:00,055-752-8020,35.1786,128.0936,굿앤센신경외과신경과내과의원,601,시,경남,055-752-8090,의원,Y,52726
경남 산청군,신등면 신차로 509,2023-12-01 00:00:00,,35.3775,128.0104,신등하나의원,602,군,경남,055-974-0417,의원,Y,52257
경남 합천군,삼가면 삼가1로 94,2023-12-01 00:00:00,,35.4137,128.1229,현대의원,603,군,경남,055-933-8578,의원,Y,50223
경남 남해군,"화전로 96번가길 4, 3층",2023-12-01 00:00:00,055-863-4012,34.84,127.8951,일등내과의원,604,군,경남,055-863-1012,의원,Y,52420
경남 고성군,고성읍 동외로 157,2023-12-01 00:00:00,055-674-7572,34.9754,128.3257,고성비뇨기과의원,605,군,경남,055-674-7575,의원,Y,52942
충남 공주시,번영2로 18-10(신관동),2023-12-01 00:00:00,041-860-7599,36.4689,127.133,현대요양병원,606,시,충남,041-850-7500,요양병원,Y,32585
부산시 남구,수영로 260 5층 511-512호,2023-12-01 00:00:00,051-622-5475,35.1374,129.0881,박언비뇨의학과의원,607,구,부산,051-622-5474,의원,Y,48497
부산시 사하구,"낙동남로 1412 경부빌딩 7,8층",2023-12-01 00:00:00,051-710-7580,35.106,128.9676,비에스숨이비인후과의원,608,구,부산,051-710-7579,의원,Y,49427
부산시 금정구,구서로17 덕원메디칼 2층,2023-12-01 00:00:00,051-581-3585,35.2466,129.089,한솔내과의원,609,구,부산,051-581-3242,의원,Y,46243
전남 목포시,영산로 246,2023-12-01 00:00:00,061-279-3288,34.8026,126.3934,우리고운피부과의원,610,시,전남,061-279-3355,의원,Y,58707
전남 무안군,일로읍 오룡번영3로 40,2023-12-01 00:00:00,061-283-3902,34.8036,126.4835,위드유이비인후과의원,611,군,전남,061-283-3900,의원,Y,58581
경북 문경시,중앙로 127,2023-12-01 00:00:00,054-504-7753,36.5965,128.2,문경드림비뇨기과의원,612,시,경북,054-504-7752,의원,Y,36971
대구시 달서구,당산로 94,2023-12-01 00:00:00,053-652-5678,35.8458,128.5448,좋은연합정형외과의원,613,구,대구,053-628-2727,의원,Y,42654
경북 김천시,자산로 147,2023-12-01 00:00:00,054-439-2275,36.1209,128.1183,세이치과의원,614,시,경북,054-431-2275,의원,Y,39613
경북 경산시,경안로 206,2023-12-01 00:00:00,053-812-2823,35.826,128.7371,세명치과의원,615,시,경북,053-812-2822,의원,Y,38619
전남 순천시,백강로 375-11,2023-12-01 00:00:00,061-725-3792,34.9665,127.5205,손사랑연합의원,616,시,전남,061-724-0994,의원,Y,57934
전남 고흥군,고흥읍 학교길 40,2023-12-01 00:00:00,061-835-2281,34.6077,127.2913,박혜의원,617,군,전남,061-835-2281,의원,Y,59537
전남 순천시,양율길 306(인월동),2023-12-01 00:00:00,061-729-3301,34.8974,127.4782,메디팜요양병원,618,시,전남,061-729-3306,요양병원,Y,58028
전북 전주시,덕진구 쪽구름로 120,2023-12-01 00:00:00,063-214-7583,35.8742,127.0721,장인수가정의학과의원,619,시,전북,063-214-7582,의원,Y,54807
전북 남원시,용성로 113,2023-12-01 00:00:00,063-633-3399,35.4101,127.3886,중앙안과의원,620,시,전북,063-625-3398,의원,Y,55760
제주도 서귀포시,남원읍 태위로 636,2023-12-01 00:00:00,064-764-4144,33.2778,126.7146,남원의원,621,시,제주,064-764-4156,의원,Y,63621
충북 청주시,"흥덕구 2순환로 1120, 3-5층",2023-12-01 00:00:00,043-238-9205,36.6414,127.4371,청주웰치과의원,622,시,충북,043-238-9201,의원,Y,28363
충남 예산군,"삽교읍 예목로 154, 3층",2023-12-01 00:00:00,041-404-7579,36.6721,126.6854,내포아산의원,623,군,충남,041-404-7582,의원,Y,32416
서울시 금천구,시흥대로 190,2023-12-01 00:00:00,02-806-1175,37.4509,126.9025,마스터연세정형외과의원,624,구,서울,02-807-1175,의원,Y,08630
서울시 동작구,보라매로 113 3층,2023-12-01 00:00:00,02-821-1512,37.4995,126.928,코사랑이비인후과의원,625,구,서울,02-821-1515,의원,Y,07055
서울시 구로구,경인로 387 5층,2023-12-01 00:00:00,02-6342-8001,37.497,126.8632,타임안과의원,626,구,서울,02-6342-8000,의원,Y,08227
경기도 시흥시,공단1대로 237 B동 3~8층,2023-12-01 00:00:00,031-8041-3522,37.3369,126.7283,센트럴요양병원,627,시,경기,031-8041-3799,요양병원,Y,15079
경기도 용인시,기흥구 죽전로 2 4층,2023-12-01 00:00:00,031-265-5376,37.3202,127.109,맨스톤비뇨의학과의원,628,시,경기,031-265-5375,의원,Y,06897
경기도 의정부시,평화로 540 퍼시픽타워 11층,2023-12-01 00:00:00,031-848-3710,37.7401,127.0476,서울아산이비인후과의원,629,시,경기,0507-1405-3710,의원,Y,11695
울산시 동구,방어진순환도로 633 세인트에스타워9층,2023-12-01 00:00:00,052-236-7798,35.4984,129.4277,동울산영상의학과의원,630,구,울산,052-236-7799,의원,Y,44068
울산시 울주군,언양읍 남문길 12,2023-12-01 00:00:00,052-262-6912,35.5643,129.1226,백인정형외과의원,631,군,울산,052-262-6900,의원,Y,44946
부산시 기장군,"읍내로 105, 5층",2023-12-01 00:00:00,051-722-9958,35.2454,129.2159,이광욱내과의원,632,군,부산,051-722-9957,의원,Y,46061
부산시 북구,만덕대로 17,2023-12-01 00:00:00,051-312-6001,35.2108,129.007,덕천치과의원,633,구,부산,051-313-6000,의원,Y,46548
부산시 중구," 비프광장로 40, B-501호",2023-12-01 00:00:00,051-248-2822,35.09823309,129.028896,애플치과의원,634,구,부산,051-248-2828,의원,Y,48953
부산시 북구,시랑로 12(구포동),2023-12-15 00:00:00,051-342-1991,35.2046,129.0041,김호일정형외과의원,635,구,부산,051-342-3355,의원,Y,46642
경남 김해시,김해대로 1814-37,2023-12-18 00:00:00,055-330-0345,35.2623,128.8617,조은금강병원,636,시,경남,055-330-0319,종합병원,Y,50880
충남 보령시,"명천중앙길 8, 104호",2024-01-01 00:00:00,041-931-2389,36.344,126.6001,푸른정형외과의원,637,시,충남,041-931-2386,의원,Y,33471
충남 아산시,배방읍 모산로 181,2024-01-01 00:00:00,041-411-1046,36.7757,127.0629,큰나무정형외과의원,638,시,충남,041-543-8275,의원,Y,31482
경북 칠곡군,석적읍 강변대로 2288,2024-01-04 00:00:00,054-977-4502,36.0756,128.3943,더속편한내과의원,639,군,경북,054-977-4500,의원,Y,39841
대구시 수성구,수성구 동대구로 86,2024-01-01 00:00:00,053-764-1193,35.8379,128.6247,에스신경외과의원,640,구,대구,053-764-1192,의원,Y,42176
대구시 달성군,화원읍 비슬로 2463,2024-01-01 00:00:00,053-710-7811,35.7982,128.4877,더퍼스트병원,641,군,대구,053-710-8211,병원,Y,42945
경북 고령군,다산면 다산로 701,2024-01-01 00:00:00,054-954-9910,35.8254,128.4522,하하정형외과의원,642,군,경북,054-954-9911,의원,Y,40109
경기도 김포시,"김포한강4로 525, 감두리빌딩 4층",2023-12-29 00:00:00,031-981-6053,37.6457,126.6254,퍼스트내과의원,643,시,경기,031-981-6051,의원,Y,10071
인천시 미추홀구,"석정로 391, 뉴글로벌빌딩 2층",2023-12-29 00:00:00,032-872-8286,37.4672,126.679,주안성모이비인후과의원,644,구,인천,032-872-8281,의원,Y,22126
인천시 계양구," 장제로 871 셀마파빌딩 3,4층",2023-12-29 00:00:00,032-541-6768,37.545,126.7381,마음속내과의원,645,구,인천,032-541-6767,의원,Y,21034
인천시 부평구,"부평대로 19-1, 2층",2023-12-29 00:00:00,032-330-2276,37.4931,126.7226,원더이비인후과의원,646,구,인천,032-330-2275,의원,Y,21389
인천시 남동구,"구월남로 172, 3층 301호",2023-12-29 00:00:00,032-466-1904,37.4527,126.7085,꽃보다이비인후과의원,647,구,인천,032-465-1904,의원,Y,21565
서울시 강동구," 천호대로 1015(천호동, 성보빌딩 10층)",2024-01-01 00:00:00,,37.5385,127.1251,탑비뇨기과의원,648,구,서울,02-478-0100,의원,Y,05328
서울시 송파구,"송파대로 562(신천동, 3층)",2024-01-01 00:00:00,,37.5153,127.0996,잠실서울비뇨의학과의원,649,구,서울,02-425-0010,의원,Y,05510
서울시 광진구,"자양로 95, 801호(자양동)",2024-01-01 00:00:00,,37.5362,127.0832,연세안안과의원,650,구,서울,02-446-6675,의원,Y,05055
강원도 원주시,흥업면 남원로 57,2024-01-01 00:00:00,,37.3015,127.9192,원주연세의원,651,시,강원,033-766-7881,의원,Y,26403
강원도 동해시,청운1길 48 2층,2024-01-01 00:00:00,033-522-6637,37.4858,129.1085,동해제일내과의원,652,시,강원,033-522-6638,의원,Y,25809
강원도 삼척시,남양동 55-63,2024-01-01 00:00:00,,37.4415,129.1644,신준호의원,653,시,강원,033-575-0018,의원,Y,25920
강원도 태백시,황지로 169(황지동),2024-01-01 00:00:00,,37.1734,128.991,태백밝은안과의원,654,시,강원,033-554-0071,의원,Y,26008
강원도 정선군,정선읍 봉양6길 14,2024-01-01 00:00:00,033-563-7780,37.3789,128.664,정선연세외과의원,655,군,강원,033-563-7778,의원,Y,26130
경기도 성남시,중원구 산성대로 380(5층),2024-01-01 00:00:00,031-748-1110,37.4457,127.1578,수서울내과의원,656,시,경기,031-748-1112,의원,Y,13179
강원도 춘천시,금강로 69(4층),2024-01-01 00:00:00,,37.8791,127.7293,연세플러스비뇨기과의원,657,시,강원,033-243-6400,의원,Y,24352
광주시 남구,제석로 110,2024-02-01 00:00:00,062-671-6677,35.1242,126.9076,킹덤치과의원,658,구,광주,062-671-4400,의원,Y,61702
전남 화순군,화순읍 중앙로 69,2024-02-01 00:00:00,061-373-7576,35.0612,126.9893,화순고인돌정형외과의원,659,군,전남,061-373-7575,의원,Y,58118
전남 강진군,강진읍 평동2길 30,2024-02-01 00:00:00,061-434-7988,34.638,126.768,강진88정형외과의원,660,군,전남,061-433-8899,의원,Y,59234
전남 장흥군,장흥읍 중앙로1길 13,2024-02-01 00:00:00,061-846-8275,34.6778,126.9101,장흥성심의원,661,군,전남,061-836-5903,의원,Y,59324
전남 해남군,해남읍 천변1길 8,2024-02-01 00:00:00,061-536-3839,34.5693,126.5983,김만중내과의원,662,군,전남,061-536-3737,의원,Y,59040
충남 금산군,"금산읍 금산로 1491, 2층",2024-01-01 00:00:00,041-753-1175,36.1068,127.4893,속편한내과의원,663,군,충남,041-753-5575,의원,Y,32736
경기도 부천시,부흥로 377,2024-01-15 00:00:00,032-661-3103,37.4919,126.7835,대성안과의원,664,시,경기,032-661-3100,의원,Y,14578
경기도 의정부시,"시민로 39, 3층",2024-02-01 00:00:00,031-847-8874,37.7385,127.0395,요한비뇨기과의원,665,시,경기,031-855-8822,의원,Y,11673
경기도 안성시,"아양1로 61, 폴리프라자1 3층",2024-02-01 00:00:00,031-671-7576,37.0076,127.2594,더편한장내과의원,666,시,경기,031-671-7575,의원,Y,17577
경기도 파주시,"책향기로 836, 아름터타워 3층",2024-02-01 00:00:00,031-855-8824,37.7292,126.7638,연세탄탄정형외과의원,667,시,경기,031-939-1004,의원,Y,10896
경기도 의정부시,태평로 73번길 55,2024-02-01 00:00:00,,37.7388,127.0485,서울신세계안과의원,668,시,경기,1599-7397,의원,Y,11695
강원도 고성군,간성읍 간성로 40,2024-02-01 00:00:00,033-681-8275,38.3791,128.4724,고성제일의원,669,군,강원,033-681-7582,의원,Y,24734
경기도 남양주시,수동면 외방로 172번길 50,2024-02-01 00:00:00,031-590-5010,37.7382,127.3095,경기도립노인전문 남양주병원,670,시,경기,031-590-5000,요양병원,Y,12025
서울시 강남구," 강남대로 376, 12층",2024-02-01 00:00:00,02-565-8258,37.4965,127.0287,강남서울엔비뇨기과의원,671,구,서울,02-553-8258,의원,Y,06232
서울시 강남구," 언주로 174길 26, 남강빌딩 2층",2024-02-01 00:00:00,02-518-0383,37.528,127.0359,허준원엠디피부과의원,672,구,서울,02-518-0382,의원,Y,06017
경기도 양평군,양평읍 시민로 29,2024-02-01 00:00:00,031-774-8275,37.4903,127.4947,푸른정형외과의원,673,군,경기,031-774-7582,의원,Y,12557
경기도 고양시,"일산동구 강석로 113, 2층",2024-02-01 00:00:00,031-926-3558,37.6509,126.7794,일산연세참비뇨의학과의원,674,시,경기,031-927-9276,의원,Y,10414
서울시 종로구,"자하문로 58, 3층",2024-02-01 00:00:00,02-734-5135,37.5812,126.9712,곽내과의원,675,구,서울,02-735-5135,의원,Y,03043
경기도 수원시,권선구 경수대로 321,2024-02-01 00:00:00,031-237-8262,37.2555,127.0211,한마음외과의원,676,시,경기,031-235-7766,의원,Y,16580
경기도 안양시,"동안구 시민대로 206, 4,5층",2024-02-01 00:00:00,031-387-7586,37.3917,126.9538,평촌범계연세바로걷는의원,677,시,경기,031-387-7585,의원,Y,16072
경기도 남양주시,"진접읍 해밀예당1로 30, 센타프라자 6층",2024-02-01 00:00:00,031-571-0550,37.7118,127.1864,이룸이비인후과의원,678,시,경기,031-571-5075,의원,Y,12066
경기도 시흥시,"능곡번영길 30, 3층",2024-02-01 00:00:00,,37.3704,126.8064,김철수내과의원,679,시,경기,031-503-0872,의원,Y,14999
부산시 사상구,낙동대로 786 애진빌딩 6층,2024-02-01 00:00:00,051-715-3302,35.1307,128.9722,부산신경외과의원,680,구,부산,051-715-3301,의원,Y,46642
제주도 서귀포시,"표선면 표선중앙로 86, 2층",2024-02-01 00:00:00,064-787-6781,33.3257,126.8331,해비치의원,681,시,제주,064-787-6780,의원,Y,63629
부산시 해운대구,"세실로 43, 301호",2024-02-15 00:00:00,051-704-0371,35.1688,129.1785,신세기이비인후과의원,682,구,부산,051-704-0370,의원,Y,48111
광주시 북구,서암대로 187,2024-03-01 00:00:00,062-510-2003,35.1688,126.9047,에이치메디컬의원,683,구,광주,062-510-2003,의원,Y,61219
제주도 서귀포시,대정읍 하모상가로 49,2024-02-15 00:00:00,064-792-8887,33.2221,126.254,서울삼성재활의학과의원,684,시,제주,064-792-8887,의원,Y,63508
인천시 중구,"하늘중앙로 193, 조양타워 6,7층",2024-02-26 00:00:00,032-752-1321,37.49035863,126.5606598,하늘정형외과의원,685,구,인천,032-747-1321,의원,Y,22397
충남 논산시, 해월로 178(반월동),2024-03-01 00:00:00,041-734-5542,36.2054,127.0863,김현장외과의원,686,시,충남,041-734-5544,의원,Y,32969
대구시 달서구,월배로 219,2024-03-15 00:00:00,053-642-7595,35.8191,128.5372,수연합내과의원,687,구,대구,053-642-7575,의원,Y,42781
경기도 고양시,"덕양구 백양로 51, 네이버타운 301호",2024-04-01 00:00:00,031-979-0872,37.6303,126.8332,이움내과의원,688,구,경기,031-979-0875,의원,Y,10503
경남 양산시,신기로 28(신기동),2024-04-11 00:00:00,055-388-1592,35.3532,129.0436,베데스다복음병원,689,시,경남,055-781-9708,종합병원,Y,50576
대구시 북구,학정로 419,2024-04-22 00:00:00,053-322-0077,35.9421,128.5631,새강북연합정형외과의원,690,구,대구,053-324-7575,의원,Y,41423
경북 포항시,남구 대이로 109,2024-04-22 00:00:00,054-254-1214,36.0249,129.3407,제일좋은내과의원,691,시,경북,054-254-1212,의원,Y,37678
강원도 철원군,"동송읍 금학로 215, 2층",2024-05-01 00:00:00,050-5130-1188,38.2077,127.2177,동송제일정형외과의원,692,군,강원,033-458-1188,의원,Y,24014
강원도 홍천군,"홍천읍 홍천로 316, 4~5층",2024-05-01 00:00:00,033-439-9900,37.6882,127.8804,윤성일정형외과의원,693,군,강원,033-439-9999,의원,Y,25139
서울시 강서구,"강서로 179, 6~10층",2024-05-01 00:00:00,5404)292-2877,37.5423,126.8391,서울원병원,694,구,서울,1544-5888,병원,Y,07714
부산시 중구,구덕로 90 서라벌빌딩 5층,2024-06-01 00:00:00,051-806-7688,35.0975,129.026,BS삼성안과의원,695,시,부산,051-808-7688,의원,Y,48981
경남 양산시,"덕계로 61 태광프라자 2,3층",2024-06-01 00:00:00,055-785-5889,35.3737,129.1504,더바른내과의원,696,시,경남,055-785-5888,의원,Y,50554
경기도 고양시,"일산서구 일현로 97-11, 1층",2024-06-01 00:00:00,031-924-3127,37.696,126.7643,일산미래내과의원,697,시,경기,1544-7517,의원,Y,10242
부산시 해운대구,해운대로 469번가길 77,2024-07-01 00:00:00,051-780-5558,35.1682,129.1475,부산노인전문제3병원,698,시,부산,051-780-5557,요양병원,Y,48064
전북 부안군,행안면 염소로 25,2024-08-01 00:00:00,063-580-7272,35.7305,126.7213,부안효요양병원,699,군,전북,063-580-7337,요양병원,Y,56303
전북 고창군,고창읍 보릿골로 115,2024-08-01 00:00:00,063-923-9878,35.4357,126.6953,플란트유치과의원,700,군,전북,063-923-9877,의원,Y,56436
경남 진주시,관문로4 율곡스퀘어프런티어2 4층,2024-07-08 00:00:00,055-753-3535,35.1521,128.1178,진주역전이비인후과의원,701,시,경남,055-759-3535,의원,Y,52860
경남 진주시,진주대로 888 아이비타워 5층,2024-07-08 00:00:00,070-8228-1010,35.1798,128.0911,밝은삼성안과의원,702,시,경남,055-795-1700,의원,Y,52725
전남 무안군,삼향읍 남악로 250번길 59-30,2024-08-01 00:00:00,061-288-5505,34.803,126.4714,시그니티요양병원,703,군,전남,061-288-5504,요양병원,Y,56303
부산시 남구,유엔평화로 4 갤러리메디타워 5-6층,2024-07-15 00:00:00,051-711-7513,35.1349,129.0917,센텀카이스트재활의학과의원,704,시,부산,051-711-7512,의원,Y,48492
부산시 영도구,동삼로 56 한나타워 2층,2024-07-15 00:00:00,051-711-7513,35.0785,129.0708,오션이비인후과의원,705,시,부산,051-405-1004,의원,Y,49101
부산시 사상구,"낙동대로 786, 애진빌딩 502호",2024-07-15 00:00:00,051-323-2481,35.1308,128.9721,맑은유비뇨기과의원,706,시,부산,051-324-2481,의원,Y,47039
부산시 북구,만덕대로 24(덕천동),2024-07-15 00:00:00,051-711-3306,35.2104,129.0077,서울아산이비인후과의원,707,구,부산,051-711-3323,의원,Y,46576
경북 구미시,구미대로 409,2024-07-16 00:00:00,054-457-1900,36.1261,128.3385,마디와신경외과의원,708,시,경북,054-457-1800,의원,Y,39227
경북 청도군,청도읍 청화로 154,2024-07-16 00:00:00,054-371-0074,35.6437,128.7426,속튼튼의원,709,군,경북,054-371-0075,의원,Y,38344
대구시 북구,동북로 244,2024-07-16 00:00:00,053-957-4886,35.8954,128.6174,브이웰마취통증의학과의원,710,구,대구,053-956-4886,의원,Y,41562
인천시 중구,"하늘달빛로 94, 스타타워 301~3호",2024-07-17 00:00:00,032-752-2389,37.4872,126.5574,장튼튼내과의원,711,구,인천,032-752-2388,의원,Y,22402
제주도 제주시,"조천읍 함덕 13길 1 2,3층",2024-07-22 00:00:00,064-782-8276,33.5416,126.6676,서울아산정형외과의원,712,시,제주,064-782-8275,의원,Y,63333
제주도 서귀포시,일주동로 8614 2층,2024-07-22 00:00:00,064-763-2275,33.2549,126.5679,연합치과의원,713,시,제주,064-762-2275,의원,Y,63588
경남 양산시,덕계로 22,2024-08-01 00:00:00,055-364-5502,35.3703,129.1486,이진정형외과의원,714,시,경남,055-364-5511,의원,Y,50554
부산시 동구,중앙대로 233,2024-08-01 00:00:00,051-966-7802,35.1181,129.0407,한빛내과의원,715,구,부산,051-966-7800,의원,Y,48815
부산시 금정구,"중앙대로 2101, 2층",2024-08-01 00:00:00,051-583-5533,35.2718,129.0924,위드유이비인과의원,716,구,부산,051-583-7300,의원,Y,46219
경북 안동시,남후면 남일로 1463,2024-08-01 00:00:00,054-851-6404,36.5235,128.6893,경북도립안동노인전문요양병원,717,시,경북,054-851-6110,요양병원,Y,36755
경북 예천군,예천읍 중앙로 42,2024-08-01 00:00:00,054-652-3409,36.6564,128.4559,서울삼성내과의원,718,군,경북,054-652-3410,의원,Y,36820
경북 문경시,점촌로 23,2024-08-01 00:00:00,054-544-1117,36.5969,128.2001,삼성안과의원,719,시,경북,054-554-1119,의원,Y,36971
대구시 동구,아양로 81,2024-08-01 00:00:00,053-955-7900,35.8833,128.6229,라임비뇨기과의원,720,시,대구,053-955-7600,의원,Y,41198
경북 경산시,하양읍 서사도리 9로 27,2024-08-01 00:00:00,053-851-7580,35.9165,128.8126,새하양정형외과의원,721,시,경북,053-851-7585,의원,Y,38699
경북 울진군,울진읍 울진중앙로 120,2024-08-01 00:00:00,054-783-2550,36.9923,129.4014,민치과의원,722,군,경북,054-783-0050,의원,Y,36325
인천시 연수구,"독배로 409번길 11, 효명프라자 304~5호",2024-08-01 00:00:00,070-7547-6649,37.4276,126.6458,눈애안과의원,723,구,인천,032-716-6647,의원,Y,21949
인천시 연수구,"용담로 153, 대동월드스포츠센터 203호",2024-08-01 00:00:00,032-719-9965,37.4135,126.6826,연수리더스내과의원,724,구,인천,032-719-9988,의원,Y,21930
경남 밀양시,석정로 7-1,2024-08-12 00:00:00,055-352-0220,35.4915,128.753,우안과의원,725,시,경남,055-355-2112,의원,Y,50430
경남 함안군,원서로 10,2024-08-12 00:00:00,055-586-0502,35.3082,128.5184,보람가정의학과의원,726,군,경남,055-586-0501,의원,Y,52017
서울시 구로구,고척로21나길 88-41,2024-08-01 00:00:00,02-3666-5523,37.5029,126.8412,미소들노인전문병원,727,구,서울,02-3666-1114,요양병원,Y,08250
서울시 강남구,"테헤란로 146, 현익빌딩 5층",2024-08-01 00:00:00,02-2088-2675,37.5,127.0354,화이팅정형외과의원,728,구,서울,02-2088-2075,의원,Y,06236
서울시 구로구,"새말로 89, 태영빌딩 202호",2024-08-01 00:00:00,,37.5058,126.8896,신도림하나이비인후과의원,729,구,서울,02-859-5011,의원,Y,08288
경기도 남양주시,"늘을2로 14번길 5, 샤르망메디칼프라자 401호",2024-08-01 00:00:00,031-593-2879,37.6541,127.2446,다모아치과의원,730,시,경기,031-593-2879,의원,Y,12150
경기도 평택시,"지산로 64, 1~5층",2024-08-01 00:00:00,031-664-8275,37.0797,127.0621,건강드림내과의원,731,시,경기,031-666-8275,의원,Y,17763
강원도 강릉시,"경강로 2079, 2~5층",2024-08-01 00:00:00,033-641-3970,37.754,128.8945,우리들내과의원,732,시,강원,033-610-1500,의원,Y,25533
강원도 동해시,"한섬로 111-7, 3층",2024-08-01 00:00:00,,37.5222,129.1153,누가이비인후과의원,733,시,강원,033-535-3600,의원,Y,25769
전남 목포시,비파로 106,2024-09-01 00:00:00,061-283-4075,34.8075,126.4241,서울안과의원,734,시,전남,061-283-3075,의원,Y,58662
전남 목포시,하당로 153번길 14,2024-09-01 00:00:00,061-280-8199,34.8056,126.4142,동서재활의학과의원,735,시,전남,061-280-8113,의원,Y,58667
전남 함평군,내바람길 42,2024-09-01 00:00:00,061-894-7529,35.0625,126.5211,하나로플란트치과의원,736,군,전남,061-894-7528,의원,Y,57153
전남 영광군,옥당로 155,2024-09-01 00:00:00,061-351-0125,35.2758,126.5008,복음내과의원,737,군,전남,061-351-0124,의원,Y,57041
전남 여수시,좌수영로 25,2024-09-01 00:00:00,061-665-1091,34.7428,127.7278,밝은여수안과,738,시,전남,061-665-1090,의원,Y,59750
부산시 해운대구,센텀남대로 50,2024-08-12 00:00:00,051-920-7582,35.1681,129.1313,센텀소중한눈안과의원,739,구,부산,051-920-7788,의원,Y,48060
부산시 동래구,반송로 325(명장동),2024-08-12 00:00:00,051-710-3259,35.2085,129.1032,윤재웅신경외과의원,740,구,부산,051-710-3256,의원,Y,47765
부산시 동래구,명륜로 103번길 19,2024-08-12 00:00:00,051-558-1020,35.2029,129.082,청춘안과의원,741,구,부산,051-558-1070,의원,Y,47738
전북 익산시,황등면 황등서로 4,2024-09-01 00:00:00,063-852-3320,36.0046,126.9445,이기훈내과의원,742,시,전북,063-852-3321,의원,Y,54533
전북 김제시,동서로 259,2024-09-01 00:00:00,063-542-4566,35.8042,126.8953,양춘호치과의원,743,시,전북,063-542-4567,의원,Y,54379
부산 기장군,일광읍 해빛6로 85-16,2024-08-19 00:00:00,051-624-6775,35.2654,129.2265,바르다마취통증의학과의원,744,군,부산,051-724-6768,의원,Y,46048
대구시 서구,원대로 33,2024-08-19 00:00:00,053-525-7583,35.8806,128.5802,경대믿음정형외과의원,745,구,대구,053-525-7582,의원,Y,41732
대구시 달서구,달구벌대로 1525,2024-08-19 00:00:00,053-552-2527,35.8501,128.5339,비앤비뇨의학과의원,746,구,대구,053-552-2525,의원,Y,42633
대구시 달성군,구지면 과학마을로 42,2024-08-19 00:00:00,053-615-6665,35.6556,128.418,구지척앤본신경외과의원,747,구,대구,053-615-6666,의원,Y,43008
경북 칠곡군,왜관읍 중앙로 159,2024-08-19 00:00:00,054-975-7582,35.9891,128.3993,우리삼성안과의원,748,군,경북,054-975-7582,의원,Y,42122
대구시 수성구,수성로 353,2024-08-19 00:00:00,053-784-9987,35.8571,128.6135,9988정형외과의원,749,구,대구,053-784-9988,의원,Y,39895
광주시 서구,마륵복개로 91,2024-09-01 00:00:00,062-384-8876,35.1457,126.8493,상무탑정형외과의원,750,구,광주,062-384-8875,의원,Y,67998
전남 화순군,화순읍 칠충로 141-7,2024-09-01 00:00:00,,35.0611,126.9825,화순튼튼마취통증의학과의원,751,군,전남,061-372-7522,의원,Y,58120
전남 해남군,남부순환로 5,2024-09-01 00:00:00,061-535-8279,34.5705,126.6074,서울탑마취통증의학과의원,752,군,전남,061-537-0999,의원,Y,59038
전남 완도군,완도읍 개포로 130번길 17,2024-09-01 00:00:00,061-555-2005,34.3189,126.7447,임태진내과의원,753,군,전남,061-555-2005,의원,Y,59114
전남 화순군,화순읍 덕음로 999,2024-09-01 00:00:00,061-900-1163,35.0491,126.9851,전남제일요양병원,754,군,전남,061-900-1166,요양병원,Y,58140
전북 완주군,삼례읍 삼봉중앙로 9,2024-09-01 00:00:00,063-263-8276,35.922,127.1237,삼봉이치과의원,755,군,전북,063-263-8275,의원,Y,55334
전북 임실군,임실읍 봉황로 203,2024-09-01 00:00:00,063-644-2401,35.6181,127.2829,다사랑의원,756,군,전북,063-644-2400,의원,Y,55925
경북 영주시,중앙로 78,2024-09-02 00:00:00,054-632-2875,36.8221,128.6247,권오연치과의원,757,시,경북,054-636-0248,의원,Y,36085
경북 경주시,원효로 51번길 12,2024-09-02 00:00:00,054-772-9008,35.8433,129.2066,나득영심혈내과의원,758,시,경북,054-772-9007,의원,Y,38156
경남 거제시,거제중앙로 25길 4 유신빌딩 3층,2024-09-02 00:00:00,055-636-7346,34.8884,128.6229,정안과의원,759,시,경남,055-636-7345,의원,Y,53253
인천시 동구,"송현로 1, 송현프라자 401호",2024-08-19 00:00:00,032-765-5681,37.477,126.6334,동인천내과의원,760,구,인천,032-765-5676,의원,Y,21949
충북 음성군,대소면 오태로 175,2024-08-19 00:00:00,043-883-8840,36.9665,127.4942,서울연합의원,761,군,충북,043-883-2700,의원,Y,27666
대전시 서구,계룡로 491번길 8,2024-09-01 00:00:00,042-478-9922,36.3456,127.3804,대전참사랑요양병원,762,구,대전,070-4292-6554,요양병원,Y,35235
대전시 서구,도산로 286,2024-09-01 00:00:00,042-716-0114,36.332,127.3856,백세성모정형외과의원,763,구,대전,042-716-0119,의원,Y,35311
대전시 동구,동대전로 59-1,2024-09-01 00:00:00,042-635-1711,36.329,127.4412,나상연정형외과의원,764,구,대전,042-628-3600,의원,Y,34604
충남 금산군,금산읍 인삼로 65,2024-09-01 00:00:00,041-751-7555,36.1033,127.4889,하나치과의원,765,군,충남,041-751-7522,의원,Y,32738
충남 부여군,부여읍 성왕로 196,2024-09-01 00:00:00,041-408-7501,36.2819,126.9096,부여이비인후과의원,766,군,충남,041-408-7500,의원,Y,33145
충북 영동군,영동읍 중앙로 43,2024-09-01 00:00:00,043-744-2080,36.1757,127.778,서울더편한치과의원,767,군,충북,043-742-2080,의원,Y,29145
대구시 남구,월배로 474,2024-09-02 00:00:00,053-654-7583,35.8353,128.5564,곽앤신이비인후과의원,768,구,대구,053-638-7582,의원,Y,42760
전남 여수시,좌수영로 319,2024-10-01 00:00:00,061-655-0016,34.7591,127.7107,동인요양병원,769,시,전남,061-640-8105,요양병원,Y,59699
전남 구례군,구례읍 봉동길 7,2024-10-01 00:00:00,061-783-7576,35.2096,127.4684,구례서울의원,770,군,전남,061-783-7575,의원,Y,57639
울산시 남구,"삼산로 266, 5층",2024-09-09 00:00:00,070-4325-0504,35.5388,129.3363,전용진정형외과의원,771,구,울산,052-260-0504,의원,Y,44719
경기도 부천시,"원미구 길주로 243, 302호 제일프라자",2024-09-09 00:00:00,032-327-1352,37.5044,126.7697,명비뇨기과의원,772,시,경기,032-327-1351,의원,Y,14539
경기도 광명시,"오리로 374, 3층 인선빌딩",2024-09-09 00:00:00,02-899-1118,37.4358,126.8797,오이비인후과의원,773,시,경기,02-899-1119,의원,Y,14327
경기도 광명시,"디지털로 25, 3~5층 창덕빌딩",2024-09-09 00:00:00,02-2619-7775,37.4741,126.8702,로하스광명요양병원,774,시,경기,02-2619-0075,요양병원,Y,14239
강원도 춘천시,"퇴계로 188, 3층",2024-09-01 00:00:00,033-262-9887,37.8572,127.7394,안정효내과의원,775,시,강원,033-262-9889,의원,Y,24378
강원도 춘천시,"후석로 355, 2층",2024-09-01 00:00:00,033-256-1927,37.8824,127.7478,하나큐치과의원,776,시,강원,033-256-1928,의원,Y,24256
강원도 춘천시,동면 세실로 252,2024-09-01 00:00:00,033-240-7591,37.8801,127.7564,춘천시노인전문병원,777,시,강원,033-240-7500,요양병원,Y,24216
강원도 원주시,봉화로 31,2024-09-01 00:00:00,033-745-7502,37.3473,127.9284,탑정형외과의원,778,시,강원,1599-7501,의원,Y,26437
경기도 수원시,"영통구 봉영로 1623, 3층",2024-09-01 00:00:00,031-204-1245,37.2559,127.0747,연세내과의원,779,시,경기,031-203-1245,의원,Y,16703
경기도 안양시,"만안구 병목안로 2, 3층",2024-09-01 00:00:00,031-465-1516,37.3999,126.9199,안양더샘찬정형외과의원,780,시,경기,031-465-1358,의원,Y,14001
경기도 군포시,"산본로 323번길 16-6, 5층",2024-09-01 00:00:00,031-393-1011,37.3592,126.9323,서울탑재활의학과의원,781,시,경기,031-393-1000,의원,Y,15865
경기도 평택시,송탄로 410,2024-09-01 00:00:00,031-663-9793,37.0801,127.0582,하나의원,782,시,경기,031-663-9798,의원,Y,17756
경기도 파주시,"경의로 1092, 401호",2024-09-01 00:00:00,031-948-8274,37.7148,126.7601,센트럴제일안과,783,시,경기,031-978-8275,의원,Y,10908
서울시 중랑구,"망우로 203, 201호",2024-09-01 00:00:00,02-6455-0661,37.594,127.0751,권이비인후과의원,784,시,서울,02-438-0660,의원,Y,02116
서울시 마포구,"양화로 61, 두암빌딩 1~2층",2024-09-01 00:00:00,02-6015-5074,37.5508,126.9151,랩이비인후과의원,785,시,서울,02-6015-5075,의원,Y,04037
서울시 서대문구,"수색로 56, 4층",2024-09-01 00:00:00,02-372-5633,37.5711,126.9126,연세장안과의원,786,시,서울,02-372-5677,의원,Y,03791
서울시 강서구,"화곡로 152, 2층",2024-09-01 00:00:00,02-6347-8889,37.5409,126.8387,연세든든내과의원,787,시,서울,02-6347-8880,의원,Y,07715
서울시 성동구,"동호로 102, 3층",2024-09-01 00:00:00,02-2138-2676,37.55,127.0165,베스트서울이비인후과의원,788,시,서울,02-2138-2675,의원,Y,04724
서울시 송파구,"백제고분로 466, 2층",2024-09-01 00:00:00,050-4204-1264,37.5119,127.1136,열린성모이비인후과의원,789,시,서울,02-6413-1004,의원,Y,05631
서울시 양천구,공항대로 630,2024-09-01 00:00:00,050-4446-3569,37.5466,126.8748,서울선정형외과의원,790,시,서울,02-2038-2530,의원,Y,07968
서울시 영등포구,"경인로 841, 4~5층",2024-09-01 00:00:00,070-8233-0834,37.5165,126.9059,영등포열린의원,791,시,서울,02-2676-0832,의원,Y,07305
서울시 은평구,"통일로 742, 4~5층",2024-09-01 00:00:00,02-2038-8273,37.6117,126.9292,연세큰숲내과의원,792,시,서울,02-2038-8270,의원,Y,03358
서울시 강서구,"강서로 254, 401호",2024-09-01 00:00:00,02-2694-2808,37.5483,126.8368,강서이편한치과의원,793,시,서울,02-2694-2804,의원,Y,07691
경남 창원시,성산구 원이대로 595 고운메디컬 3층,2024-10-01 00:00:00,055-285-2797,35.2279,128.6803,제니트비뇨기과의원,794,시,경남,055-285-2727,의원,Y,51436
전남 순천시,팔마로 48,2024-11-01 00:00:00,061-744-7706,34.9462,127.4935,샘연합의원,795,시,전남,061-744-7707,의원,Y,57959
전남 여수시,문수로 84,2024-11-01 00:00:00,061-655-0038,34.7541,127.7044,심병수신경외과의원,796,시,전남,061-655-1700,의원,Y,59713
충남 천안시,서북구 충무로 178,2024-10-01 00:00:00,041-578-0876,36.7943,127.127,삼성비뇨기과의원,797,시,충남,041-578-0875,의원,Y,31175
세종시,조치원읍 조치원로 7,2024-10-01 00:00:00,044-905-3008,36.6014,127.2976,이병진치과의원,798,시,세종,044-862-2812,의원,Y,30023
세종시,한누리대로 273,2024-10-01 00:00:00,044-867-2805,36.4884,127.2565,세종연합비뇨기과의원,799,시,세종,044-867-2800,의원,Y,30127
충북 단양군,단양읍 삼봉로 53,2024-10-01 00:00:00,043-420-3209,36.9815,128.3504,단양군보건의료원,800,군,충북,043-420-7700,의원,Y,27013
인천시 미추홀구,"용정공원로 83번길 59, 2층",2024-10-01 00:00:00,032-891-8876,37.4475,126.6494,인천메트로정형외과의원,801,시,인천,032-891-8875,의원,Y,22188
광주시 동구,백서로 134-1,2024-11-01 00:00:00,062-233-7576,35.1422,126.9202,김평남내과의원,802,시,광주,062-233-7575,의원,Y,61489
광주시 광산구,월계로 223-8,2024-11-01 00:00:00,062-720-9799,35.2139,126.8507,첨단메디케어의원,803,시,광주,062-720-9700,의원,Y,62279
전북 전주시,"완산구 쑥고개로 377, 2층",2024-11-01 00:00:00,063-241-3105,35.8477,127.1549,대한결핵협회 전북특별자치도지부 복십자의원,804,시,전북,063-714-3104,의원,Y,54909
전북 완주군,삼례읍 삼봉1로 2,2024-11-01 00:00:00,063-262-1066,35.9225,127.1237,새봄가정의학과의원,805,군,전북,063-262-1033,의원,Y,55334
경북 영주시,구성로 380,2024-10-16 00:00:00,054-635-6172,36.8252,128.6212,영주기독병원,806,시,경북,054-635-6161,병원,Y,36096
서울시 강북구,"도봉로 52, 4~5층",2024-10-01 00:00:00,,37.6136,127.0306,서울신세계안과의원(강북),807,시,서울,02-1599-7397,의원,Y,01215
서울시 도봉구,마들로13길 61,2024-10-01 00:00:00,,37.6578,127.0464,창동으뜸정형외과의원,808,시,서울,02-6077-8880,의원,Y,01413
경기도 성남시,"분당구 성남대로 912, 4층",2024-10-01 00:00:00,,37.4109,127.1292,분당안과의원,809,시,경기,031-703-6464,의원,Y,13506
서울시 관악구,"신림로 318, 6층",2024-10-01 00:00:00,,37.4825,126.9304,주인종내과의원,810,시,서울,02-883-3379,의원,Y,08777
서울시 관악구,"은천로 110, 2층",2024-10-01 00:00:00,,37.4866,126.9475,서전성모안과의원,811,시,서울,02-875-7572,의원,Y,08747
서울시 서초구,"강남대로 415, 4층",2024-10-01 00:00:00,,37.4995,127.0263,강남레옹치과의원,812,시,서울,02-535-2119,의원,Y,06614
서울시 서초구,"반포대로27길 13, 2층",2024-10-01 00:00:00,,37.4896,127.0064,서초성모이비인후과의원,813,시,서울,02-581-0075,의원,Y,06656
서울시 종로구,"종로 123, 3층",2024-10-01 00:00:00,02-745-7576,37.5707,126.9913,종로아산본정형외과의원,814,시,서울,02-745-7575,의원,Y,03139
경기도 성남시,분당구 양현로94번길 17,2024-10-01 00:00:00,031-8023-9091,37.3918,127.1262,분당센트럴요양병원,815,시,경기,031-706-9090,요양병원,Y,13568
경기도 하남시,"신우실로 61, 4층",2024-10-01 00:00:00,02-6215-7500,37.5098,127.1613,감일성모내과의원,816,시,경기,02-6215-7575,의원,Y,12996
경기도 광주시,"광주대로 31, 8층",2024-10-01 00:00:00,,37.4095,127.2602,광주시원한비뇨의학과의원,817,시,경기,031-8027-9275,의원,Y,12758
서울시 강남구,"도산대로 237, 5층 (신사동)",2024-10-01 00:00:00,,37.52170703,127.0329811,안심서울마취통증의학과의원,818,시,서울,02-766-3087,의원,Y,05241
경북 포항시,남구 중흥로 88,2024-11-01 00:00:00,054-285-8501,36.013,129.3507,시원한신경과의원,819,시,경북,054-285-8500,의원,Y,37769
부산 기장군,"차성로 288번길 30, 2층",2024-11-01 00:00:00,051-723-7286,35.2429,129.2153,기장뉴욕치과의원,820,군,부산,051-723-7285,의원,Y,46066
부산시 연제구,반송로 5,2024-11-01 00:00:00,051-517-4884,35.1867,129.0821,박윤하비뇨기과의원,821,시,부산,051-867-5335,의원,Y,47520
부산시 수영구,수영로 675,2024-11-01 00:00:00,051-754-8112,35.1659,129.1145,수영청담비뇨의학과의원,822,시,부산,051-754-8111,의원,Y,48243
인천시 계양구,"장제로 871, 2층",2024-11-01 00:00:00,032-710-7538,37.545,126.7382,벗이비인후과의원,823,시,인천,032-710-7531,의원,Y,21034
인천시 남동구,"논고개로 114, 에이스타워 301~2호",2024-11-01 00:00:00,032-426-8603,37.4014,126.7247,메가비뇨의학과의원,824,시,인천,032-426-8600,의원,Y,21666
인천시 부평구,"부평대로 9, 문화오피스텔 4층",2024-11-01 00:00:00,032-522-7564,37.4921,126.7226,부평내과의원,825,시,인천,032-522-7563,의원,Y,21389
광주시 남구,서문대로 675,2024-12-01 00:00:00,,35.1195,126.8987,더윈이비인후과의원,826,시,광주,062-676-0111,의원,Y,61727
전남 고흥군,고흥읍 터미널길 33,2024-12-01 00:00:00,061-833-2876,34.6082,127.2812,손치과의원,827,군,전남,061-833-2875,의원,Y,59540
서울시 중랑구,"상봉로 134, 3층",2024-11-01 00:00:00,,37.5981,127.0933,새플란트치과의원,828,시,서울,02-433-2080,의원,Y,02163
경기도 안산시,상록구 용신로 364,2024-11-01 00:00:00,,37.3015,126.8623,우리안신경외과의원,829,시,경기,031-484-7777,의원,Y,15537
경기도 화성시,"봉담읍 상리2길 55, 5층",2024-11-01 00:00:00,,37.2251,126.9469,봉담센트럴내과의원,830,시,경기,031-307-1000,의원,Y,18309
경기도 남양주시,화도읍 마석중앙로 78,2024-11-01 00:00:00,031-593-7390,37.6519,127.3083,안종훈내과의원,831,시,경기,031-593-7390,의원,Y,12180
경기도 성남시,"분당구 성남대로331번길 7, 4층",2024-11-01 00:00:00,,37.3655,127.1072,리앤홍이비인후과,832,시,경기,031-714-1077,의원,Y,13558
경기도 광주시,"초월읍 경충대로 1087, 2~3층",2024-11-01 00:00:00,031-761-2860,37.3736,127.2994,서울더센트럴치과,833,시,경기,031-763-2080,의원,Y,12736
경기도 이천시,"영창로 202, 가동 5층",2024-11-01 00:00:00,031-694-0774,37.2808,127.4451,연세든든내과,834,시,경기,031-694-0775,의원,Y,17369
경기도 화성시,봉담읍 삼천병마로 1316,2024-11-01 00:00:00,050-4242-7679,37.2222,126.9519,삼성정형외과의원,835,시,경기,031-298-2115,의원,Y,18303
인천시 서구,"염곡로 464번길 15, 4층",2024-11-11 00:00:00,032-715-6302,37.5264,126.671,우리베스트내과의원,836,시,인천,032-715-6308,의원,Y,22731
경기도 김포시,"김포대로 847, 4층",2024-11-11 00:00:00,031-8049-7655,37.6196,126.7197,김포삼성굿비뇨기과의원,837,시,경기,031-8049-7675,의원,Y,10110
경기도 부천시,소사구 경인로 110번길 18,2024-11-11 00:00:00,032-656-0375,37.483,126.7678,부천메디홀스의원,838,시,경기,032-656-4114,의원,Y,14727
경남 진주시,대신로 120,2024-11-15 00:00:00,055-754-9011,35.171,128.1186,한빛요양병원,839,시,경남,070-4121-1479,요양병원,Y,52812
경남 통영시,"중앙로 240, 2층",2024-11-15 00:00:00,055-644-8444,34.8517,128.4285,통영예일안과의원,840,시,경남,055-644-5419,의원,Y,53047
경남 통영시,"중앙로 90, 2층",2024-11-15 00:00:00,055-646-5330,34.8416,128.4192,최진화비뇨기과의원,841,시,경남,055-646-7177,의원,Y,53055
대구시 동구,동부로 22길 2,2024-11-12 00:00:00,053-754-1155,35.8762,128.6268,센트럴안과의원,842,구,대구,053-782-0055,의원,Y,41242
전북 전주시,완산구 난전들로 266,2025-01-01 00:00:00,063-285-6002,35.7921,127.1172,삼성가정의학과의원,843,시,전북,063-285-6002,의원,Y,55132
제주도 서귀포시,안덕면 화순로 112,2024-11-15 00:00:00,064-792-0303,33.2466,126.3343,안덕의원,844,시,제주,064-794-0906,의원,Y,63530
충북 제천시,의림대로 222,2024-12-01 00:00:00,043-647-4545,37.147,128.2146,제천밝은안과의원,845,시,충북,043-643-4200,의원,Y,27152
충북 청주시,"상당구 중고개로 180-5, 3층",2024-12-01 00:00:00,043-715-1890,36.6208,127.5154,서울아산비뇨의학과의원,846,시,충북,043-286-8253,의원,Y,28762
경남 김해시,"계동로 102번길 31, 1.2층",2024-12-01 00:00:00,055-326-0805,35.1864,128.7976,콩앤팥내과의원,847,시,경남,055-313-0808,의원,Y,50993
경북 영주시,중앙로 122-1 (하망동) 1층 맑은이비인후과,2024-12-16 00:00:00,050-4233-4113,36.826,128.6261,맑은이비인후과의원,848,시,경북,054-631-3457,의원,Y,36080
경남 창원시,"마산회원구 3.15대로 686 9층,10층",2024-12-15 00:00:00,055-255-2010,35.2338,128.5795,화이트e치과,849,시,경남,055-255-2000,의원,Y,51316
경남 창원시,마산회원구 내서읍 삼계4길 34 3층,2024-12-15 00:00:00,055-231-5503,35.2336,128.5039,새삼성내과의원,850,시,경남,055-231-5502,의원,Y,51236
인천시 연수구,"센트럴로 232 (송도동, 더샵센트럴파크1) E동 2층",2024-12-09 00:00:00,032-214-0365,37.3967,126.6377,삼성드림이비인후과의원,851,구,인천,032-224-0365,의원,Y,22003
전남 영광군,영광읍 신남로 260,2025-02-01 00:00:00,061-353-9332,35.2751,126.5103,김판수이비인후과의원,852,군,전남,061-353-9331,의원,Y,57045
전남 나주시,나주로 185,2025-02-01 00:00:00,061-334-7575,35.0337,126.721,한용재활의학과의원,853,시,전남,061-335-7575,의원,Y,58255
서울시 성동구,"고산자로 253, 2층",2025-01-01 00:00:00,02-2296-8231,37.5624,127.0356,박플란트치과의원,854,시,서울,02-2296-8228,의원,Y,04709
강원도 속초시,동해대로 4084,2025-01-01 00:00:00,033-637-0756,38.1899,128.5879,속초정요양병원,855,시,강원,033-637-0757,요양병원,Y,24872
강원도 원주시,"중앙로 105, 2~3층",2025-01-01 00:00:00,,37.3494,127.9506,홍앤권이비인후과의원,856,시,강원,033-735-7707,의원,Y,26428
강원도 춘천시,"춘천로 68, 3~4층",2025-01-01 00:00:00,,37.8703,127.725,강남내과의원,857,시,강원,033-242-8885,의원,Y,24366
경기도 이천시,"마장면 오천로 49, 4층",2025-01-01 00:00:00,,37.2528,127.3535,서울삼성내과의원,858,시,경기,031-8011-3875,의원,Y,17387
경기도 파주시,"후곡로 3, 2~3층",2025-01-01 00:00:00,031-8035-6133,37.7572,126.7739,연세송내과,859,시,경기,031-8035-6119,의원,Y,10447
경기도 동두천시,"지행로 60, 6층",2025-01-01 00:00:00,031-866-2775,37.892,127.0538,김이비인후과,860,시,경기,031-867-7575,의원,Y,11350
경기도 양주시,"고읍남로 18, 3~7층",2025-01-01 00:00:00,031-847-2047,37.7949,127.0794,아산재건정형외과,861,시,경기,1899-7584,의원,Y,11492
서울시 노원구,"동일로 1005, 5~6층",2025-01-01 00:00:00,02-979-0331,37.6199,127.0745,태릉정원내과의원,862,시,서울,02-979-0333,의원,Y,01858
서울시 성북구,"화랑로 91, 2~3층",2025-01-01 00:00:00,02-909-9008,37.6029,127.0421,월곡순정형외과의원,863,시,서울,02-909-6002,의원,Y,02751
서울시 동대문구,장한로 152,2025-01-01 00:00:00,02-2244-5711,37.574,127.0722,햇살요양병원,864,시,서울,02-2244-5533,요양병원,Y,02523
서울시 동작구,"흑석로 110, 1~2층",2025-01-01 00:00:00,02-825-7583,37.5081,126.9614,흑석메트로정형외과의원,865,시,서울,02-825-7582,의원,Y,06972
제주도 제주시,구좌읍 구좌로 40 2층,2025-01-15 00:00:00,064-783-2473,33.5233,126.8557,세화정형외과의원,866,시,제주,064-782-2473,의원,Y,63361
제주도 제주시 ,중앙로 61 (이도일동) 2층 센트럴치과의원,2025-01-15 00:00:00,064-758-5244,33.5126,126.5249,센트럴치과의원,867,시,제주,064-757-5244,의원,Y,63192
울산시 울주군,청량읍 삼정로 90,2025-01-15 00:00:00,052-225-7583,35.4955,129.2369,하나가정의학과의원,868,군,울산,052-225-7582,의원,Y,44961
울산시 남구,"삼산로 266, 2,3층",2025-02-01 00:00:00,052-700-7901,35.5388,129.3363,굿모닝빛안과의원,869,구,울산,052-707-2500,의원,Y,44719
인천시 부평구,"경원대로 1366, 9호",2025-02-01 00:00:00,032-263-2049,37.491,126.7207,글로벌비전안과의원,870,시,인천,032-263-2020,의원,Y,21404
경기도 양주시,평화로 1479번길 45,2025-02-01 00:00:00,031-828-8599,37.8225,127.0467,경기웰니스요양병원,871,시,경기,031-828-8500,요양병원,Y,11440
경기도 고양시,"일산동구 정발산로 38, 208호",2025-02-01 00:00:00,031-902-4759,37.6567,126.7732,정발산튼튼척의원,872,시,경기,031-902-4758,의원,Y,10403
전북 전주시,완산구 용머리로 77,2025-02-17 00:00:00,063-711-1110,35.8067,127.1189,효사랑가족요양병원,873,시,전북,063-711-1111,요양병원,Y,55054
충남 당진시,당진중앙2로 113,2025-02-10 00:00:00,041-430-8278,36.8944,126.631,당진효자정형외과의원,874,시,충남,041-430-8279,의원,Y,31770
경북 영덕군,강구면 동해대로 4465,2025-02-10 00:00:00,057)733-1075,36.356,129.3804,신세계의원,875,군,경북,054-733-1075,의원,Y,36458
경남 밀양시,내이2길 28,2025-02-15 00:00:00,055-352-2420,35.4975,128.7461,김내과의원,876,시,경남,055-353-5354,의원,Y,50423
서울시 용산구,"한강대로 69, 3층",2024-12-01 00:00:00,070-7545-5225,37.5272,126.9653,맨스톤비뇨의학과의원,877,시,서울,02-6949-5225,의원,Y,04378
서울시 중구,"충무로 3, 2층",2024-12-01 00:00:00,02-2272-8805,37.5624,126.9917,충무로정형외과의원,878,시,서울,02-2272-8885,의원,Y,04554
경기도 가평군,조종면 현창로 39,2025-03-01 00:00:00,,37.8183,127.3482,김외과의원,879,군,경기,031-585-2200,의원,Y,12437
서울시 강동구,올림픽로 684,2025-06-01 00:00:00,02-2135-7577,37.5422,127.1254,서울현대요양병원,880,시,서울,02-484-7588,요양병원,Y,05327
서울시 성동구,"금호산길 63, 4~5층",2025-04-01 00:00:00,02-2135-7677,37.5538,127.0193,금호바른정형외과의원,881,시,서울,02-2135-7277,의원,Y,04723
서울시 성동구,"왕십리로 333, 2층",2025-04-01 00:00:00,02-2297-7078,37.5627,127.0325,서울으뜸내과의원,882,시,서울,02-2297-7077,의원,Y,04715
경기도 평택시,"지제동삭2로 181-26, 4~5층",2025-04-01 00:00:00,031-647-6249,37.0172,127.094,클리어안과의원,883,시,경기,031-647-6247,의원,Y,18029
경기도 안산시,"상록구 용신로 390, 5층",2025-04-01 00:00:00,031-8032-9029,37.3014,126.8655,상록탑정형외과의원,884,시,경기,031-8032-9030,의원,Y,15537
강원도 원주시,남원로 631,2025-06-01 00:00:00,033-765-5005,37.3398,127.9519,연세요양병원,885,시,강원,033-765-5001,요양병원,Y,24661
강원도 춘천시,"경춘로 2348, b1, 1층",2025-06-01 00:00:00,,37.86300472,127.7196669,조도연정형외과의원,886,시,강원,033-252-2800,의원,Y,24436
충북 옥천군,옥천읍 삼금로 5,2025-07-01 00:00:00,043-731-7563,36.2991,127.5664,옥천김안과의원,887,군,충북,043-731-7562,의원,Y,29037
전북 무주군,무주읍 한풍루로 351,2025-08-01 00:00:00,063-322-6557,36.0047,127.6644,무주안과의원,888,군,전북,063-322-6556,의원,Y,55515
전북 김제시,서낭당길 16,2025-08-01 00:00:00,063-545-2769,35.8009,126.8855,김제속편한내과의원,889,시,전북,063-545-3769,의원,Y,54390
충북 진천군,진천읍 중앙동7길 1,2025-07-16 00:00:00,,36.8574,127.445,서울치과의원,890,군,충북,043-532-1230,의원,Y,27834
부산시 북구,"만덕대로5, (덕천동)",2025-08-01 00:00:00,051-337-2223,35.2105,129.0059,수정안과의원,891,시,부산,051-331-7576,의원,Y,46548
대구시 수성구,희망로 159,2025-07-16 00:00:00,053-962-9650,35.8472,128.6163,경북연합외과의원,892,시,대구,053-962-6991,의원,Y,42134
대구시 남구,월배로 470,2025-07-16 00:00:00,070-8630-0300,35.8349,128.5562,베스트안과의원,893,시,대구,053-622-0300,의원,Y,42498
경북 상주시,동수4길 62,2025-07-16 00:00:00,054-534-8488,36.4229,128.1546,유앤탑플란트치과의원,894,시,경북,054-532-3801,의원,Y,37166
경남 거창군,"거창읍 거창대로 55, 성은빌딩 1~5층",2025-08-01 00:00:00,055-945-2229,35.6865,127.916,성은효요양병원,895,군,경남,055-945-2228,요양병원,Y,50138
경남 거창군,거창읍 중앙로 157,2025-08-01 00:00:00,055-945-0075,35.6878,127.9153,영대프라임연합의원,896,군,경남,055-945-0055,의원,Y,50133
경남 거제시,거제면 거제남서로 3554,2025-08-01 00:00:00,055-633-2322,34.8577,128.5839,굿뉴스요양병원,897,시,경남,055-634-0675,요양병원,Y,53285
부산시 해운대구,"해운대로 369, 9층(우동, 해운대센텀메디칼센터)",2025-08-01 00:00:00,0503-8379-2138,35.1702,129.1377,센텀오딧세이치과의원,898,시,부산,051-743-2080,의원,Y,48062
경남 창녕군,"창녕읍 교리1길 4, 1층",2025-08-01 00:00:00,055-533-5591,35.5424,128.4938,수비뇨기과의원,899,군,경남,055-533-5599,의원,Y,50323
부산시 진구,"서전로5, (부전동)",2025-08-01 00:00:00,051-816-8981,35.1579,129.0603,이루미치과의원,900,시,부산,051-816-8980,의원,Y,47245
경북 경주시,원화로 293,2025-08-01 00:00:00,054-777-3277,35.8467,129.217,경주성모안과의원,901,시,경북,0507-1478-9932,의원,Y,38146
대구시 수성구,유니버시아드로 365,2025-08-01 00:00:00,053-819-2088,35.8291,128.7104,대구광역시시지노인전문병원,902,시,대구,053-819-1212,요양병원,Y,42280
전남 광양시,광양읍 덕산4길 35-4,2025-09-01 00:00:00,061-914-1004,34.9686,127.5624,수요양병원,903,시,전남,061-914-1001,요양병원,Y,57760
전남 여수시,소호로 658,2025-09-01 00:00:00,061-686-2082,34.7603,127.6567,문치과의원,904,시,전남,061-681-2080,의원,Y,59674
전남 곡성군,곡성읍 중앙로 102,2025-09-01 00:00:00,061-362-6022,35.2804,127.294,보배치과의원,905,군,전남,061-362-6011,의원,Y,57542
전북 남원시,인월면 인월북2길 19,2025-09-01 00:00:00,063-636-9921,35.4617,127.6037,서울가정의학과의원,906,시,전북,061-636-9919,의원,Y,55715
서울시 은평구,"통일로 855-8, 7층",2025-08-01 00:00:00,02-6952-2829,37.6191,126.9203,서울바른훈치과의원,907,시,서울,02-352-2828,의원,Y,03330
부산시 해운대구,"마린시티3로 1, 320호(우동, 선프라자)",2025-09-01 00:00:00,051-731-0629,35.1578,129.1476,(의)열린의료재단해운대열린의원,908,시,부산,051-731-0626,의원,Y,48092
부산시 금정구,"부곡로 120-1(부곡동, 명성빌딩4층)",2025-09-01 00:00:00,051-518-7576,35.2266,129.0921,씨에프정훈비뇨기과의원,909,시,부산,051-513-7576,의원,Y,46271
충남 예산군,예산로 200,2025-09-01 00:00:00,041-331-1101,36.6795,126.8469,삼성튼튼마취통증의학과의원,910,군,충남,041-331-1100,의원,Y,32436
경북 예천군,예천읍 군청앞길 16,2025-09-01 00:00:00,054-652-9119,36.6558,128.4533,예천정형외과의원,911,군,경북,054-655-7585,의원,Y,36828
대구시 중구,동성로1길 81,2025-09-16 00:00:00,053-424-8816,35.8652,128.5977,후이비인후과의원,912,구,대구,053-424-8815,의원,Y,41942
경북 안동시,경북대로 379,2025-09-16 00:00:00,054-859-2878,36.5635,128.7021,서울프라임치과의원,913,시,경북,054-859-2879,의원,Y,36661
충남 부여군,부여읍 중앙로 8,2025-09-15 00:00:00,041-836-0099,36.2805,126.9113,서울오치과의원,914,군,충남,041-835-2875,의원,Y,33151
충남 보령시,남대천로 58,2025-09-15 00:00:00,041-415-2878,36.3487,126.5935,하나플란트치과의원,915,시,충남,041-415-2874,의원,Y,33449
전남 보성군,벌교읍 홍암로 10-1,2025-10-01 00:00:00,061-857-6005,34.8427,127.3462,굿플랜치과의원,916,군,전남,061-857-6004,의원,Y,59427
전남 무안군,삼향읍 남악3로 79,2025-10-01 00:00:00,061-287-0428,34.8125,126.4599,남악치과의원,917,군,전남,061-287-2804,의원,Y,58566
전북 전주시,완산구 용머리로 203,2025-10-01 00:00:00,063-284-7528,35.8079,127.1321,융구강악안면외과치과의원,918,시,전북,063-282-7528,의원,Y,55048
충북 음성군,맹동면 원중로 1428,2025-09-22 00:00:00,043-883-2275,36.9092,127.5418,더퍼스트치과의원 음성점,919,군,충북,043-883-2080,의원,Y,27738
부산시 진구,"새싹로22-1, 2,3층(부전동)",2025-10-01 00:00:00,051-714-2233,35.1599,129.0577,도담외과의원,920,시,부산,051-711-6119,의원,Y,47253
울산시 울주군,"구영로 100 (구영리,구영프라자) 302호",2025-10-01 00:00:00,052-248-7581,35.5736,129.2414,성모이비인후과의원,921,시,울산,052-248-7585,의원,Y,44924
전북 고창군,고창읍 고인돌대로 1765,2025-11-01 00:00:00,063-563-7600,35.4372,126.6913,고창노인요양병원,922,군,전북,063-560-6100,요양병원,Y,56442
전북 정읍시,중앙로 56,2025-11-01 00:00:00,062-700-7583,35.5712,126.8471,서울보다치과의원,923,시,전북,063-700-7582,의원,Y,56160
대구시 동구,안심뉴타운2로 77,2025-10-16 00:00:00,053-985-3720,35.8732,128.7022,안심리더스요양병원,924,구,대구,053-980-9800,요양병원,Y,41128
부산시 금정구,무학송로 143,2025-11-01 00:00:00,051-513-1208,35.244,129.0937,금정나라요양병원,925,시,부산,051-513-1284,요양병원,Y,46253
부산시 사하구,동매로 44번길 4(하단동),2025-11-01 00:00:00,051-202-2354,35.1024,128.9631,부산노인전문제4병원,926,시,부산,051-202-1370,요양병원,Y,49415
서울시 은평구,"통일로 855-8, 5층",2025-10-10 00:00:00,070-4032-7553,37.6191,126.9203,네이처비뇨의학과의원(은평),927,시,서울,02-357-1500,의원,Y,03330
서울시 강서구,양천로 715,2025-10-10 00:00:00,02-6442-6787,37.5497,126.8756,더서밋요양병원,928,시,서울,02-3663-6786,요양병원,Y,07540
서울시 마포구,"토정로 195, 3~4층",2025-10-10 00:00:00,02-718-6645,37.5456,126.9328,서강박치과의원,929,시,서울,02-718-6642,의원,Y,04087
서울시 송파구,"울림픽로 114, 7층",2025-10-10 00:00:00,02-424-7521,37.5114,127.0832,삼성안과의원,930,시,서울,02-424-7523,의원,Y,05558
서울시 은평구,"은평로 170, 6~8층",2025-10-10 00:00:00,02-6352-3552,37.601,126.9267,한국효요양병원,931,시,서울,02-357-0357,요양병원,Y,03462
서울시 강동구,"천호대로 1006, 1층",2025-10-10 00:00:00,02-485-9711,37.538,127.1238,천호이지함피부과의원,932,시,서울,02-485-9700,의원,Y,05378
서울시 마포구,"신공덕동15, 제일빌딩 2층 205호",2025-10-10 00:00:00,02-719-4275,37.5445,126.9527,코넬비뇨기과의원,933,시,서울,02-718-7575,의원,Y,04214
서울시 양천구,"중앙로 251, 2층",2025-10-10 00:00:00,02-2608-9397,37.5187,126.8532,강승훈치과의원,934,시,서울,02-2608-9396,의원,Y,08073
경기도 의왕시,"부곡중앙남 3길 2, 3층",2025-10-10 00:00:00,031-462-1718,37.3207,126.9509,눈사랑안과의원,935,시,경기,031-462-1717,의원,Y,16088
경기도 수원시,"장안구 경수대로 920, 4층",2025-10-10 00:00:00,031-305-7529,37.3016,127.0097,더채움치과의원,936,시,경기,031-305-7528,의원,Y,16284
경기도 오산시,"성호대로 129, 6층",2025-10-10 00:00:00,031-377-2878,37.149,127.076,공룡치과의원,937,시,경기,031-377-2879,의원,Y,18133
경기도 군포시,삼성로 8번길 4-20,2025-10-10 00:00:00,031-393-5992,37.3364,126.9351,미라클요양병원,938,시,경기,031-393-5566,요양병원,Y,15874
경기도 수원시,영통구 매영로 229번길,2025-10-10 00:00:00,031-640-9923,37.2613,127.0651,수원요양병원,939,시,경기,031-640-9900,요양병원,Y,16523
경기도 광주시,"광주대로 55번길 21, DH타워 10,14,15층",2025-10-01 00:00:00,031-797-2601,37.4114,127.258,더와이즈헬스케어의원,940,시,경기,1588-3327,의원,Y,12756
경기도 여주시,여흥로 109번길 15. 4층,2025-10-01 00:00:00,031-885-7610,37.2971,127.6359,서울이비인후과의원,941,시,경기,031-885-7600,의원,Y,12622
경기도 하남시,"마사강변동로 95, 3층 3032호",2025-10-01 00:00:00,031-8027-2516,37.5633,127.1919,퍼스트치과의원,942,시,경기,031-8027-2515,의원,Y,12913
경기도 하남시,"미사강변동로 73, 508~512호",2025-10-01 00:00:00,031-794-2460,37.5615,127.193,미사연세이비인후과의원,943,시,경기,031-794-2460,의원,Y,12913
강원도 동해시,중앙로 218,2025-10-10 00:00:00,033-531-2800,37.5203,129.1157,동해요양병원,944,시,강원,033-531-2500,요양병원,Y,25770
대전시 동구,동부로 150,2025-10-29 00:00:00,042-368-2000,36.3272,127.467,대전동부요양병원,945,시,대전,070-4675-3714,요양병원,Y,34521
대전시 동구,대종로 437,2025-10-29 00:00:00,042-253-1033,36.3238,127.4283,백세요양병원,946,시,대전,042-226-0101,요양병원,Y,34934
충남 당진시,남부로 138,2025-11-01 00:00:00,041-351-5003,36.8846,126.6315,감인요양병원,947,시,충남,041-351-5000,요양병원,Y,31778
광주시 북구,북문대로 18,2025-12-01 00:00:00,062-529-7004,35.1743,126.8835,천사요양병원,948,시,광주,062-522-5004,요양병원,Y,61117
광주시 북구,동문대로 115,2025-12-01 00:00:00,062-268-8881,35.1735,126.9253,고운빛안과의원,949,시,광주,062-268-8883,의원,Y,61192
광주시 북구,빛고을대로 466,2025-12-01 00:00:00,062-973-8191,35.2036,126.8662,탑팀재활의학과의원,950,시,광주,062-974-9191,의원,Y,61079
광주시 광산구,첨단중앙로170번길 54,2025-12-01 00:00:00,062-971-5571,35.2203,126.8448,장정환외과의원,951,시,광주,062-971-5570,의원,Y,62274
전남 강진군,강진읍 영랑로2길 17,2025-12-01 00:00:00,070-8873-9277,34.6386,126.7704,강진치과의원,952,군,전남,061-432-9277,의원,Y,59233
전남 영광군,영광읍 신남로 178,2025-12-01 00:00:00,061-353-2883,35.2759,126.5015,조광섭치과의원,953,군,전남,061-353-2888,의원,Y,57043
전남 나주시,금천면 영산로 5891-9,2025-12-01 00:00:00,061-331-3900,35.0359,126.7715,나주효사랑요양병원,954,군,전남,061-330-1700,요양병원,Y,58211
전남 신안군,압해읍 구항길 92-50,2025-12-01 00:00:00,061-260-2704,34.8531,126.3138,신안군공립요양병원,955,군,전남,061-260-2700,요양병원,Y,58824
인천시 서구,"열우물로 235, 2~5층",2025-11-01 00:00:00,032-324-8240,37.4831,126.6845,청담요양병원,956,시,인천,032-546-8255,요양병원,Y,22825
경기도 김포시,고포읍 장차로 5번길 5-17,2025-11-01 00:00:00,031-987-9781,37.6029,126.7689,김포서울대효요양병원,957,시,경기,031-988-8275,요양병원,Y,10126
서울시 도봉구,"시루봉로 310, 화성빌딩",2025-11-01 00:00:00,02-3492-8088,37.6709,127.0435,팔팔요양병원,958,시,서울,02-3492-0888,요양병원,Y,01349
부산시 사하구,"사하로 200, 6층",2025-11-15 00:00:00,051-987-0124,35.0995,128.9937,탑정형외과의원,959,시,부산,051-987-0123,의원,Y,49355
경북 영주시,신재로 24번길 91,2025-11-01 00:00:00,054-630-9999,36.835,128.6091,청하요양병원,960,시,경북,054-630-9900,요양병원,Y,36056
울산시 남구,돋질로 146(달동),2025-11-15 00:00:00,052-996-0033,35.5402,129.3217,달동길메리요양병원,961,시,울산,052-996-0030,요양병원,Y,44694
충남 천안시,동남구 삼룡천 3길10(구성동),2025-12-01 00:00:00,041-569-5511,36.791,127.164,천안요양병원,962,시,충남,041-569-5533,요양병원,Y,31193
충남 공주시,웅진로 209(산성동),2025-12-01 00:00:00,041-855-9798,36.4592,127.1247,우리안과의원,963,시,충남,041-855-9797,의원,Y,32539
세종시,"한누리대로 265, 명동프라자 603-607호(나성동)",2025-12-01 00:00:00,044-865-1404,36.4878,127.2568,서울봄빛안과의원,964,시,세종,044-865-1400,의원,Y,30127
충남 천안시,동남구 중앙로 92(원성동),2025-12-01 00:00:00,041-555-2051,36.8066,127.1526,천안김안과천안역본점의원,965,시,충남,070-5147-1615,의원,Y,31127
충남 천안시,"서북구 불당33길 34, 2층 (불당동)",2025-12-01 00:00:00,041-551-7588,36.8119,127.1069,천안리더스신경외과의원,966,시,충남,041-551-7582,의원,Y,31156
경기도 고양시,덕양구 토당로 67번길 2 (토당동),2025-12-01 00:00:00,031-979-2117,37.6216,126.8185,새찬요양병원,967,시,경기,031-979-2119,요양병원,Y,10509
경기도 양평군,"양평읍 양근로 188, 3~5층",2025-12-01 00:00:00,031-771-6717,37.4897,127.4901,양평루트치과의원,968,군,경기,031-775-2875,의원,Y,12555
강원도 원주시,"중앙로 86, 4층 (중앙동, 세븐스타빌딩)",2025-12-01 00:00:00,033-733-7583,37.3489,127.9517,연세민내과의원,969,시,강원,033-733-7582,의원,Y,26428
강원도 원주시,"봉화로 31, 2층 (단계동)",2025-12-01 00:00:00,033-734-2874,37.3473,127.9283,원주치과의원,970,시,강원,033-734-2875,의원,Y,26437
강원도 양양군,"양양읍 양양로 15, 2층",2025-12-01 00:00:00,070-7500-3709,38.078,128.6266,서울원치과의원,971,군,강원,033-850-8228,의원,Y,25031
강원도 동해시,"중앙로 229, 2층 (천곡동)",2025-12-01 00:00:00,033-532-4601,37.5211,129.1143,이연수내과의원,972,시,강원,033-532-4600,의원,Y,25768
강원도 동해시,"청운1길 51, 2층 (쇄운동)",2025-12-01 00:00:00,033-535-4516,37.4863,129.1089,이이비인후과의원,973,시,강원,033-535-1616,의원,Y,25808
인천시 남동구,"논고개로 87, 401~407호 (논현동, 논현메디스타워)",2025-12-01 00:00:00,032-424-2994,37.399,126.7253,논현새로운내과의원,974,시,인천,032-424-3334,의원,Y,21679
인천시 남동구,"주안로 231, 4층(간석동)",2025-12-01 00:00:00,032-433-0758,37.4643,126.7039,삼성성심의원,975,시,인천,032-433-0757,의원,Y,21550
인천시 서구,"이음1로 377, 5층 (원당동, 검단 눈담봄 101)",2025-12-01 00:00:00,070-4009-2765,37.5944,126.7171,인천퍼스트안과,976,시,인천,032-562-3888,의원,Y,22865
인천시 계양구,"장제로 808, 201호 (계산동)",2025-12-01 00:00:00,050-4345-0090,37.5398,126.735,일등치과의원,977,시,인천,032-555-2822,의원,Y,21060
인천시 미추홀구,"석정로 391, 3층 (주안동)",2025-12-01 00:00:00,032-710-0878,37.4672,126.679,주안속튼튼내과의원,978,시,인천,032-710-0877,의원,Y,22126
서울시 서대문구,"통일로 135, 충정빌딩 2층 1호 (냉천동)",2025-12-01 00:00:00,02-6351-7980,37.5664,126.9655,경희궁삼성마취통증의학과의원,979,시,서울,02-6351-7979,의원,Y,03735
서울시 양천구,"목동로 203, 4층 401호 (신정동)",2025-12-01 00:00:00,02-2696-2696,37.5268,126.8639,목동서울청내과의원,980,시,서울,02-2607-2607,의원,Y,07938
서울시 관악구,"시흥대로 576, 4층 (신림동)",2025-12-01 00:00:00,02-9281-7525,37.484,126.9031,데오플란트치과의원,981,시,서울,02-3281-7528,의원,Y,08700
서울시 서초구,"서초대로 2, 이수파이브 5층 (방배동)",2025-12-01 00:00:00,02-525-7991,37.4851,126.9827,메가비뇨의학과의원(이수),982,시,서울,02-525-7979,의원,Y,06675
서울시 관악구,"호암로 605, 1~3층 (신림동)",2025-12-01 00:00:00,02-876-7576,37.4714,126.9336,백세튼튼정형외과의원,983,시,서울,02-876-7575,의원,Y,08846
서울시 강남구,"선릉로90길 10,  제BB 202호 (대치동)",2025-12-01 00:00:00,02-2274-1165,37.5039,127.0501,서울나무치과의원,984,시,서울,02-2274-1175,의원,Y,06192
서울시 서초구,방배천로2길 22 (방배동),2025-12-01 00:00:00,02-588-7576,37.4767,126.984,서초프라임요양병원,985,시,서울,02-588-7575,요양병원,Y,06693
서울시 노원구,"동일로 1363, 4층 (상계동, 명지프라자빌딩)",2025-12-01 00:00:00,02-934-7557,37.6504,127.0613,달라스치과의원,986,시,서울,02-931-5165,의원,Y,01763
서울시 종로구,"지봉로 29, 401호 (창신동)",2025-12-01 00:00:00,02-762-4050,37.5725,127.0153,사과나무치과의원,987,시,서울,02-762-4080,의원,Y,03121
서울시 도봉구,"마들로13길 61, 5층 501-1,501-6~8호 (창동)",2025-12-01 00:00:00,02-6077-8890,37.6578,127.0465,아프로치과의원,988,시,서울,02-6431-2875,의원,Y,01413
경기도 이천시,호법면 덕평로 224,2025-12-01 00:00:00,031-638-8844,37.1873,127.3779,양지요양병원,989,시,경기,031-637-8844,요양병원,Y,17396
경기도 이천시,"이섭대천로 1212, 2층 (창전동, 서울메디칼빌딩)",2025-12-01 00:00:00,031-633-6087,37.2784,127.4472,조안과의원,990,시,경기,031-633-8554,의원,Y,17370
충북 음성군,감곡면 장감로 125번길6,2025-12-10 00:00:00,043-881-6995,37.1191,127.6363,새한정형외과의원,991,군,충북,043-882-4555,의원,Y,27603
전남 나주시,문화로 194,2026-01-01 00:00:00,061-335-2301,35.016,126.784,최선정형외과의원,992,시,전남,061-335-2300,의원,Y,58325
경북 포항시,북구 새천년대로 713,2025-12-19 00:00:00,054-231-7855,36.0369,129.3591,다솜의원,993,시,경북,054-232-7855,의원,Y,37686
경북 구미시,구미대로 409,2025-12-19 00:00:00,054-462-2879,36.1232,128.3623,강민연합치과의원,994,시,경북,054-463-2828,의원,Y,39236
충북 제천시,용두천로 333,2025-12-22 00:00:00,043-653-7700,37.1547,128.2176,솔트의료재단 예성요양병원,995,시,충북,043-653-7700,요양병원,Y,27147
경남 양산시,"서창로 170-1, 2층 202호(삼호동, 메디칼센터)",2026-01-01 00:00:00,055-364-8827,35.4148,129.1714,이재호내과의원,996,시,경남,055-364-8807,의원,Y,50527
경기도 부천시,"원미구 길주로 235, 6층(중동)",2026-01-01 00:00:00,032-326-2119,37.5044,126.7685,허균흉부외과의원,997,시,경기,032-323-2119,의원,Y,14538
경남 김해시,"인제로 163, 3층",2026-01-19 00:00:00,055-321-0591,35.2431,128.9037,동김해내과의원,998,시,경남,055-336-2920,의원,Y,50836
제주도 제주시,연북로 449 2층,2026-01-19 00:00:00,064-727-2702,33.4915,126.5374,연세제일안과의원,999,시,제주,064-727-2700,의원,Y,63231
경남 창원시,진해구 충장로 128,2026-01-19 00:00:00,055-545-9103,35.1519,128.6659,밝은힐링안과의원,1000,시,경남,055-545-9100,의원,Y,51680
경북 영덕군,"영덕읍 덕곡길, 2층",2026-02-01 00:00:00,054-733-2875,36.4107977218392,129.369208448183,송치과의원,1001,군,경북,054-733-2875,의원,Y,36433
대구시 달서구,달구벌대로 1814,2026-02-01 00:00:00,053-625-3234,35.8594370896226,128.563432879505,경일신경과내과의원,1002,구,대구,053-652-2525,의원,Y,42660
충북 충주시,봉계1길 56(칠금동),2026-02-01 00:00:00,050-4088-0325,36.9812998532688,127.915781063966,다솜연합치과의원,1003,시,충북,043-848-7528,의원,Y,271-361
경기도 평택시,"통복시장2로 39번길 17, 1층",2026-02-01 00:00:00,031-656-1471,36.9967322730464,127.087253465408,더청담마취통증의학과의원,1004,시,경기,031-656-1470,의원,Y,17894
경기도 수원시,"권선구 금호로 226, 3층",2026-02-01 00:00:00,031-294-5401,37.2751588348255,126.974895337457,아산탑내과의원,1005,시,경기,031-294-5400,의원,Y,16604
경기도 안양시,"만안구 안양로 307, 7층 8층",2026-02-01 00:00:00,031-360-7541,37.3992584093193,126.920560951136,밝음나눔안과의원(안양),1006,시,경기,031-360-7542,의원,Y,14001
강원도 춘천시,금강로72,2026-02-01 00:00:00,033-243-0379,37.878983804,127.729020822,연세조안과의원,1007,시,강원,033-243-0309,의원,Y,06120
강원도 춘천시,춘천로 527-34,2026-02-01 00:00:00,033-260-7400,37.898163269,127.764313434,춘천요양병원,1008,시,강원,033-260-7114,요양병원,Y,24210
충북 증평군,"증평읍 중앙로 184-1,2,3층",2026-02-23 00:00:00,043-838-8100,36.7827,127.58,서울튼튼재활의학과의원,1009,군,충북,043-838-2600,의원,Y,27937
경남 김해시,"김해대로 2342, 4층",2026-03-03 00:00:00,070-7545-7766,35.2251,128.8833,인플란트치과의원,1010,시,경남,055-337-2833,의원,Y,50940
경남 양산시,양산역6길 21,2026-03-03 00:00:00,055-785-2871,35.3373,129.0282,서울에스원치과의원,1011,시,경남,055-785-2872,의원,Y,50629
부산시 진구,"서면문화로 10, 15층",2026-03-03 00:00:00,051-711-6644,35.1588,129.0576,서면좋은사람안과의원,1012,시,부산,051-711-6600,의원,Y,47256
제주도 제주시,동광로 96,2026-04-01 00:00:00,064-747-1409,33.5052,126.5383,제주복지요양병원,1013,시,제주,064-800-0103,요양병원,Y,63214
경기도 성남시,수정구 성남대로1226번길 5,2026-03-01 00:00:00,050-5723-7522,37.4394,127.1282,인생플란트치과의원,1014,시,경기,031-723-7522,의원,Y,13316
경기도 용인시,기흥구 죽전로 39,2026-03-01 00:00:00,031-263-4601,37.3207,127.1129,연세척마취통증의학과의원,1015,시,경기,031-263-4600,의원,Y,16898
경기도 용인시,"처인구 금령로 86, 3층",2026-03-01 00:00:00,031-337-1313,37.235,127.206,용인서울안과의원,1016,시,경기,031-333-1500,의원,Y,17051
경기도 가평군,조종면 현창로 28-5,2026-03-01 00:00:00,031-585-2827,37.8176,127.3494,신동미소치과의원,1017,군,경기,031-585-2826,의원,Y,12438
경기도 고양시,"일산동구 장백로 194, 7층",2026-03-01 00:00:00,031-906-9113,37.6521,126.7767,신석균사랑내과의원,1018,시,경기,031-906-9111,의원,Y,10414
전남 순천시,둑실1길 7,2026-03-01 00:00:00,061-571-6000,34.9562,127.4918,본치과의원,1019,시,전남,061-752-0100,의원,Y,57943
전남 목포시,연산백련로 4-6,2026-01-01 00:00:00,061-277-0076,34.8178,126.3933,우리치과의원,1020,시,전남,061-277-2874,의원,Y,58763
경기도 남양주시,퇴계원 퇴계원로 20,2026-04-01 00:00:00,031-575-0055,37.6487,127.1411,엘병원,1021,시,경기,1899-3377,병원,Y,12122
서울시 강남구,"영동대로 602, 303호",2026-04-01 00:00:00,02-545-7583,37.5149,127.0604,서울웰이비인후과의원(삼성점),1022,시,서울,02-545-7582,의원,Y,06083
경기도 안성시,공도읍 진전중길 9,2026-04-10 00:00:00,031-656-2101,36.9944,127.1423,허리편한병원,1023,시,경기,031-656-2110,병원,Y,17564
전남 무안군,무안읍 불무로 25,2026-05-01 00:00:00,061-452-1301,34.9868,126.4736,무안베스트통증의학과의원,1024,군,전남,061-452-1300,의원,Y,58529
제주도 제주시,"한림읍 한림중앙로 71, 2층",2026-05-11 00:00:00,064-900-1021,33.4087,126.2668,건강한한림연합내과의원,1025,시,제주,064-900-1017,의원,Y,63028
경북 포항시,흥해읍 새마을로 318-12,2026-06-16 00:00:00,054-261-5055,36.046,129.331,고려대련요양병원,1026,시,경북,054-241-1011,요양병원,Y,37653
경기도 고양시,일산동구 고양대로 760,2026-07-01 00:00:00,031-977-5842,37.6819,126.7800,일산복음병원,1027,시,경기,031-977-5000,병원,Y,10355
서울시 강남구,"영동대로 611, 6층",2026-07-01 00:00:00,02-538-7679,37.5148,127.0594,최형기성공의원,1028,시,서울,02-538-7675,의원,Y,06087
충남 논산시,해월로167번길 2,2026-07-01 00:00:00,041-734-5594,36.2054,127.0853,우리성모안과의원,1029,시,충남,041-734-5575,의원,Y,32968
대전시 중구,"계룡로 935, 1~4층",2026-07-01 00:00:00,070-8240-1010,36.3196,127.4165,일점영안과의원,1030,시,대전,042-345-1010,의원,Y,34946
대전시 동구,"산내로 1329, 2층",2026-07-01 00:00:00,050-4262-5528,36.2819,127.4670,한치과의원,1031,시,대전,042-285-2005,의원,Y,34704
경남 창녕군,"창녕읍 창녕대로 47, 2층",2026-07-06 00:00:00,055-715-2885,35.5400,128.4929,삼성플란트치과의원,1032,군,경남,055-715-2884,의원,Y,50324
경남 의령군 ,의령읍 의병로 22길 13-8,2026-07-06 00:00:00,055-573-4300,35.3189,128.2638,혜성의원,1033,군,경남,055-573-5500,의원,Y,52148
전남 광양시,공영로 77,2026-08-01 00:00:00,061-794-3510,34.9360,127.6977,박안과의원,1034,시,전남,061-794-2510,의원,Y,57788
전남 구례군,구례읍 로터리길 20,2026-08-01 00:00:00,061-782-4322,35.2088,127.4667,삼성치과의원,1035,군,전남,061-782-3222,의원,Y,57642
경남 함안군,"가야읍 남경길 32, 3층",2026-07-13 00:00:00,055-586-2870,35.2787,128.4096,연세미치과의원,1036,군,경남,055-586-2875,의원,Y,52040
경남 창원시,"진해구 냉천로 83, 201호",2026-07-13 00:00:00,055-543-3396,35.1531,128.7062,조은이비인후과,1037,군,경남,055-542-3378,의원,Y,51595
경남 양산시,"서일동로 39, 3층",2026-07-20 00:00:00,055-367-9118,35.3419,129.0372,밝은김안과의원,1038,시,경남,055-367-9116,의원,Y,50621
전북 전주시,완산구 용머리로 32,2026-08-01 00:00:00,063-905-1011,,,연세바른안과의원,1039,시,,063-905-1010,의원,Y,55080
전북 임실군,오수면 삼일로 11,2026-08-01 00:00:00,063-644-2829,35.5396,127.3270,송치과의원,1040,군,전북,063-644-2828,의원,Y,55951
충북 진천군,이월면 반지길 54-0,2026-07-20 00:00:00,043-537-1909,36.8851,127.4375,의료법인진천의료재단 진천효병원,1041,군,충북,070-5180-7797,요양병원,Y,27819
충북 영동군,"영동읍 중앙로 29, 신협 3층",2026-07-20 00:00:00,043-745-7583,36.1750,127.7768,상쾌한이비인후과의원,1042,군,충북,043-745-7582,의원,Y,29145
충북 보은군,"보은읍 보은로 108, 1,2층",2026-07-20 00:00:00,043-544-2876,36.4837,127.7181,서울일층치과의원,1043,군,충북,043-544-2875,의원,Y,28948
